column,design,experiment,logits_max_abs,logits_rel_l2,mismatching_codes,pass,seed_list,seeds,tensors_per_seed,worst_tensor_rel_l2
C_32_10,RESNET18,fullmodel,4.0091114317242216e-07,1.2225736772537944e-07,0,10,42 43 44 45 46 47 48 49 50 51,10,12,2.8966832796711865e-07
C_32_10,RESNET18_TILED,fullmodel,4.0091114317242216e-07,1.2225736772537944e-07,0,10,42 43 44 45 46 47 48 49 50 51,10,12,2.8966832796711865e-07
C_32_10,RESNET34,fullmodel,4.835639817457604e-07,4.0598975765652385e-08,0,10,42 43 44 45 46 47 48 49 50 51,10,20,2.373531587790761e-07
C_32_10,RESNET34_TILED,fullmodel,4.835639817457604e-07,4.0598975765652385e-08,0,10,42 43 44 45 46 47 48 49 50 51,10,20,2.373531587790761e-07
C_32_10,RESNET50,fullmodel,3.961381715988921e-07,1.562731439943218e-07,0,10,42 43 44 45 46 47 48 49 50 51,10,20,5.09074504003167e-07
C_32_10,RESNET50_TILED,fullmodel,3.961381715988921e-07,1.562731439943218e-07,0,10,42 43 44 45 46 47 48 49 50 51,10,20,5.09074504003167e-07
C_32_10,RESNET101,fullmodel,6.53084899049361e-07,5.557057120041753e-08,0,10,42 43 44 45 46 47 48 49 50 51,10,37,4.7162539687630855e-07
C_32_10,RESNET101_TILED,fullmodel,6.53084899049361e-07,5.557057120041753e-08,0,10,42 43 44 45 46 47 48 49 50 51,10,37,4.7162539687630855e-07
C_32_10,RESNET152,fullmodel,1.3261373794648534e-06,1.9311582304522202e-08,0,10,42 43 44 45 46 47 48 49 50 51,10,54,4.518642732782009e-07
C_32_10,RESNET152_TILED,fullmodel,1.3261373794648534e-06,1.9311582304522202e-08,0,10,42 43 44 45 46 47 48 49 50 51,10,54,4.518642732782009e-07
C_32_10,LLAMA3_8B_ctx2048,fullmodel,4.937600972532152e-06,1.0459956087578575e-06,0,3,42 43 44,3,9,1.0459956087578575e-06
