Project,Function,CYCLE,LATENCY,BRAM,DSP,FF,LUT,BRAM_Utilization,LUT_Utilization,FF_Utilization,DSP_Utilization
GEMM_config_M256_K256_N256_UM8_UK8_UN8_ijk_BIAS_False_INLINE_True_COMPORDER_option_1_ap_fixed_32_10_,Overall,150212,1.502 ms,308,544,5183,25664,16.885964912280702,9.36,0.9455268534734385,21.59
GEMM_config_M256_K256_N256_UM8_UK8_UN16_ijk_BIAS_False_INLINE_True_COMPORDER_option_1_ap_fixed_32_10_,Overall,154563,1.546 ms,276,664,13048,50361,15.131578947368421,18.37,2.380326911850555,26.35
GEMM_config_M256_K256_N256_UM8_UK16_UN8_ijk_BIAS_False_INLINE_True_COMPORDER_option_1_ap_fixed_32_10_,Overall,146100,1.461 ms,284,1056,8043,46270,15.570175438596493,16.88,1.4672723292469352,41.9
GEMM_config_M256_K256_N256_UM8_UK16_UN16_ijk_BIAS_False_INLINE_True_COMPORDER_option_1_ap_fixed_32_10_,Overall,142003,1.420 ms,396,1560,10110,66199,21.710526315789476,24.15,1.8443520140105079,61.9
GEMM_config_M256_K256_N256_UM16_UK8_UN8_ijk_BIAS_False_INLINE_True_COMPORDER_option_1_ap_fixed_32_10_,Overall,150196,1.502 ms,300,800,6821,35730,16.447368421052634,13.04,1.2443447168709865,31.75
GEMM_config_M256_K256_N256_UM16_UK8_UN16_ijk_BIAS_False_INLINE_True_COMPORDER_option_1_ap_fixed_32_10_,Overall,154547,1.545 ms,268,792,19646,73107,14.692982456140353,26.67,3.583990075890251,31.43
GEMM_config_M256_K256_N256_UM16_UK16_UN8_ijk_BIAS_False_INLINE_True_COMPORDER_option_1_ap_fixed_32_10_,Overall,146084,1.461 ms,404,1568,9873,65607,22.149122807017545,23.94,1.80111646234676,62.22
GEMM_config_M256_K256_N256_UM16_UK16_UN16_ijk_BIAS_False_INLINE_True_COMPORDER_option_1_ap_fixed_32_10_,Overall,141987,1.420 ms,516,2072,11940,85536,28.289473684210524,31.21,2.178196147110333,82.22
GEMM_config_M256_K256_N512_UM8_UK8_UN8_ijk_BIAS_False_INLINE_True_COMPORDER_option_1_ap_fixed_32_10_,Overall,224260,2.243 ms,436,544,5264,25693,23.903508771929825,9.37,0.9603035610040864,21.59
GEMM_config_M256_K256_N512_UM8_UK8_UN16_ijk_BIAS_False_INLINE_True_COMPORDER_option_1_ap_fixed_32_10_,Overall,224515,2.245 ms,436,664,12168,50262,23.903508771929825,18.34,2.219789842381786,26.35
GEMM_config_M256_K256_N512_UM8_UK16_UN8_ijk_BIAS_False_INLINE_True_COMPORDER_option_1_ap_fixed_32_10_,Overall,220148,2.201 ms,428,1056,7684,46179,23.464912280701753,16.85,1.401780502043199,41.9
GEMM_config_M256_K256_N512_UM8_UK16_UN16_ijk_BIAS_False_INLINE_True_COMPORDER_option_1_ap_fixed_32_10_,Overall,211955,2.120 ms,444,1560,8854,65980,24.342105263157894,24.07,1.6152218330414476,61.9
GEMM_config_M256_K256_N512_UM16_UK8_UN8_ijk_BIAS_False_INLINE_True_COMPORDER_option_1_ap_fixed_32_10_,Overall,224244,2.242 ms,428,800,6902,35759,23.464912280701753,13.05,1.2591214244016344,31.75
GEMM_config_M256_K256_N512_UM16_UK8_UN16_ijk_BIAS_False_INLINE_True_COMPORDER_option_1_ap_fixed_32_10_,Overall,224499,2.245 ms,428,792,18766,73008,23.464912280701753,26.64,3.4234530064214828,31.43
GEMM_config_M256_K256_N512_UM16_UK16_UN8_ijk_BIAS_False_INLINE_True_COMPORDER_option_1_ap_fixed_32_10_,Overall,220132,2.201 ms,548,1568,9514,65516,30.043859649122805,23.9,1.7356246351430238,62.22
GEMM_config_M256_K256_N512_UM16_UK16_UN16_ijk_BIAS_False_INLINE_True_COMPORDER_option_1_ap_fixed_32_10_,Overall,211939,2.119 ms,564,2072,10684,85317,30.92105263157895,31.13,1.9490659661412728,82.22
GEMM_config_M256_K256_N768_UM8_UK8_UN8_ijk_BIAS_False_INLINE_True_COMPORDER_option_1_ap_fixed_32_10_,Overall,298308,2.983 ms,692,544,5339,26065,37.93859649122807,9.51,0.9739856976065383,21.59
GEMM_config_M256_K256_N768_UM8_UK8_UN16_ijk_BIAS_False_INLINE_True_COMPORDER_option_1_ap_fixed_32_10_,Overall,294467,2.945 ms,692,664,12306,50625,37.93859649122807,18.47,2.2449649737302977,26.35
GEMM_config_M256_K256_N768_UM8_UK16_UN8_ijk_BIAS_False_INLINE_True_COMPORDER_option_1_ap_fixed_32_10_,Overall,294196,2.942 ms,684,1056,7822,46822,37.5,17.08,1.4269556333917106,41.9
GEMM_config_M256_K256_N768_UM8_UK16_UN16_ijk_BIAS_False_INLINE_True_COMPORDER_option_1_ap_fixed_32_10_,Overall,281907,2.819 ms,700,1560,9119,66608,38.377192982456144,24.3,1.6635653823701109,61.9
GEMM_config_M256_K256_N768_UM16_UK8_UN8_ijk_BIAS_False_INLINE_True_COMPORDER_option_1_ap_fixed_32_10_,Overall,298292,2.983 ms,684,800,6977,36131,37.5,13.18,1.2728035610040864,31.75
GEMM_config_M256_K256_N768_UM16_UK8_UN16_ijk_BIAS_False_INLINE_True_COMPORDER_option_1_ap_fixed_32_10_,Overall,294451,2.945 ms,684,792,18904,73371,37.5,26.77,3.4486281377699943,31.43
GEMM_config_M256_K256_N768_UM16_UK16_UN8_ijk_BIAS_False_INLINE_True_COMPORDER_option_1_ap_fixed_32_10_,Overall,294180,2.942 ms,804,1568,9652,66159,44.07894736842105,24.14,1.7607997664915351,62.22
GEMM_config_M256_K256_N768_UM16_UK16_UN16_ijk_BIAS_False_INLINE_True_COMPORDER_option_1_ap_fixed_32_10_,Overall,281891,2.819 ms,820,2072,10949,85945,44.95614035087719,31.36,1.9974095154699358,82.22
GEMM_config_M256_K256_N1024_UM8_UK8_UN8_ijk_BIAS_False_INLINE_True_COMPORDER_option_1_ap_fixed_32_10_,Overall,372356,3.724 ms,692,544,5345,25709,37.93859649122807,9.38,0.9750802685347344,21.59
GEMM_config_M256_K256_N1024_UM8_UK8_UN16_ijk_BIAS_False_INLINE_True_COMPORDER_option_1_ap_fixed_32_10_,Overall,364419,3.644 ms,692,664,12312,50278,37.93859649122807,18.34,2.246059544658494,26.35
GEMM_config_M256_K256_N1024_UM8_UK16_UN8_ijk_BIAS_False_INLINE_True_COMPORDER_option_1_ap_fixed_32_10_,Overall,368244,3.682 ms,684,1056,7837,46203,37.5,16.86,1.4296920607122008,41.9
GEMM_config_M256_K256_N1024_UM8_UK16_UN16_ijk_BIAS_False_INLINE_True_COMPORDER_option_1_ap_fixed_32_10_,Overall,351859,3.519 ms,700,1560,9134,66004,38.377192982456144,24.08,1.6663018096906013,61.9
GEMM_config_M256_K256_N1024_UM16_UK8_UN8_ijk_BIAS_False_INLINE_True_COMPORDER_option_1_ap_fixed_32_10_,Overall,372340,3.723 ms,684,800,6983,35775,37.5,13.05,1.2738981319322824,31.75
GEMM_config_M256_K256_N1024_UM16_UK8_UN16_ijk_BIAS_False_INLINE_True_COMPORDER_option_1_ap_fixed_32_10_,Overall,364403,3.644 ms,684,792,18910,73024,37.5,26.64,3.4497227086981908,31.43
GEMM_config_M256_K256_N1024_UM16_UK16_UN8_ijk_BIAS_False_INLINE_True_COMPORDER_option_1_ap_fixed_32_10_,Overall,368228,3.682 ms,804,1568,9667,65540,44.07894736842105,23.91,1.7635361938120258,62.22
GEMM_config_M256_K256_N1024_UM16_UK16_UN16_ijk_BIAS_False_INLINE_True_COMPORDER_option_1_ap_fixed_32_10_,Overall,351843,3.518 ms,820,2072,10964,85341,44.95614035087719,31.14,2.000145942790426,82.22
GEMM_config_M256_K512_N256_UM8_UK8_UN8_ijk_BIAS_False_INLINE_True_COMPORDER_option_1_ap_fixed_32_10_,Overall,298724,2.987 ms,564,544,5265,25683,30.92105263157895,9.37,0.9604859894921192,21.59
GEMM_config_M256_K512_N256_UM8_UK8_UN16_ijk_BIAS_False_INLINE_True_COMPORDER_option_1_ap_fixed_32_10_,Overall,307171,3.072 ms,564,664,12298,50252,30.92105263157895,18.33,2.2435055458260362,26.35
GEMM_config_M256_K512_N256_UM8_UK16_UN8_ijk_BIAS_False_INLINE_True_COMPORDER_option_1_ap_fixed_32_10_,Overall,290500,2.905 ms,572,1056,7197,46161,31.359649122807014,16.84,1.3129378283712785,41.9
GEMM_config_M256_K512_N256_UM8_UK16_UN16_ijk_BIAS_False_INLINE_True_COMPORDER_option_1_ap_fixed_32_10_,Overall,282307,2.823 ms,556,1560,9232,66090,30.482456140350877,24.11,1.684179801517805,61.9
GEMM_config_M256_K512_N256_UM16_UK8_UN8_ijk_BIAS_False_INLINE_True_COMPORDER_option_1_ap_fixed_32_10_,Overall,298708,2.987 ms,556,800,6975,35757,30.482456140350877,13.05,1.272438704028021,31.75
GEMM_config_M256_K512_N256_UM16_UK8_UN16_ijk_BIAS_False_INLINE_True_COMPORDER_option_1_ap_fixed_32_10_,Overall,307155,3.072 ms,556,792,19160,73006,30.482456140350877,26.64,3.495329830706363,31.43
GEMM_config_M256_K512_N256_UM16_UK16_UN8_ijk_BIAS_False_INLINE_True_COMPORDER_option_1_ap_fixed_32_10_,Overall,290484,2.905 ms,564,1568,9163,65506,30.92105263157895,23.9,1.6715922358435493,62.22
GEMM_config_M256_K512_N256_UM16_UK16_UN16_ijk_BIAS_False_INLINE_True_COMPORDER_option_1_ap_fixed_32_10_,Overall,282291,2.823 ms,548,2072,11198,85435,30.043859649122805,31.17,2.042834208990076,82.22
GEMM_config_M256_K512_N768_UM8_UK8_UN8_ijk_BIAS_False_INLINE_True_COMPORDER_option_1_ap_fixed_32_10_,Overall,594276,5.943 ms,1204,544,5422,26093,66.00877192982456,9.52,0.9891272621132516,21.59
GEMM_config_M256_K512_N768_UM8_UK8_UN16_ijk_BIAS_False_INLINE_True_COMPORDER_option_1_ap_fixed_32_10_,Overall,586339,5.863 ms,1364,664,11557,50525,74.78070175438597,18.43,2.1083260361938123,26.35
GEMM_config_M256_K512_N768_UM8_UK16_UN8_ijk_BIAS_False_INLINE_True_COMPORDER_option_1_ap_fixed_32_10_,Overall,586052,5.861 ms,1356,1056,6978,46730,74.3421052631579,17.05,1.2729859894921192,41.9
GEMM_config_M256_K512_N768_UM8_UK16_UN16_ijk_BIAS_False_INLINE_True_COMPORDER_option_1_ap_fixed_32_10_,Overall,561475,5.615 ms,1372,1560,8242,66514,75.21929824561403,24.27,1.5035755983654409,61.9
GEMM_config_M256_K512_N768_UM16_UK8_UN8_ijk_BIAS_False_INLINE_True_COMPORDER_option_1_ap_fixed_32_10_,Overall,594260,5.943 ms,1196,800,7132,36167,65.5701754385965,13.2,1.3010799766491534,31.75
GEMM_config_M256_K512_N768_UM16_UK8_UN16_ijk_BIAS_False_INLINE_True_COMPORDER_option_1_ap_fixed_32_10_,Overall,586323,5.863 ms,1356,792,18419,73279,74.3421052631579,26.74,3.360150321074139,31.43
GEMM_config_M256_K512_N768_UM16_UK16_UN8_ijk_BIAS_False_INLINE_True_COMPORDER_option_1_ap_fixed_32_10_,Overall,586036,5.860 ms,1348,1568,8944,66075,73.90350877192982,24.11,1.63164039696439,62.22
GEMM_config_M256_K512_N768_UM16_UK16_UN16_ijk_BIAS_False_INLINE_True_COMPORDER_option_1_ap_fixed_32_10_,Overall,561459,5.615 ms,1364,2072,10208,85859,74.78070175438597,31.33,1.8622300058377117,82.22
GEMM_config_M256_K512_N1024_UM8_UK8_UN8_ijk_BIAS_False_INLINE_True_COMPORDER_option_1_ap_fixed_32_10_,Overall,742052,7.421 ms,1332,544,5427,25728,73.02631578947368,9.39,0.9900394045534151,21.59
GEMM_config_M256_K512_N1024_UM8_UK8_UN16_ijk_BIAS_False_INLINE_True_COMPORDER_option_1_ap_fixed_32_10_,Overall,725923,7.259 ms,1364,664,11562,50169,74.78070175438597,18.3,2.1092381786339756,26.35
GEMM_config_M256_K512_N1024_UM8_UK16_UN8_ijk_BIAS_False_INLINE_True_COMPORDER_option_1_ap_fixed_32_10_,Overall,733828,7.338 ms,1356,1056,6992,46094,74.3421052631579,16.82,1.2755399883245766,41.9
GEMM_config_M256_K512_N1024_UM8_UK16_UN16_ijk_BIAS_False_INLINE_True_COMPORDER_option_1_ap_fixed_32_10_,Overall,701059,7.011 ms,1372,1560,8256,65895,75.21929824561403,24.04,1.5061295971978983,61.9
GEMM_config_M256_K512_N1024_UM16_UK8_UN8_ijk_BIAS_False_INLINE_True_COMPORDER_option_1_ap_fixed_32_10_,Overall,742036,7.420 ms,1324,800,7137,35802,72.58771929824562,13.06,1.301992119089317,31.75
GEMM_config_M256_K512_N1024_UM16_UK8_UN16_ijk_BIAS_False_INLINE_True_COMPORDER_option_1_ap_fixed_32_10_,Overall,725907,7.259 ms,1356,792,18424,72923,74.3421052631579,26.61,3.361062463514303,31.43
GEMM_config_M256_K512_N1024_UM16_UK16_UN8_ijk_BIAS_False_INLINE_True_COMPORDER_option_1_ap_fixed_32_10_,Overall,733812,7.338 ms,1348,1568,8958,65439,73.90350877192982,23.88,1.6341943957968477,62.22
GEMM_config_M256_K512_N1024_UM16_UK16_UN16_ijk_BIAS_False_INLINE_True_COMPORDER_option_1_ap_fixed_32_10_,Overall,701043,7.010 ms,1364,2072,10222,85240,74.78070175438597,31.1,1.8647840046701694,82.22
GEMM_config_M256_K768_N256_UM8_UK8_UN8_ijk_BIAS_False_INLINE_True_COMPORDER_option_1_ap_fixed_32_10_,Overall,447236,4.472 ms,1076,544,5404,26053,58.99122807017544,9.51,0.9858435493286632,21.59
GEMM_config_M256_K768_N256_UM8_UK8_UN16_ijk_BIAS_False_INLINE_True_COMPORDER_option_1_ap_fixed_32_10_,Overall,459779,4.598 ms,1076,664,12629,50622,58.99122807017544,18.47,2.303889375364857,26.35
GEMM_config_M256_K768_N256_UM8_UK16_UN8_ijk_BIAS_False_INLINE_True_COMPORDER_option_1_ap_fixed_32_10_,Overall,434900,4.349 ms,1084,1056,7400,46522,59.42982456140351,16.97,1.3499708114419147,41.9
GEMM_config_M256_K768_N256_UM8_UK16_UN16_ijk_BIAS_False_INLINE_True_COMPORDER_option_1_ap_fixed_32_10_,Overall,422611,4.226 ms,1068,1560,9435,66451,58.55263157894737,24.25,1.7212127845884413,61.9
GEMM_config_M256_K768_N256_UM16_UK8_UN8_ijk_BIAS_False_INLINE_True_COMPORDER_option_1_ap_fixed_32_10_,Overall,447220,4.472 ms,1068,800,7177,36398,58.55263157894737,13.28,1.3092892586106246,31.75
GEMM_config_M256_K768_N256_UM16_UK8_UN16_ijk_BIAS_False_INLINE_True_COMPORDER_option_1_ap_fixed_32_10_,Overall,459763,4.598 ms,1068,792,19746,73647,58.55263157894737,26.87,3.60223292469352,31.43
GEMM_config_M256_K768_N256_UM16_UK16_UN8_ijk_BIAS_False_INLINE_True_COMPORDER_option_1_ap_fixed_32_10_,Overall,434884,4.349 ms,1076,1568,9493,66132,58.99122807017544,24.13,1.7317936368943374,62.22
GEMM_config_M256_K768_N256_UM16_UK16_UN16_ijk_BIAS_False_INLINE_True_COMPORDER_option_1_ap_fixed_32_10_,Overall,422595,4.226 ms,1060,2072,11528,86061,58.114035087719294,31.4,2.103035610040864,82.22
GEMM_config_M256_K768_N512_UM8_UK8_UN8_ijk_BIAS_False_INLINE_True_COMPORDER_option_1_ap_fixed_32_10_,Overall,668740,6.687 ms,1460,544,5485,26082,80.04385964912281,9.52,1.0006202568593112,21.59
GEMM_config_M256_K768_N512_UM8_UK8_UN16_ijk_BIAS_False_INLINE_True_COMPORDER_option_1_ap_fixed_32_10_,Overall,668995,6.690 ms,1620,664,11749,50523,88.81578947368422,18.43,2.1433523058960886,26.35
GEMM_config_M256_K768_N512_UM8_UK16_UN8_ijk_BIAS_False_INLINE_True_COMPORDER_option_1_ap_fixed_32_10_,Overall,656404,6.564 ms,1612,1056,7042,46431,88.37719298245614,16.94,1.2846614127262113,41.9
GEMM_config_M256_K768_N512_UM8_UK16_UN16_ijk_BIAS_False_INLINE_True_COMPORDER_option_1_ap_fixed_32_10_,Overall,631827,6.318 ms,1628,1560,8179,66232,89.25438596491229,24.17,1.4920826036193813,61.9
GEMM_config_M256_K768_N512_UM16_UK8_UN8_ijk_BIAS_False_INLINE_True_COMPORDER_option_1_ap_fixed_32_10_,Overall,668724,6.687 ms,1452,800,7258,36427,79.60526315789474,13.29,1.3240659661412726,31.75
GEMM_config_M256_K768_N512_UM16_UK8_UN16_ijk_BIAS_False_INLINE_True_COMPORDER_option_1_ap_fixed_32_10_,Overall,668979,6.690 ms,1612,792,18866,73548,88.37719298245614,26.83,3.4416958552247516,31.43
GEMM_config_M256_K768_N512_UM16_UK16_UN8_ijk_BIAS_False_INLINE_True_COMPORDER_option_1_ap_fixed_32_10_,Overall,656388,6.564 ms,1604,1568,9135,66041,87.93859649122807,24.1,1.6664842381786342,62.22
GEMM_config_M256_K768_N512_UM16_UK16_UN16_ijk_BIAS_False_INLINE_True_COMPORDER_option_1_ap_fixed_32_10_,Overall,631811,6.318 ms,1620,2072,10272,85842,88.81578947368422,31.32,1.8739054290718038,82.22
GEMM_config_M256_K768_N1024_UM8_UK8_UN8_ijk_BIAS_False_INLINE_True_COMPORDER_option_1_ap_fixed_32_10_,Overall,1111748,11.117 ms,2100,544,5566,26098,115.13157894736842,9.52,1.0153969643899592,21.59
GEMM_config_M256_K768_N1024_UM8_UK8_UN16_ijk_BIAS_False_INLINE_True_COMPORDER_option_1_ap_fixed_32_10_,Overall,1087427,10.874 ms,2388,664,11893,50539,130.92105263157893,18.44,2.169622008172796,26.35
GEMM_config_M256_K768_N1024_UM8_UK16_UN8_ijk_BIAS_False_INLINE_True_COMPORDER_option_1_ap_fixed_32_10_,Overall,1099412,10.994 ms,2380,1056,7196,46455,130.48245614035088,16.95,1.3127553998832457,41.9
GEMM_config_M256_K768_N1024_UM8_UK16_UN16_ijk_BIAS_False_INLINE_True_COMPORDER_option_1_ap_fixed_32_10_,Overall,1050259,10.503 ms,2652,1560,8459,66256,145.39473684210526,24.17,1.5431625802685347,61.9
GEMM_config_M256_K768_N1024_UM16_UK8_UN8_ijk_BIAS_False_INLINE_True_COMPORDER_option_1_ap_fixed_32_10_,Overall,1111732,11.117 ms,2092,800,7339,36443,114.69298245614034,13.3,1.3388426736719206,31.75
GEMM_config_M256_K768_N1024_UM16_UK8_UN16_ijk_BIAS_False_INLINE_True_COMPORDER_option_1_ap_fixed_32_10_,Overall,1087411,10.874 ms,2380,792,19010,73564,130.48245614035088,26.84,3.4679655575014596,31.43
GEMM_config_M256_K768_N1024_UM16_UK16_UN8_ijk_BIAS_False_INLINE_True_COMPORDER_option_1_ap_fixed_32_10_,Overall,1099396,10.994 ms,2372,1568,9289,66065,130.04385964912282,24.1,1.6945782253356685,62.22
GEMM_config_M256_K768_N1024_UM16_UK16_UN16_ijk_BIAS_False_INLINE_True_COMPORDER_option_1_ap_fixed_32_10_,Overall,1050243,10.502 ms,2644,2072,10552,85866,144.95614035087718,31.33,1.9249854057209574,82.22
GEMM_config_M256_K1024_N256_UM8_UK8_UN8_ijk_BIAS_False_INLINE_True_COMPORDER_option_1_ap_fixed_32_10_,Overall,595748,5.957 ms,1076,544,5347,25700,58.99122807017544,9.38,0.9754451255107998,21.59
GEMM_config_M256_K1024_N256_UM8_UK8_UN16_ijk_BIAS_False_INLINE_True_COMPORDER_option_1_ap_fixed_32_10_,Overall,612387,6.124 ms,1076,664,12572,50269,58.99122807017544,18.34,2.293490951546994,26.35
GEMM_config_M256_K1024_N256_UM8_UK16_UN8_ijk_BIAS_False_INLINE_True_COMPORDER_option_1_ap_fixed_32_10_,Overall,579300,5.793 ms,1084,1056,7343,46178,59.42982456140351,16.85,1.3395723876240515,41.9
GEMM_config_M256_K1024_N256_UM8_UK16_UN16_ijk_BIAS_False_INLINE_True_COMPORDER_option_1_ap_fixed_32_10_,Overall,562915,5.629 ms,1068,1560,9378,66107,58.55263157894737,24.12,1.7108143607705781,61.9
GEMM_config_M256_K1024_N256_UM16_UK8_UN8_ijk_BIAS_False_INLINE_True_COMPORDER_option_1_ap_fixed_32_10_,Overall,595732,5.957 ms,1068,800,7129,35782,58.55263157894737,13.06,1.3005326911850554,31.75
GEMM_config_M256_K1024_N256_UM16_UK8_UN16_ijk_BIAS_False_INLINE_True_COMPORDER_option_1_ap_fixed_32_10_,Overall,612371,6.124 ms,1068,792,19698,73031,58.55263157894737,26.65,3.593476357267951,31.43
GEMM_config_M256_K1024_N256_UM16_UK16_UN8_ijk_BIAS_False_INLINE_True_COMPORDER_option_1_ap_fixed_32_10_,Overall,579284,5.793 ms,1076,1568,9445,65531,58.99122807017544,23.91,1.723037069468768,62.22
GEMM_config_M256_K1024_N256_UM16_UK16_UN16_ijk_BIAS_False_INLINE_True_COMPORDER_option_1_ap_fixed_32_10_,Overall,562899,5.629 ms,1060,2072,11480,85460,58.114035087719294,31.18,2.094279042615295,82.22
GEMM_config_M256_K1024_N512_UM8_UK8_UN8_ijk_BIAS_False_INLINE_True_COMPORDER_option_1_ap_fixed_32_10_,Overall,890980,8.910 ms,1588,544,5428,25729,87.06140350877193,9.39,0.9902218330414478,21.59
GEMM_config_M256_K1024_N512_UM8_UK8_UN16_ijk_BIAS_False_INLINE_True_COMPORDER_option_1_ap_fixed_32_10_,Overall,891235,8.912 ms,1620,664,11692,50170,88.81578947368422,18.3,2.1329538820782252,26.35
GEMM_config_M256_K1024_N512_UM8_UK16_UN8_ijk_BIAS_False_INLINE_True_COMPORDER_option_1_ap_fixed_32_10_,Overall,874532,8.745 ms,1612,1056,6985,46087,88.37719298245614,16.82,1.2742629889083479,41.9
GEMM_config_M256_K1024_N512_UM8_UK16_UN16_ijk_BIAS_False_INLINE_True_COMPORDER_option_1_ap_fixed_32_10_,Overall,841763,8.418 ms,1628,1560,8122,65888,89.25438596491229,24.04,1.4816841798015177,61.9
GEMM_config_M256_K1024_N512_UM16_UK8_UN8_ijk_BIAS_False_INLINE_True_COMPORDER_option_1_ap_fixed_32_10_,Overall,890964,8.910 ms,1580,800,7210,35811,86.62280701754386,13.07,1.3153093987157034,31.75
GEMM_config_M256_K1024_N512_UM16_UK8_UN16_ijk_BIAS_False_INLINE_True_COMPORDER_option_1_ap_fixed_32_10_,Overall,891219,8.912 ms,1612,792,18818,72932,88.37719298245614,26.61,3.4329392877991824,31.43
GEMM_config_M256_K1024_N512_UM16_UK16_UN8_ijk_BIAS_False_INLINE_True_COMPORDER_option_1_ap_fixed_32_10_,Overall,874516,8.745 ms,1604,1568,9087,65440,87.93859649122807,23.88,1.6577276707530646,62.22
GEMM_config_M256_K1024_N512_UM16_UK16_UN16_ijk_BIAS_False_INLINE_True_COMPORDER_option_1_ap_fixed_32_10_,Overall,841747,8.417 ms,1620,2072,10224,85241,88.81578947368422,31.1,1.8651488616462348,82.22
GEMM_config_M256_K1024_N768_UM8_UK8_UN8_ijk_BIAS_False_INLINE_True_COMPORDER_option_1_ap_fixed_32_10_,Overall,1186212,11.862 ms,2100,544,5505,26117,115.13157894736842,9.53,1.004268826619965,21.59
GEMM_config_M256_K1024_N768_UM8_UK8_UN16_ijk_BIAS_False_INLINE_True_COMPORDER_option_1_ap_fixed_32_10_,Overall,1170083,11.701 ms,2388,664,11832,50551,130.92105263157893,18.44,2.1584938704028023,26.35
GEMM_config_M256_K1024_N768_UM8_UK16_UN8_ijk_BIAS_False_INLINE_True_COMPORDER_option_1_ap_fixed_32_10_,Overall,1169764,11.698 ms,2380,1056,7126,46764,130.48245614035088,17.06,1.2999854057209574,41.9
GEMM_config_M256_K1024_N768_UM8_UK16_UN16_ijk_BIAS_False_INLINE_True_COMPORDER_option_1_ap_fixed_32_10_,Overall,1120611,11.206 ms,2652,1560,8389,66548,145.39473684210526,24.28,1.5303925861062464,61.9
GEMM_config_M256_K1024_N768_UM16_UK8_UN8_ijk_BIAS_False_INLINE_True_COMPORDER_option_1_ap_fixed_32_10_,Overall,1186196,11.862 ms,2092,800,7287,36199,114.69298245614034,13.21,1.3293563922942206,31.75
GEMM_config_M256_K1024_N768_UM16_UK8_UN16_ijk_BIAS_False_INLINE_True_COMPORDER_option_1_ap_fixed_32_10_,Overall,1170067,11.701 ms,2380,792,18958,73313,130.48245614035088,26.75,3.4584792761237595,31.43
GEMM_config_M256_K1024_N768_UM16_UK16_UN8_ijk_BIAS_False_INLINE_True_COMPORDER_option_1_ap_fixed_32_10_,Overall,1169748,11.697 ms,2372,1568,9228,66117,130.04385964912282,24.12,1.6834500875656744,62.22
GEMM_config_M256_K1024_N768_UM16_UK16_UN16_ijk_BIAS_False_INLINE_True_COMPORDER_option_1_ap_fixed_32_10_,Overall,1120595,11.206 ms,2644,2072,10491,85901,144.95614035087718,31.34,1.9138572679509631,82.22
GEMM_config_M512_K256_N512_UM8_UK8_UN8_ijk_BIAS_False_INLINE_True_COMPORDER_option_1_ap_fixed_32_10_,Overall,299300,2.993 ms,564,544,5273,25688,30.92105263157895,9.37,0.9619454173963806,21.59
GEMM_config_M512_K256_N512_UM8_UK8_UN16_ijk_BIAS_False_INLINE_True_COMPORDER_option_1_ap_fixed_32_10_,Overall,308003,3.080 ms,564,664,12177,50257,30.92105263157895,18.34,2.2214316987740808,26.35
GEMM_config_M512_K256_N512_UM8_UK16_UN8_ijk_BIAS_False_INLINE_True_COMPORDER_option_1_ap_fixed_32_10_,Overall,291092,2.911 ms,556,1056,7693,46174,30.482456140350877,16.85,1.4034223584354932,41.9
GEMM_config_M512_K256_N512_UM8_UK16_UN16_ijk_BIAS_False_INLINE_True_COMPORDER_option_1_ap_fixed_32_10_,Overall,282899,2.829 ms,572,1560,8863,65975,31.359649122807014,24.07,1.616863689433742,61.9
GEMM_config_M512_K256_N512_UM16_UK8_UN8_ijk_BIAS_False_INLINE_True_COMPORDER_option_1_ap_fixed_32_10_,Overall,299268,2.993 ms,572,800,6399,35626,31.359649122807014,13.0,1.167359894921191,31.75
GEMM_config_M512_K256_N512_UM16_UK8_UN16_ijk_BIAS_False_INLINE_True_COMPORDER_option_1_ap_fixed_32_10_,Overall,307971,3.080 ms,572,792,18263,72875,31.359649122807014,26.59,3.3316914769410393,31.43
GEMM_config_M512_K256_N512_UM16_UK16_UN8_ijk_BIAS_False_INLINE_True_COMPORDER_option_1_ap_fixed_32_10_,Overall,291060,2.911 ms,564,1568,9011,65383,30.92105263157895,23.86,1.6438631056625803,62.22
GEMM_config_M512_K256_N512_UM16_UK16_UN16_ijk_BIAS_False_INLINE_True_COMPORDER_option_1_ap_fixed_32_10_,Overall,282867,2.829 ms,580,2072,10181,85184,31.798245614035086,31.08,1.857304436660829,82.22
GEMM_config_M512_K256_N768_UM8_UK8_UN8_ijk_BIAS_False_INLINE_True_COMPORDER_option_1_ap_fixed_32_10_,Overall,373348,3.733 ms,820,544,5348,26072,44.95614035087719,9.51,0.9756275539988325,21.59
GEMM_config_M512_K256_N768_UM8_UK8_UN16_ijk_BIAS_False_INLINE_True_COMPORDER_option_1_ap_fixed_32_10_,Overall,377955,3.780 ms,820,664,12315,50632,44.95614035087719,18.47,2.246606830122592,26.35
GEMM_config_M512_K256_N768_UM8_UK16_UN8_ijk_BIAS_False_INLINE_True_COMPORDER_option_1_ap_fixed_32_10_,Overall,365140,3.651 ms,812,1056,7831,46829,44.51754385964912,17.09,1.4285974897840048,41.9
GEMM_config_M512_K256_N768_UM8_UK16_UN16_ijk_BIAS_False_INLINE_True_COMPORDER_option_1_ap_fixed_32_10_,Overall,352851,3.529 ms,828,1560,9128,66615,45.39473684210527,24.3,1.665207238762405,61.9
GEMM_config_M512_K256_N768_UM16_UK8_UN8_ijk_BIAS_False_INLINE_True_COMPORDER_option_1_ap_fixed_32_10_,Overall,373316,3.733 ms,828,800,6474,36010,45.39473684210527,13.14,1.1810420315236427,31.75
GEMM_config_M512_K256_N768_UM16_UK8_UN16_ijk_BIAS_False_INLINE_True_COMPORDER_option_1_ap_fixed_32_10_,Overall,377923,3.779 ms,828,792,18401,73250,45.39473684210527,26.73,3.356866608289551,31.43
GEMM_config_M512_K256_N768_UM16_UK16_UN8_ijk_BIAS_False_INLINE_True_COMPORDER_option_1_ap_fixed_32_10_,Overall,365108,3.651 ms,820,1568,9149,66038,44.95614035087719,24.09,1.6690382370110917,62.22
GEMM_config_M512_K256_N768_UM16_UK16_UN16_ijk_BIAS_False_INLINE_True_COMPORDER_option_1_ap_fixed_32_10_,Overall,352819,3.528 ms,836,2072,10446,85824,45.83333333333333,31.31,1.905647985989492,82.22
GEMM_config_M512_K256_N1024_UM8_UK8_UN8_ijk_BIAS_False_INLINE_True_COMPORDER_option_1_ap_fixed_32_10_,Overall,447396,4.474 ms,820,544,5354,25716,44.95614035087719,9.38,0.9767221249270286,21.59
GEMM_config_M512_K256_N1024_UM8_UK8_UN16_ijk_BIAS_False_INLINE_True_COMPORDER_option_1_ap_fixed_32_10_,Overall,447907,4.479 ms,820,664,12321,50285,44.95614035087719,18.35,2.247701401050788,26.35
GEMM_config_M512_K256_N1024_UM8_UK16_UN8_ijk_BIAS_False_INLINE_True_COMPORDER_option_1_ap_fixed_32_10_,Overall,439188,4.392 ms,812,1056,7846,46210,44.51754385964912,16.86,1.431333917104495,41.9
GEMM_config_M512_K256_N1024_UM8_UK16_UN16_ijk_BIAS_False_INLINE_True_COMPORDER_option_1_ap_fixed_32_10_,Overall,422803,4.228 ms,828,1560,9143,66011,45.39473684210527,24.08,1.6679436660828957,61.9
GEMM_config_M512_K256_N1024_UM16_UK8_UN8_ijk_BIAS_False_INLINE_True_COMPORDER_option_1_ap_fixed_32_10_,Overall,447364,4.474 ms,828,800,6480,35654,45.39473684210527,13.01,1.182136602451839,31.75
GEMM_config_M512_K256_N1024_UM16_UK8_UN16_ijk_BIAS_False_INLINE_True_COMPORDER_option_1_ap_fixed_32_10_,Overall,447875,4.479 ms,828,792,18407,72903,45.39473684210527,26.6,3.3579611792177464,31.43
GEMM_config_M512_K256_N1024_UM16_UK16_UN8_ijk_BIAS_False_INLINE_True_COMPORDER_option_1_ap_fixed_32_10_,Overall,439156,4.392 ms,820,1568,9164,65419,44.95614035087719,23.87,1.6717746643315818,62.22
GEMM_config_M512_K256_N1024_UM16_UK16_UN16_ijk_BIAS_False_INLINE_True_COMPORDER_option_1_ap_fixed_32_10_,Overall,422771,4.228 ms,836,2072,10461,85220,45.83333333333333,31.09,1.9083844133099825,82.22
GEMM_config_M512_K512_N256_UM8_UK8_UN8_ijk_BIAS_False_INLINE_True_COMPORDER_option_1_ap_fixed_32_10_,Overall,447492,4.475 ms,820,544,5274,25702,44.95614035087719,9.38,0.9621278458844134,21.59
GEMM_config_M512_K512_N256_UM8_UK8_UN16_ijk_BIAS_False_INLINE_True_COMPORDER_option_1_ap_fixed_32_10_,Overall,472579,4.726 ms,820,664,12307,50271,44.95614035087719,18.34,2.2451474022183304,26.35
GEMM_config_M512_K512_N256_UM8_UK16_UN8_ijk_BIAS_False_INLINE_True_COMPORDER_option_1_ap_fixed_32_10_,Overall,431076,4.311 ms,828,1056,7206,46180,45.39473684210527,16.85,1.3145796847635727,41.9
GEMM_config_M512_K512_N256_UM8_UK16_UN16_ijk_BIAS_False_INLINE_True_COMPORDER_option_1_ap_fixed_32_10_,Overall,422883,4.229 ms,812,1560,9241,66109,44.51754385964912,24.12,1.685821657910099,61.9
GEMM_config_M512_K512_N256_UM16_UK8_UN8_ijk_BIAS_False_INLINE_True_COMPORDER_option_1_ap_fixed_32_10_,Overall,447460,4.475 ms,828,800,6472,35648,45.39473684210527,13.01,1.1806771745475775,31.75
GEMM_config_M512_K512_N256_UM16_UK8_UN16_ijk_BIAS_False_INLINE_True_COMPORDER_option_1_ap_fixed_32_10_,Overall,472547,4.725 ms,828,792,18657,72897,45.39473684210527,26.6,3.4035683012259197,31.43
GEMM_config_M512_K512_N256_UM16_UK16_UN8_ijk_BIAS_False_INLINE_True_COMPORDER_option_1_ap_fixed_32_10_,Overall,431044,4.310 ms,836,1568,8660,65397,45.83333333333333,23.86,1.5798307063631056,62.22
GEMM_config_M512_K512_N256_UM16_UK16_UN16_ijk_BIAS_False_INLINE_True_COMPORDER_option_1_ap_fixed_32_10_,Overall,422851,4.229 ms,820,2072,10695,85326,44.95614035087719,31.13,1.951072679509632,82.22
GEMM_config_M512_K512_N512_UM8_UK8_UN8_ijk_BIAS_False_INLINE_True_COMPORDER_option_1_ap_fixed_32_10_,Overall,595268,5.953 ms,1076,544,5355,25707,58.99122807017544,9.38,0.9769045534150613,21.59
GEMM_config_M512_K512_N512_UM8_UK8_UN16_ijk_BIAS_False_INLINE_True_COMPORDER_option_1_ap_fixed_32_10_,Overall,612163,6.122 ms,1108,664,11427,50148,60.74561403508771,18.3,2.084610332749562,26.35
GEMM_config_M512_K512_N512_UM8_UK16_UN8_ijk_BIAS_False_INLINE_True_COMPORDER_option_1_ap_fixed_32_10_,Overall,578852,5.789 ms,1100,1056,6848,46065,60.30701754385965,16.81,1.2492702860478693,41.9
GEMM_config_M512_K512_N512_UM8_UK16_UN16_ijk_BIAS_False_INLINE_True_COMPORDER_option_1_ap_fixed_32_10_,Overall,562467,5.625 ms,1116,1560,7985,65866,61.18421052631579,24.03,1.456691476941039,61.9
GEMM_config_M512_K512_N512_UM16_UK8_UN8_ijk_BIAS_False_INLINE_True_COMPORDER_option_1_ap_fixed_32_10_,Overall,595236,5.952 ms,1084,800,6553,35653,59.42982456140351,13.01,1.1954538820782254,31.75
GEMM_config_M512_K512_N512_UM16_UK8_UN16_ijk_BIAS_False_INLINE_True_COMPORDER_option_1_ap_fixed_32_10_,Overall,612131,6.121 ms,1116,792,17777,72774,61.18421052631579,26.55,3.2430312317571515,31.43
GEMM_config_M512_K512_N512_UM16_UK16_UN8_ijk_BIAS_False_INLINE_True_COMPORDER_option_1_ap_fixed_32_10_,Overall,578820,5.788 ms,1108,1568,8302,65282,60.74561403508771,23.82,1.5145213076474022,62.22
GEMM_config_M512_K512_N512_UM16_UK16_UN16_ijk_BIAS_False_INLINE_True_COMPORDER_option_1_ap_fixed_32_10_,Overall,562435,5.624 ms,1124,2072,9439,85083,61.622807017543856,31.04,1.721942498540572,82.22
GEMM_config_M512_K512_N768_UM8_UK8_UN8_ijk_BIAS_False_INLINE_True_COMPORDER_option_1_ap_fixed_32_10_,Overall,743044,7.430 ms,1460,544,5431,26100,80.04385964912281,9.52,0.9907691185055458,21.59
GEMM_config_M512_K512_N768_UM8_UK8_UN16_ijk_BIAS_False_INLINE_True_COMPORDER_option_1_ap_fixed_32_10_,Overall,751747,7.517 ms,1620,664,11566,50532,88.81578947368422,18.44,2.109967892586106,26.35
GEMM_config_M512_K512_N768_UM8_UK16_UN8_ijk_BIAS_False_INLINE_True_COMPORDER_option_1_ap_fixed_32_10_,Overall,726628,7.266 ms,1612,1056,6987,46737,88.37719298245614,17.05,1.2746278458844134,41.9
GEMM_config_M512_K512_N768_UM8_UK16_UN16_ijk_BIAS_False_INLINE_True_COMPORDER_option_1_ap_fixed_32_10_,Overall,702051,7.021 ms,1628,1560,8251,66521,89.25438596491229,24.27,1.505217454757735,61.9
GEMM_config_M512_K512_N768_UM16_UK8_UN8_ijk_BIAS_False_INLINE_True_COMPORDER_option_1_ap_fixed_32_10_,Overall,743012,7.430 ms,1468,800,6629,36046,80.48245614035088,13.15,1.20931844716871,31.75
GEMM_config_M512_K512_N768_UM16_UK8_UN16_ijk_BIAS_False_INLINE_True_COMPORDER_option_1_ap_fixed_32_10_,Overall,751715,7.517 ms,1628,792,17916,73158,89.25438596491229,26.69,3.2683887915936953,31.43
GEMM_config_M512_K512_N768_UM16_UK16_UN8_ijk_BIAS_False_INLINE_True_COMPORDER_option_1_ap_fixed_32_10_,Overall,726596,7.266 ms,1620,1568,8441,65954,88.81578947368422,24.06,1.5398788674839463,62.22
GEMM_config_M512_K512_N768_UM16_UK16_UN16_ijk_BIAS_False_INLINE_True_COMPORDER_option_1_ap_fixed_32_10_,Overall,702019,7.020 ms,1636,2072,9705,85738,89.69298245614034,31.28,1.770468476357268,82.22
GEMM_config_M512_K512_N1024_UM8_UK8_UN8_ijk_BIAS_False_INLINE_True_COMPORDER_option_1_ap_fixed_32_10_,Overall,890820,8.908 ms,1588,544,5436,25735,87.06140350877193,9.39,0.9916812609457093,21.59
GEMM_config_M512_K512_N1024_UM8_UK8_UN16_ijk_BIAS_False_INLINE_True_COMPORDER_option_1_ap_fixed_32_10_,Overall,891331,8.913 ms,1620,664,11571,50176,88.81578947368422,18.31,2.1108800350262698,26.35
GEMM_config_M512_K512_N1024_UM8_UK16_UN8_ijk_BIAS_False_INLINE_True_COMPORDER_option_1_ap_fixed_32_10_,Overall,874404,8.744 ms,1612,1056,7001,46101,88.37719298245614,16.82,1.2771818447168708,41.9
GEMM_config_M512_K512_N1024_UM8_UK16_UN16_ijk_BIAS_False_INLINE_True_COMPORDER_option_1_ap_fixed_32_10_,Overall,841635,8.416 ms,1628,1560,8265,65902,89.25438596491229,24.04,1.5077714535901925,61.9
GEMM_config_M512_K512_N1024_UM16_UK8_UN8_ijk_BIAS_False_INLINE_True_COMPORDER_option_1_ap_fixed_32_10_,Overall,890788,8.908 ms,1596,800,6634,35681,87.5,13.02,1.2102305896088734,31.75
GEMM_config_M512_K512_N1024_UM16_UK8_UN16_ijk_BIAS_False_INLINE_True_COMPORDER_option_1_ap_fixed_32_10_,Overall,891299,8.913 ms,1628,792,17921,72802,89.25438596491229,26.56,3.2693009340338586,31.43
GEMM_config_M512_K512_N1024_UM16_UK16_UN8_ijk_BIAS_False_INLINE_True_COMPORDER_option_1_ap_fixed_32_10_,Overall,874372,8.744 ms,1620,1568,8455,65318,88.81578947368422,23.83,1.542432866316404,62.22
GEMM_config_M512_K512_N1024_UM16_UK16_UN16_ijk_BIAS_False_INLINE_True_COMPORDER_option_1_ap_fixed_32_10_,Overall,841603,8.416 ms,1636,2072,9719,85119,89.69298245614034,31.06,1.7730224751897254,82.22
GEMM_config_M512_K768_N256_UM8_UK8_UN8_ijk_BIAS_False_INLINE_True_COMPORDER_option_1_ap_fixed_32_10_,Overall,669732,6.697 ms,1460,544,5414,26081,80.04385964912281,9.52,0.9876678342089902,21.59
GEMM_config_M512_K768_N256_UM8_UK8_UN16_ijk_BIAS_False_INLINE_True_COMPORDER_option_1_ap_fixed_32_10_,Overall,707107,7.071 ms,1460,664,12639,50650,80.04385964912281,18.48,2.3057136602451838,26.35
GEMM_config_M512_K768_N256_UM8_UK16_UN8_ijk_BIAS_False_INLINE_True_COMPORDER_option_1_ap_fixed_32_10_,Overall,645108,6.451 ms,1596,1056,7410,46550,87.5,16.98,1.3517950963222418,41.9
GEMM_config_M512_K768_N256_UM8_UK16_UN16_ijk_BIAS_False_INLINE_True_COMPORDER_option_1_ap_fixed_32_10_,Overall,632819,6.328 ms,1580,1560,9445,66479,86.62280701754386,24.26,1.723037069468768,61.9
GEMM_config_M512_K768_N256_UM16_UK8_UN8_ijk_BIAS_False_INLINE_True_COMPORDER_option_1_ap_fixed_32_10_,Overall,669700,6.697 ms,1596,800,6675,36306,87.5,13.25,1.2177101576182137,31.75
GEMM_config_M512_K768_N256_UM16_UK8_UN16_ijk_BIAS_False_INLINE_True_COMPORDER_option_1_ap_fixed_32_10_,Overall,707075,7.071 ms,1596,792,19244,73555,87.5,26.84,3.510653823701109,31.43
GEMM_config_M512_K768_N256_UM16_UK16_UN8_ijk_BIAS_False_INLINE_True_COMPORDER_option_1_ap_fixed_32_10_,Overall,645076,6.451 ms,1604,1568,8991,66038,87.93859649122807,24.09,1.6402145359019267,62.22
GEMM_config_M512_K768_N256_UM16_UK16_UN16_ijk_BIAS_False_INLINE_True_COMPORDER_option_1_ap_fixed_32_10_,Overall,632787,6.328 ms,1588,2072,11026,85967,87.06140350877193,31.37,2.011456509048453,82.22
GEMM_config_M512_K768_N512_UM8_UK8_UN8_ijk_BIAS_False_INLINE_True_COMPORDER_option_1_ap_fixed_32_10_,Overall,891236,8.912 ms,1844,544,5495,26086,101.09649122807018,9.52,1.0024445417396382,21.59
GEMM_config_M512_K768_N512_UM8_UK8_UN16_ijk_BIAS_False_INLINE_True_COMPORDER_option_1_ap_fixed_32_10_,Overall,916323,9.163 ms,2004,664,11759,50527,109.86842105263158,18.44,2.1451765907764155,26.35
GEMM_config_M512_K768_N512_UM8_UK16_UN8_ijk_BIAS_False_INLINE_True_COMPORDER_option_1_ap_fixed_32_10_,Overall,866612,8.666 ms,2124,1056,7052,46435,116.44736842105263,16.94,1.2864856976065382,41.9
GEMM_config_M512_K768_N512_UM8_UK16_UN16_ijk_BIAS_False_INLINE_True_COMPORDER_option_1_ap_fixed_32_10_,Overall,842035,8.420 ms,2140,1560,8189,66236,117.32456140350878,24.17,1.493906888499708,61.9
GEMM_config_M512_K768_N512_UM16_UK8_UN8_ijk_BIAS_False_INLINE_True_COMPORDER_option_1_ap_fixed_32_10_,Overall,891204,8.912 ms,1980,800,6756,36311,108.55263157894737,13.25,1.2324868651488616,31.75
GEMM_config_M512_K768_N512_UM16_UK8_UN16_ijk_BIAS_False_INLINE_True_COMPORDER_option_1_ap_fixed_32_10_,Overall,916291,9.163 ms,2140,792,18364,73432,117.32456140350878,26.79,3.3501167542323405,31.43
GEMM_config_M512_K768_N512_UM16_UK16_UN8_ijk_BIAS_False_INLINE_True_COMPORDER_option_1_ap_fixed_32_10_,Overall,866580,8.666 ms,2132,1568,8633,65923,116.8859649122807,24.05,1.5749051371862228,62.22
GEMM_config_M512_K768_N512_UM16_UK16_UN16_ijk_BIAS_False_INLINE_True_COMPORDER_option_1_ap_fixed_32_10_,Overall,842003,8.420 ms,2148,2072,9770,85724,117.76315789473684,31.28,1.7823263280793928,82.22
GEMM_config_M512_K768_N1024_UM8_UK8_UN8_ijk_BIAS_False_INLINE_True_COMPORDER_option_1_ap_fixed_32_10_,Overall,1334244,13.342 ms,2484,544,5576,26114,136.1842105263158,9.53,1.0172212492702861,21.59
GEMM_config_M512_K768_N1024_UM8_UK8_UN16_ijk_BIAS_False_INLINE_True_COMPORDER_option_1_ap_fixed_32_10_,Overall,1334755,13.348 ms,2772,664,11903,50555,151.9736842105263,18.45,2.171446293053123,26.35
GEMM_config_M512_K768_N1024_UM8_UK16_UN8_ijk_BIAS_False_INLINE_True_COMPORDER_option_1_ap_fixed_32_10_,Overall,1309620,13.096 ms,2892,1056,7206,46471,158.55263157894737,16.96,1.3145796847635727,41.9
GEMM_config_M512_K768_N1024_UM8_UK16_UN16_ijk_BIAS_False_INLINE_True_COMPORDER_option_1_ap_fixed_32_10_,Overall,1260467,12.605 ms,3164,1560,8469,66272,173.46491228070175,24.18,1.5449868651488616,61.9
GEMM_config_M512_K768_N1024_UM16_UK8_UN8_ijk_BIAS_False_INLINE_True_COMPORDER_option_1_ap_fixed_32_10_,Overall,1334212,13.342 ms,2620,800,6837,36339,143.640350877193,13.26,1.2472635726795096,31.75
GEMM_config_M512_K768_N1024_UM16_UK8_UN16_ijk_BIAS_False_INLINE_True_COMPORDER_option_1_ap_fixed_32_10_,Overall,1334723,13.347 ms,2908,792,18508,73460,159.4298245614035,26.8,3.3763864565090485,31.43
GEMM_config_M512_K768_N1024_UM16_UK16_UN8_ijk_BIAS_False_INLINE_True_COMPORDER_option_1_ap_fixed_32_10_,Overall,1309588,13.096 ms,2900,1568,8787,65959,158.99122807017542,24.07,1.6029991243432573,62.22
GEMM_config_M512_K768_N1024_UM16_UK16_UN16_ijk_BIAS_False_INLINE_True_COMPORDER_option_1_ap_fixed_32_10_,Overall,1260435,12.604 ms,3172,2072,10050,85760,173.9035087719298,31.29,1.8334063047285465,82.22
GEMM_config_M512_K1024_N256_UM8_UK8_UN8_ijk_BIAS_False_INLINE_True_COMPORDER_option_1_ap_fixed_32_10_,Overall,891972,8.920 ms,1588,544,5356,25719,87.06140350877193,9.38,0.977086981903094,21.59
GEMM_config_M512_K1024_N256_UM8_UK8_UN16_ijk_BIAS_False_INLINE_True_COMPORDER_option_1_ap_fixed_32_10_,Overall,941635,9.416 ms,1588,664,12581,50288,87.06140350877193,18.35,2.2951328079392876,26.35
GEMM_config_M512_K1024_N256_UM8_UK16_UN8_ijk_BIAS_False_INLINE_True_COMPORDER_option_1_ap_fixed_32_10_,Overall,859140,8.591 ms,1596,1056,7352,46197,87.5,16.86,1.3412142440163457,41.9
GEMM_config_M512_K1024_N256_UM8_UK16_UN16_ijk_BIAS_False_INLINE_True_COMPORDER_option_1_ap_fixed_32_10_,Overall,842755,8.428 ms,1580,1560,9387,66126,86.62280701754386,24.13,1.712456217162872,61.9
GEMM_config_M512_K1024_N256_UM16_UK8_UN8_ijk_BIAS_False_INLINE_True_COMPORDER_option_1_ap_fixed_32_10_,Overall,891940,8.919 ms,1596,800,6626,35673,87.5,13.02,1.2087711617046117,31.75
GEMM_config_M512_K1024_N256_UM16_UK8_UN16_ijk_BIAS_False_INLINE_True_COMPORDER_option_1_ap_fixed_32_10_,Overall,941603,9.416 ms,1596,792,19195,72922,87.5,26.61,3.5017148277875076,31.43
GEMM_config_M512_K1024_N256_UM16_UK16_UN8_ijk_BIAS_False_INLINE_True_COMPORDER_option_1_ap_fixed_32_10_,Overall,859108,8.591 ms,1604,1568,8942,65422,87.93859649122807,23.87,1.6312755399883245,62.22
GEMM_config_M512_K1024_N256_UM16_UK16_UN16_ijk_BIAS_False_INLINE_True_COMPORDER_option_1_ap_fixed_32_10_,Overall,842723,8.427 ms,1588,2072,10977,85351,87.06140350877193,31.14,2.002517513134851,82.22
GEMM_config_M512_K1024_N512_UM8_UK8_UN8_ijk_BIAS_False_INLINE_True_COMPORDER_option_1_ap_fixed_32_10_,Overall,1187204,11.872 ms,2100,544,5437,25724,115.13157894736842,9.39,0.991863689433742,21.59
GEMM_config_M512_K1024_N512_UM8_UK8_UN16_ijk_BIAS_False_INLINE_True_COMPORDER_option_1_ap_fixed_32_10_,Overall,1220483,12.205 ms,2132,664,11701,50165,116.8859649122807,18.3,2.13459573847052,26.35
GEMM_config_M512_K1024_N512_UM8_UK16_UN8_ijk_BIAS_False_INLINE_True_COMPORDER_option_1_ap_fixed_32_10_,Overall,1154372,11.544 ms,2124,1056,6994,46082,116.44736842105263,16.81,1.275904845300642,41.9
GEMM_config_M512_K1024_N512_UM8_UK16_UN16_ijk_BIAS_False_INLINE_True_COMPORDER_option_1_ap_fixed_32_10_,Overall,1121603,11.216 ms,2140,1560,8131,65883,117.32456140350878,24.04,1.483326036193812,61.9
GEMM_config_M512_K1024_N512_UM16_UK8_UN8_ijk_BIAS_False_INLINE_True_COMPORDER_option_1_ap_fixed_32_10_,Overall,1187172,11.872 ms,2108,800,6707,35678,115.5701754385965,13.02,1.2235478692352597,31.75
GEMM_config_M512_K1024_N512_UM16_UK8_UN16_ijk_BIAS_False_INLINE_True_COMPORDER_option_1_ap_fixed_32_10_,Overall,1220451,12.205 ms,2140,792,18315,72799,117.32456140350878,26.56,3.341177758318739,31.43
GEMM_config_M512_K1024_N512_UM16_UK16_UN8_ijk_BIAS_False_INLINE_True_COMPORDER_option_1_ap_fixed_32_10_,Overall,1154340,11.543 ms,2132,1568,8584,65307,116.8859649122807,23.83,1.5659661412726213,62.22
GEMM_config_M512_K1024_N512_UM16_UK16_UN16_ijk_BIAS_False_INLINE_True_COMPORDER_option_1_ap_fixed_32_10_,Overall,1121571,11.216 ms,2148,2072,9721,85108,117.76315789473684,31.05,1.773387332165791,82.22
GEMM_config_M512_K1024_N768_UM8_UK8_UN8_ijk_BIAS_False_INLINE_True_COMPORDER_option_1_ap_fixed_32_10_,Overall,1482436,14.824 ms,2612,544,5514,26124,143.20175438596493,9.53,1.0059106830122593,21.59
GEMM_config_M512_K1024_N768_UM8_UK8_UN16_ijk_BIAS_False_INLINE_True_COMPORDER_option_1_ap_fixed_32_10_,Overall,1499331,14.993 ms,2900,664,11841,50558,158.99122807017542,18.45,2.160135726795096,26.35
GEMM_config_M512_K1024_N768_UM8_UK16_UN8_ijk_BIAS_False_INLINE_True_COMPORDER_option_1_ap_fixed_32_10_,Overall,1449604,14.496 ms,2892,1056,7135,46771,158.55263157894737,17.06,1.3016272621132516,41.9
GEMM_config_M512_K1024_N768_UM8_UK16_UN16_ijk_BIAS_False_INLINE_True_COMPORDER_option_1_ap_fixed_32_10_,Overall,1400451,14.005 ms,3164,1560,8398,66555,173.46491228070175,24.28,1.5320344424985406,61.9
GEMM_config_M512_K1024_N768_UM16_UK8_UN8_ijk_BIAS_False_INLINE_True_COMPORDER_option_1_ap_fixed_32_10_,Overall,1482404,14.824 ms,2620,800,6784,36078,143.640350877193,13.16,1.237594862813777,31.75
GEMM_config_M512_K1024_N768_UM16_UK8_UN16_ijk_BIAS_False_INLINE_True_COMPORDER_option_1_ap_fixed_32_10_,Overall,1499299,14.993 ms,2908,792,18455,73192,159.4298245614035,26.7,3.3667177466433156,31.43
GEMM_config_M512_K1024_N768_UM16_UK16_UN8_ijk_BIAS_False_INLINE_True_COMPORDER_option_1_ap_fixed_32_10_,Overall,1449572,14.496 ms,2900,1568,8725,65996,158.99122807017542,24.08,1.5916885580852307,62.22
GEMM_config_M512_K1024_N768_UM16_UK16_UN16_ijk_BIAS_False_INLINE_True_COMPORDER_option_1_ap_fixed_32_10_,Overall,1400419,14.004 ms,3172,2072,9988,85780,173.9035087719298,31.3,1.8220957384705194,82.22
GEMM_config_M768_K256_N512_UM8_UK8_UN8_ijk_BIAS_False_INLINE_True_COMPORDER_option_1_ap_fixed_32_10_,Overall,374340,3.743 ms,820,544,5278,25715,44.95614035087719,9.38,0.9628575598365441,21.59
GEMM_config_M768_K256_N512_UM8_UK8_UN16_ijk_BIAS_False_INLINE_True_COMPORDER_option_1_ap_fixed_32_10_,Overall,391491,3.915 ms,820,664,12182,50284,44.95614035087719,18.35,2.222343841214244,26.35
GEMM_config_M768_K256_N512_UM8_UK16_UN8_ijk_BIAS_False_INLINE_True_COMPORDER_option_1_ap_fixed_32_10_,Overall,362036,3.620 ms,812,1056,7698,46201,44.51754385964912,16.86,1.4043345008756567,41.9
GEMM_config_M768_K256_N512_UM8_UK16_UN16_ijk_BIAS_False_INLINE_True_COMPORDER_option_1_ap_fixed_32_10_,Overall,353843,3.538 ms,828,1560,8868,66002,45.39473684210527,24.08,1.6177758318739053,61.9
GEMM_config_M768_K256_N512_UM16_UK8_UN8_ijk_BIAS_False_INLINE_True_COMPORDER_option_1_ap_fixed_32_10_,Overall,374292,3.743 ms,828,800,6404,35653,45.39473684210527,13.01,1.1682720373613544,31.75
GEMM_config_M768_K256_N512_UM16_UK8_UN16_ijk_BIAS_False_INLINE_True_COMPORDER_option_1_ap_fixed_32_10_,Overall,391443,3.914 ms,828,792,18268,72902,45.39473684210527,26.6,3.3326036193812025,31.43
GEMM_config_M768_K256_N512_UM16_UK16_UN8_ijk_BIAS_False_INLINE_True_COMPORDER_option_1_ap_fixed_32_10_,Overall,361988,3.620 ms,820,1568,9016,65410,44.95614035087719,23.87,1.6447752481027436,62.22
GEMM_config_M768_K256_N512_UM16_UK16_UN16_ijk_BIAS_False_INLINE_True_COMPORDER_option_1_ap_fixed_32_10_,Overall,353795,3.538 ms,836,2072,10186,85211,45.83333333333333,31.09,1.8582165791009926,82.22
GEMM_config_M768_K256_N768_UM8_UK8_UN8_ijk_BIAS_False_INLINE_True_COMPORDER_option_1_ap_fixed_32_10_,Overall,448388,4.484 ms,1076,544,5353,26075,58.99122807017544,9.51,0.976539696438996,21.59
GEMM_config_M768_K256_N768_UM8_UK8_UN16_ijk_BIAS_False_INLINE_True_COMPORDER_option_1_ap_fixed_32_10_,Overall,461443,4.614 ms,1076,664,12320,50635,58.99122807017544,18.47,2.2475189725627556,26.35
GEMM_config_M768_K256_N768_UM8_UK16_UN8_ijk_BIAS_False_INLINE_True_COMPORDER_option_1_ap_fixed_32_10_,Overall,436084,4.361 ms,1068,1056,7836,46832,58.55263157894737,17.09,1.429509632224168,41.9
GEMM_config_M768_K256_N768_UM8_UK16_UN16_ijk_BIAS_False_INLINE_True_COMPORDER_option_1_ap_fixed_32_10_,Overall,423795,4.238 ms,1084,1560,9133,66618,59.42982456140351,24.31,1.6661193812025687,61.9
GEMM_config_M768_K256_N768_UM16_UK8_UN8_ijk_BIAS_False_INLINE_True_COMPORDER_option_1_ap_fixed_32_10_,Overall,448340,4.483 ms,1084,800,6479,36013,59.42982456140351,13.14,1.1819541739638062,31.75
GEMM_config_M768_K256_N768_UM16_UK8_UN16_ijk_BIAS_False_INLINE_True_COMPORDER_option_1_ap_fixed_32_10_,Overall,461395,4.614 ms,1084,792,18406,73253,59.42982456140351,26.73,3.357778750729714,31.43
GEMM_config_M768_K256_N768_UM16_UK16_UN8_ijk_BIAS_False_INLINE_True_COMPORDER_option_1_ap_fixed_32_10_,Overall,436036,4.360 ms,1076,1568,9154,66041,58.99122807017544,24.1,1.6699503794512551,62.22
GEMM_config_M768_K256_N768_UM16_UK16_UN16_ijk_BIAS_False_INLINE_True_COMPORDER_option_1_ap_fixed_32_10_,Overall,423747,4.237 ms,1092,2072,10451,85827,59.86842105263158,31.31,1.9065601284296556,82.22
GEMM_config_M768_K256_N1024_UM8_UK8_UN8_ijk_BIAS_False_INLINE_True_COMPORDER_option_1_ap_fixed_32_10_,Overall,522436,5.224 ms,1076,544,5359,25731,58.99122807017544,9.39,0.9776342673671921,21.59
GEMM_config_M768_K256_N1024_UM8_UK8_UN16_ijk_BIAS_False_INLINE_True_COMPORDER_option_1_ap_fixed_32_10_,Overall,531395,5.314 ms,1076,664,12326,50300,58.99122807017544,18.35,2.2486135434909515,26.35
GEMM_config_M768_K256_N1024_UM8_UK16_UN8_ijk_BIAS_False_INLINE_True_COMPORDER_option_1_ap_fixed_32_10_,Overall,510132,5.101 ms,1068,1056,7851,46225,58.55263157894737,16.87,1.4322460595446584,41.9
GEMM_config_M768_K256_N1024_UM8_UK16_UN16_ijk_BIAS_False_INLINE_True_COMPORDER_option_1_ap_fixed_32_10_,Overall,493747,4.937 ms,1084,1560,9148,66026,59.42982456140351,24.09,1.668855808523059,61.9
GEMM_config_M768_K256_N1024_UM16_UK8_UN8_ijk_BIAS_False_INLINE_True_COMPORDER_option_1_ap_fixed_32_10_,Overall,522388,5.224 ms,1084,800,6485,35669,59.42982456140351,13.01,1.1830487448920024,31.75
GEMM_config_M768_K256_N1024_UM16_UK8_UN16_ijk_BIAS_False_INLINE_True_COMPORDER_option_1_ap_fixed_32_10_,Overall,531347,5.313 ms,1084,792,18412,72918,59.42982456140351,26.6,3.3588733216579105,31.43
GEMM_config_M768_K256_N1024_UM16_UK16_UN8_ijk_BIAS_False_INLINE_True_COMPORDER_option_1_ap_fixed_32_10_,Overall,510084,5.101 ms,1076,1568,9169,65434,58.99122807017544,23.87,1.6726868067717455,62.22
GEMM_config_M768_K256_N1024_UM16_UK16_UN16_ijk_BIAS_False_INLINE_True_COMPORDER_option_1_ap_fixed_32_10_,Overall,493699,4.937 ms,1092,2072,10466,85235,59.86842105263158,31.1,1.9092965557501458,82.22
GEMM_config_M768_K512_N256_UM8_UK8_UN8_ijk_BIAS_False_INLINE_True_COMPORDER_option_1_ap_fixed_32_10_,Overall,596260,5.963 ms,1204,544,5279,25717,66.00877192982456,9.38,0.9630399883245768,21.59
GEMM_config_M768_K512_N256_UM8_UK8_UN16_ijk_BIAS_False_INLINE_True_COMPORDER_option_1_ap_fixed_32_10_,Overall,637987,6.380 ms,1204,664,12312,50286,66.00877192982456,18.35,2.246059544658494,26.35
GEMM_config_M768_K512_N256_UM8_UK16_UN8_ijk_BIAS_False_INLINE_True_COMPORDER_option_1_ap_fixed_32_10_,Overall,571652,5.717 ms,1340,1056,7211,46195,73.46491228070175,16.85,1.3154918272037361,41.9
GEMM_config_M768_K512_N256_UM8_UK16_UN16_ijk_BIAS_False_INLINE_True_COMPORDER_option_1_ap_fixed_32_10_,Overall,563459,5.635 ms,1324,1560,9246,66124,72.58771929824562,24.13,1.6867338003502628,61.9
GEMM_config_M768_K512_N256_UM16_UK8_UN8_ijk_BIAS_False_INLINE_True_COMPORDER_option_1_ap_fixed_32_10_,Overall,596212,5.962 ms,1340,800,6477,35663,73.46491228070175,13.01,1.1815893169877407,31.75
GEMM_config_M768_K512_N256_UM16_UK8_UN16_ijk_BIAS_False_INLINE_True_COMPORDER_option_1_ap_fixed_32_10_,Overall,637939,6.379 ms,1340,792,18662,72912,73.46491228070175,26.6,3.404480443666083,31.43
GEMM_config_M768_K512_N256_UM16_UK16_UN8_ijk_BIAS_False_INLINE_True_COMPORDER_option_1_ap_fixed_32_10_,Overall,571604,5.716 ms,1348,1568,8665,65412,73.90350877192982,23.87,1.5807428488032693,62.22
GEMM_config_M768_K512_N256_UM16_UK16_UN16_ijk_BIAS_False_INLINE_True_COMPORDER_option_1_ap_fixed_32_10_,Overall,563411,5.634 ms,1332,2072,10700,85341,73.02631578947368,31.14,1.9519848219497957,82.22
GEMM_config_M768_K512_N768_UM8_UK8_UN8_ijk_BIAS_False_INLINE_True_COMPORDER_option_1_ap_fixed_32_10_,Overall,891812,8.918 ms,1844,544,5436,26103,101.09649122807018,9.52,0.9916812609457093,21.59
GEMM_config_M768_K512_N768_UM8_UK8_UN16_ijk_BIAS_False_INLINE_True_COMPORDER_option_1_ap_fixed_32_10_,Overall,917155,9.172 ms,2004,664,11571,50535,109.86842105263158,18.44,2.1108800350262698,26.35
GEMM_config_M768_K512_N768_UM8_UK16_UN8_ijk_BIAS_False_INLINE_True_COMPORDER_option_1_ap_fixed_32_10_,Overall,867204,8.672 ms,2124,1056,6992,46740,116.44736842105263,17.05,1.2755399883245766,41.9
GEMM_config_M768_K512_N768_UM8_UK16_UN16_ijk_BIAS_False_INLINE_True_COMPORDER_option_1_ap_fixed_32_10_,Overall,842627,8.426 ms,2140,1560,8256,66524,117.32456140350878,24.27,1.5061295971978983,61.9
GEMM_config_M768_K512_N768_UM16_UK8_UN8_ijk_BIAS_False_INLINE_True_COMPORDER_option_1_ap_fixed_32_10_,Overall,891764,8.918 ms,1980,800,6634,36049,108.55263157894737,13.15,1.2102305896088734,31.75
GEMM_config_M768_K512_N768_UM16_UK8_UN16_ijk_BIAS_False_INLINE_True_COMPORDER_option_1_ap_fixed_32_10_,Overall,917107,9.171 ms,2140,792,17921,73161,117.32456140350878,26.69,3.2693009340338586,31.43
GEMM_config_M768_K512_N768_UM16_UK16_UN8_ijk_BIAS_False_INLINE_True_COMPORDER_option_1_ap_fixed_32_10_,Overall,867156,8.672 ms,2132,1568,8446,65957,116.8859649122807,24.06,1.5407910099241098,62.22
GEMM_config_M768_K512_N768_UM16_UK16_UN16_ijk_BIAS_False_INLINE_True_COMPORDER_option_1_ap_fixed_32_10_,Overall,842579,8.426 ms,2148,2072,9710,85741,117.76315789473684,31.28,1.7713806187974315,82.22
GEMM_config_M768_K512_N1024_UM8_UK8_UN8_ijk_BIAS_False_INLINE_True_COMPORDER_option_1_ap_fixed_32_10_,Overall,1039588,10.396 ms,1972,544,5441,25750,108.1140350877193,9.4,0.9925934033858728,21.59
GEMM_config_M768_K512_N1024_UM8_UK8_UN16_ijk_BIAS_False_INLINE_True_COMPORDER_option_1_ap_fixed_32_10_,Overall,1056739,10.567 ms,2004,664,11576,50191,109.86842105263158,18.31,2.111792177466433,26.35
GEMM_config_M768_K512_N1024_UM8_UK16_UN8_ijk_BIAS_False_INLINE_True_COMPORDER_option_1_ap_fixed_32_10_,Overall,1014980,10.150 ms,2124,1056,7006,46116,116.44736842105263,16.83,1.2780939871570345,41.9
GEMM_config_M768_K512_N1024_UM8_UK16_UN16_ijk_BIAS_False_INLINE_True_COMPORDER_option_1_ap_fixed_32_10_,Overall,982211,9.822 ms,2140,1560,8270,65917,117.32456140350878,24.05,1.508683596030356,61.9
GEMM_config_M768_K512_N1024_UM16_UK8_UN8_ijk_BIAS_False_INLINE_True_COMPORDER_option_1_ap_fixed_32_10_,Overall,1039540,10.395 ms,2108,800,6639,35696,115.5701754385965,13.02,1.2111427320490369,31.75
GEMM_config_M768_K512_N1024_UM16_UK8_UN16_ijk_BIAS_False_INLINE_True_COMPORDER_option_1_ap_fixed_32_10_,Overall,1056691,10.567 ms,2140,792,17926,72817,117.32456140350878,26.57,3.270213076474022,31.43
GEMM_config_M768_K512_N1024_UM16_UK16_UN8_ijk_BIAS_False_INLINE_True_COMPORDER_option_1_ap_fixed_32_10_,Overall,1014932,10.149 ms,2132,1568,8460,65333,116.8859649122807,23.84,1.5433450087565674,62.22
GEMM_config_M768_K512_N1024_UM16_UK16_UN16_ijk_BIAS_False_INLINE_True_COMPORDER_option_1_ap_fixed_32_10_,Overall,982163,9.822 ms,2148,2072,9724,85134,117.76315789473684,31.06,1.7739346176298891,82.22
GEMM_config_M768_K768_N256_UM8_UK8_UN8_ijk_BIAS_False_INLINE_True_COMPORDER_option_1_ap_fixed_32_10_,Overall,892228,8.922 ms,1972,544,5421,26106,108.1140350877193,9.52,0.988944833625219,21.59
GEMM_config_M768_K768_N256_UM8_UK8_UN16_ijk_BIAS_False_INLINE_True_COMPORDER_option_1_ap_fixed_32_10_,Overall,954435,9.544 ms,1972,664,12646,50675,108.1140350877193,18.49,2.306990659661413,26.35
GEMM_config_M768_K768_N256_UM8_UK16_UN8_ijk_BIAS_False_INLINE_True_COMPORDER_option_1_ap_fixed_32_10_,Overall,855316,8.553 ms,2364,1056,7417,46577,129.60526315789474,16.99,1.3530720957384705,41.9
GEMM_config_M768_K768_N256_UM8_UK16_UN16_ijk_BIAS_False_INLINE_True_COMPORDER_option_1_ap_fixed_32_10_,Overall,843027,8.430 ms,2348,1560,9452,66506,128.7280701754386,24.27,1.7243140688849972,61.9
GEMM_config_M768_K768_N256_UM16_UK8_UN8_ijk_BIAS_False_INLINE_True_COMPORDER_option_1_ap_fixed_32_10_,Overall,892180,8.922 ms,2364,800,6682,36341,129.60526315789474,13.26,1.2189871570344424,31.75
GEMM_config_M768_K768_N256_UM16_UK8_UN16_ijk_BIAS_False_INLINE_True_COMPORDER_option_1_ap_fixed_32_10_,Overall,954387,9.544 ms,2364,792,19251,73590,129.60526315789474,26.85,3.5119308231173383,31.43
GEMM_config_M768_K768_N256_UM16_UK16_UN8_ijk_BIAS_False_INLINE_True_COMPORDER_option_1_ap_fixed_32_10_,Overall,855268,8.553 ms,2628,1568,8998,66073,144.07894736842107,24.11,1.6414915353181552,62.22
GEMM_config_M768_K768_N256_UM16_UK16_UN16_ijk_BIAS_False_INLINE_True_COMPORDER_option_1_ap_fixed_32_10_,Overall,842979,8.430 ms,2612,2072,11033,86002,143.20175438596493,31.38,2.012733508464682,82.22
GEMM_config_M768_K768_N512_UM8_UK8_UN8_ijk_BIAS_False_INLINE_True_COMPORDER_option_1_ap_fixed_32_10_,Overall,1113732,11.137 ms,2356,544,5502,26123,129.16666666666669,9.53,1.0037215411558669,21.59
GEMM_config_M768_K768_N512_UM8_UK8_UN16_ijk_BIAS_False_INLINE_True_COMPORDER_option_1_ap_fixed_32_10_,Overall,1163651,11.637 ms,2516,664,11766,50564,137.93859649122805,18.45,2.1464535901926443,26.35
GEMM_config_M768_K768_N512_UM8_UK16_UN8_ijk_BIAS_False_INLINE_True_COMPORDER_option_1_ap_fixed_32_10_,Overall,1076820,10.768 ms,2892,1056,7059,46474,158.55263157894737,16.96,1.2877626970227671,41.9
GEMM_config_M768_K768_N512_UM8_UK16_UN16_ijk_BIAS_False_INLINE_True_COMPORDER_option_1_ap_fixed_32_10_,Overall,1052243,10.522 ms,2908,1560,8196,66275,159.4298245614035,24.18,1.495183887915937,61.9
GEMM_config_M768_K768_N512_UM16_UK8_UN8_ijk_BIAS_False_INLINE_True_COMPORDER_option_1_ap_fixed_32_10_,Overall,1113684,11.137 ms,2748,800,6763,36358,150.6578947368421,13.27,1.2337638645650904,31.75
GEMM_config_M768_K768_N512_UM16_UK8_UN16_ijk_BIAS_False_INLINE_True_COMPORDER_option_1_ap_fixed_32_10_,Overall,1163603,11.636 ms,2908,792,18371,73479,159.4298245614035,26.81,3.3513937536485696,31.43
GEMM_config_M768_K768_N512_UM16_UK16_UN8_ijk_BIAS_False_INLINE_True_COMPORDER_option_1_ap_fixed_32_10_,Overall,1076772,10.768 ms,3156,1568,8640,65970,173.0263157894737,24.07,1.5761821366024518,62.22
GEMM_config_M768_K768_N512_UM16_UK16_UN16_ijk_BIAS_False_INLINE_True_COMPORDER_option_1_ap_fixed_32_10_,Overall,1052195,10.522 ms,3172,2072,9777,85771,173.9035087719298,31.29,1.7836033274956218,82.22
GEMM_config_M768_K768_N768_UM8_UK8_UN8_ijk_BIAS_False_INLINE_True_COMPORDER_option_1_ap_fixed_32_10_,Overall,1335236,13.352 ms,2868,544,5580,26502,157.23684210526315,9.67,1.0179509632224168,21.59
GEMM_config_M768_K768_N768_UM8_UK8_UN16_ijk_BIAS_False_INLINE_True_COMPORDER_option_1_ap_fixed_32_10_,Overall,1372867,13.729 ms,3284,664,11907,50936,180.04385964912282,18.58,2.172176007005254,26.35
GEMM_config_M768_K768_N768_UM8_UK16_UN8_ijk_BIAS_False_INLINE_True_COMPORDER_option_1_ap_fixed_32_10_,Overall,1298324,12.983 ms,3660,1056,7201,47142,200.65789473684214,17.2,1.3136675423234092,41.9
GEMM_config_M768_K768_N768_UM8_UK16_UN16_ijk_BIAS_False_INLINE_True_COMPORDER_option_1_ap_fixed_32_10_,Overall,1261459,12.615 ms,3932,1560,8464,66926,215.5701754385965,24.42,1.5440747227086982,61.9
GEMM_config_M768_K768_N768_UM16_UK8_UN8_ijk_BIAS_False_INLINE_True_COMPORDER_option_1_ap_fixed_32_10_,Overall,1335188,13.352 ms,3260,800,6841,36737,178.7280701754386,13.4,1.2479932866316403,31.75
GEMM_config_M768_K768_N768_UM16_UK8_UN16_ijk_BIAS_False_INLINE_True_COMPORDER_option_1_ap_fixed_32_10_,Overall,1372819,13.728 ms,3676,792,18512,73851,201.53508771929825,26.95,3.3771161704611794,31.43
GEMM_config_M768_K768_N768_UM16_UK16_UN8_ijk_BIAS_False_INLINE_True_COMPORDER_option_1_ap_fixed_32_10_,Overall,1298276,12.983 ms,3924,1568,8782,66638,215.1315789473684,24.31,1.602086981903094,62.22
GEMM_config_M768_K768_N768_UM16_UK16_UN16_ijk_BIAS_False_INLINE_True_COMPORDER_option_1_ap_fixed_32_10_,Overall,1261411,12.614 ms,4196,2072,10045,86422,230.04385964912282,31.53,1.8324941622883828,82.22
GEMM_config_M768_K768_N1024_UM8_UK8_UN8_ijk_BIAS_False_INLINE_True_COMPORDER_option_1_ap_fixed_32_10_,Overall,1556740,15.567 ms,2996,544,5583,26139,164.25438596491227,9.54,1.0184982486865148,21.59
GEMM_config_M768_K768_N1024_UM8_UK8_UN16_ijk_BIAS_False_INLINE_True_COMPORDER_option_1_ap_fixed_32_10_,Overall,1582083,15.821 ms,3284,664,11910,50580,180.04385964912282,18.45,2.172723292469352,26.35
GEMM_config_M768_K768_N1024_UM8_UK16_UN8_ijk_BIAS_False_INLINE_True_COMPORDER_option_1_ap_fixed_32_10_,Overall,1519828,15.198 ms,3660,1056,7213,46498,200.65789473684214,16.97,1.3158566841798014,41.9
GEMM_config_M768_K768_N1024_UM8_UK16_UN16_ijk_BIAS_False_INLINE_True_COMPORDER_option_1_ap_fixed_32_10_,Overall,1470675,14.707 ms,3932,1560,8476,66299,215.5701754385965,24.19,1.5462638645650906,61.9
GEMM_config_M768_K768_N1024_UM16_UK8_UN8_ijk_BIAS_False_INLINE_True_COMPORDER_option_1_ap_fixed_32_10_,Overall,1556692,15.567 ms,3388,800,6844,36374,185.74561403508773,13.27,1.2485405720957385,31.75
GEMM_config_M768_K768_N1024_UM16_UK8_UN16_ijk_BIAS_False_INLINE_True_COMPORDER_option_1_ap_fixed_32_10_,Overall,1582035,15.820 ms,3676,792,18515,73495,201.53508771929825,26.82,3.3776634559252776,31.43
GEMM_config_M768_K768_N1024_UM16_UK16_UN8_ijk_BIAS_False_INLINE_True_COMPORDER_option_1_ap_fixed_32_10_,Overall,1519780,15.198 ms,3924,1568,8794,65994,215.1315789473684,24.08,1.6042761237594863,62.22
GEMM_config_M768_K768_N1024_UM16_UK16_UN16_ijk_BIAS_False_INLINE_True_COMPORDER_option_1_ap_fixed_32_10_,Overall,1470627,14.706 ms,4196,2072,10057,85795,230.04385964912282,31.3,1.8346833041447752,82.22
GEMM_config_M768_K1024_N256_UM8_UK8_UN8_ijk_BIAS_False_INLINE_True_COMPORDER_option_1_ap_fixed_32_10_,Overall,1188196,11.882 ms,2100,544,5361,25734,115.13157894736842,9.39,0.9779991243432574,21.59
GEMM_config_M768_K1024_N256_UM8_UK8_UN16_ijk_BIAS_False_INLINE_True_COMPORDER_option_1_ap_fixed_32_10_,Overall,1270883,12.709 ms,2100,664,12586,50303,115.13157894736842,18.35,2.2960449503794513,26.35
GEMM_config_M768_K1024_N256_UM8_UK16_UN8_ijk_BIAS_False_INLINE_True_COMPORDER_option_1_ap_fixed_32_10_,Overall,1138980,11.390 ms,2364,1056,7357,46212,129.60526315789474,16.86,1.3421263864565092,41.9
GEMM_config_M768_K1024_N256_UM8_UK16_UN16_ijk_BIAS_False_INLINE_True_COMPORDER_option_1_ap_fixed_32_10_,Overall,1122595,11.226 ms,2348,1560,9392,66141,128.7280701754386,24.13,1.7133683596030358,61.9
GEMM_config_M768_K1024_N256_UM16_UK8_UN8_ijk_BIAS_False_INLINE_True_COMPORDER_option_1_ap_fixed_32_10_,Overall,1188148,11.881 ms,2364,800,6631,35688,129.60526315789474,13.02,1.2096833041447752,31.75
GEMM_config_M768_K1024_N256_UM16_UK8_UN16_ijk_BIAS_False_INLINE_True_COMPORDER_option_1_ap_fixed_32_10_,Overall,1270835,12.708 ms,2364,792,19200,72937,129.60526315789474,26.61,3.502626970227671,31.43
GEMM_config_M768_K1024_N256_UM16_UK16_UN8_ijk_BIAS_False_INLINE_True_COMPORDER_option_1_ap_fixed_32_10_,Overall,1138932,11.389 ms,2628,1568,8947,65437,144.07894736842107,23.88,1.632187682428488,62.22
GEMM_config_M768_K1024_N256_UM16_UK16_UN16_ijk_BIAS_False_INLINE_True_COMPORDER_option_1_ap_fixed_32_10_,Overall,1122547,11.225 ms,2612,2072,10982,85366,143.20175438596493,31.15,2.003429655575015,82.22
GEMM_config_M768_K1024_N512_UM8_UK8_UN8_ijk_BIAS_False_INLINE_True_COMPORDER_option_1_ap_fixed_32_10_,Overall,1483428,14.834 ms,2612,544,5442,25751,143.20175438596493,9.4,0.9927758318739054,21.59
GEMM_config_M768_K1024_N512_UM8_UK8_UN16_ijk_BIAS_False_INLINE_True_COMPORDER_option_1_ap_fixed_32_10_,Overall,1549731,15.497 ms,2644,664,11706,50192,144.95614035087718,18.31,2.135507880910683,26.35
GEMM_config_M768_K1024_N512_UM8_UK16_UN8_ijk_BIAS_False_INLINE_True_COMPORDER_option_1_ap_fixed_32_10_,Overall,1434212,14.342 ms,2892,1056,6999,46109,158.55263157894737,16.82,1.2768169877408055,41.9
GEMM_config_M768_K1024_N512_UM8_UK16_UN16_ijk_BIAS_False_INLINE_True_COMPORDER_option_1_ap_fixed_32_10_,Overall,1401443,14.014 ms,2908,1560,8136,65910,159.4298245614035,24.05,1.4842381786339756,61.9
GEMM_config_M768_K1024_N512_UM16_UK8_UN8_ijk_BIAS_False_INLINE_True_COMPORDER_option_1_ap_fixed_32_10_,Overall,1483380,14.834 ms,2876,800,6712,35705,157.67543859649123,13.03,1.2244600116754232,31.75
GEMM_config_M768_K1024_N512_UM16_UK8_UN16_ijk_BIAS_False_INLINE_True_COMPORDER_option_1_ap_fixed_32_10_,Overall,1549683,15.497 ms,2908,792,18320,72826,159.4298245614035,26.57,3.342089900758902,31.43
GEMM_config_M768_K1024_N512_UM16_UK16_UN8_ijk_BIAS_False_INLINE_True_COMPORDER_option_1_ap_fixed_32_10_,Overall,1434164,14.342 ms,3156,1568,8589,65334,173.0263157894737,23.84,1.5668782837127846,62.22
GEMM_config_M768_K1024_N512_UM16_UK16_UN16_ijk_BIAS_False_INLINE_True_COMPORDER_option_1_ap_fixed_32_10_,Overall,1401395,14.014 ms,3172,2072,9726,85135,173.9035087719298,31.06,1.7742994746059546,82.22
GEMM_config_M768_K1024_N768_UM8_UK8_UN8_ijk_BIAS_False_INLINE_True_COMPORDER_option_1_ap_fixed_32_10_,Overall,1778660,17.787 ms,3124,544,5519,26127,171.2719298245614,9.53,1.0068228254524227,21.59
GEMM_config_M768_K1024_N768_UM8_UK8_UN16_ijk_BIAS_False_INLINE_True_COMPORDER_option_1_ap_fixed_32_10_,Overall,1828579,18.286 ms,3412,664,11846,50561,187.06140350877195,18.45,2.1610478692352597,26.35
GEMM_config_M768_K1024_N768_UM8_UK16_UN8_ijk_BIAS_False_INLINE_True_COMPORDER_option_1_ap_fixed_32_10_,Overall,1729444,17.294 ms,3660,1056,7140,46774,200.65789473684214,17.07,1.302539404553415,41.9
GEMM_config_M768_K1024_N768_UM8_UK16_UN16_ijk_BIAS_False_INLINE_True_COMPORDER_option_1_ap_fixed_32_10_,Overall,1680291,16.803 ms,3932,1560,8403,66558,215.5701754385965,24.28,1.532946584938704,61.9
GEMM_config_M768_K1024_N768_UM16_UK8_UN8_ijk_BIAS_False_INLINE_True_COMPORDER_option_1_ap_fixed_32_10_,Overall,1778612,17.786 ms,3388,800,6789,36081,185.74561403508773,13.16,1.2385070052539404,31.75
GEMM_config_M768_K1024_N768_UM16_UK8_UN16_ijk_BIAS_False_INLINE_True_COMPORDER_option_1_ap_fixed_32_10_,Overall,1828531,18.285 ms,3676,792,18460,73195,201.53508771929825,26.71,3.3676298890834797,31.43
GEMM_config_M768_K1024_N768_UM16_UK16_UN8_ijk_BIAS_False_INLINE_True_COMPORDER_option_1_ap_fixed_32_10_,Overall,1729396,17.294 ms,3924,1568,8730,65999,215.1315789473684,24.08,1.5926007005253942,62.22
GEMM_config_M768_K1024_N768_UM16_UK16_UN16_ijk_BIAS_False_INLINE_True_COMPORDER_option_1_ap_fixed_32_10_,Overall,1680243,16.802 ms,4196,2072,9993,85783,230.04385964912282,31.3,1.823007880910683,82.22
GEMM_config_M1024_K256_N512_UM8_UK8_UN8_ijk_BIAS_False_INLINE_True_COMPORDER_option_1_ap_fixed_32_10_,Overall,449380,4.494 ms,820,544,5282,25706,44.95614035087719,9.38,0.9635872737886748,21.59
GEMM_config_M1024_K256_N512_UM8_UK8_UN16_ijk_BIAS_False_INLINE_True_COMPORDER_option_1_ap_fixed_32_10_,Overall,474979,4.750 ms,820,664,12186,50275,44.95614035087719,18.34,2.223073555166375,26.35
GEMM_config_M1024_K256_N512_UM8_UK16_UN8_ijk_BIAS_False_INLINE_True_COMPORDER_option_1_ap_fixed_32_10_,Overall,432980,4.330 ms,812,1056,7702,46192,44.51754385964912,16.85,1.4050642148277874,41.9
GEMM_config_M1024_K256_N512_UM8_UK16_UN16_ijk_BIAS_False_INLINE_True_COMPORDER_option_1_ap_fixed_32_10_,Overall,424787,4.248 ms,828,1560,8872,65993,45.39473684210527,24.08,1.618505545826036,61.9
GEMM_config_M1024_K256_N512_UM16_UK8_UN8_ijk_BIAS_False_INLINE_True_COMPORDER_option_1_ap_fixed_32_10_,Overall,449316,4.493 ms,828,800,6408,35644,45.39473684210527,13.0,1.1690017513134852,31.75
GEMM_config_M1024_K256_N512_UM16_UK8_UN16_ijk_BIAS_False_INLINE_True_COMPORDER_option_1_ap_fixed_32_10_,Overall,474915,4.749 ms,828,792,18272,72893,45.39473684210527,26.6,3.3333333333333335,31.43
GEMM_config_M1024_K256_N512_UM16_UK16_UN8_ijk_BIAS_False_INLINE_True_COMPORDER_option_1_ap_fixed_32_10_,Overall,432916,4.329 ms,820,1568,9020,65401,44.95614035087719,23.86,1.6455049620548743,62.22
GEMM_config_M1024_K256_N512_UM16_UK16_UN16_ijk_BIAS_False_INLINE_True_COMPORDER_option_1_ap_fixed_32_10_,Overall,424723,4.247 ms,836,2072,10190,85202,45.83333333333333,31.09,1.8589462930531233,82.22
GEMM_config_M1024_K256_N768_UM8_UK8_UN8_ijk_BIAS_False_INLINE_True_COMPORDER_option_1_ap_fixed_32_10_,Overall,523428,5.234 ms,1076,544,5357,26078,58.99122807017544,9.51,0.9772694103911267,21.59
GEMM_config_M1024_K256_N768_UM8_UK8_UN16_ijk_BIAS_False_INLINE_True_COMPORDER_option_1_ap_fixed_32_10_,Overall,544931,5.449 ms,1076,664,12324,50638,58.99122807017544,18.48,2.248248686514886,26.35
GEMM_config_M1024_K256_N768_UM8_UK16_UN8_ijk_BIAS_False_INLINE_True_COMPORDER_option_1_ap_fixed_32_10_,Overall,507028,5.070 ms,1068,1056,7840,46835,58.55263157894737,17.09,1.430239346176299,41.9
GEMM_config_M1024_K256_N768_UM8_UK16_UN16_ijk_BIAS_False_INLINE_True_COMPORDER_option_1_ap_fixed_32_10_,Overall,494739,4.947 ms,1084,1560,9137,66621,59.42982456140351,24.31,1.6668490951546995,61.9
GEMM_config_M1024_K256_N768_UM16_UK8_UN8_ijk_BIAS_False_INLINE_True_COMPORDER_option_1_ap_fixed_32_10_,Overall,523364,5.234 ms,1084,800,6483,36016,59.42982456140351,13.14,1.182683887915937,31.75
GEMM_config_M1024_K256_N768_UM16_UK8_UN16_ijk_BIAS_False_INLINE_True_COMPORDER_option_1_ap_fixed_32_10_,Overall,544867,5.449 ms,1084,792,18410,73256,59.42982456140351,26.73,3.3585084646818446,31.43
GEMM_config_M1024_K256_N768_UM16_UK16_UN8_ijk_BIAS_False_INLINE_True_COMPORDER_option_1_ap_fixed_32_10_,Overall,506964,5.070 ms,1076,1568,9158,66044,58.99122807017544,24.1,1.6706800934033859,62.22
GEMM_config_M1024_K256_N768_UM16_UK16_UN16_ijk_BIAS_False_INLINE_True_COMPORDER_option_1_ap_fixed_32_10_,Overall,494675,4.947 ms,1092,2072,10455,85830,59.86842105263158,31.32,1.9072898423817863,82.22
GEMM_config_M1024_K256_N1024_UM8_UK8_UN8_ijk_BIAS_False_INLINE_True_COMPORDER_option_1_ap_fixed_32_10_,Overall,597476,5.975 ms,1076,544,5363,25710,58.99122807017544,9.38,0.9783639813193228,21.59
GEMM_config_M1024_K256_N1024_UM8_UK8_UN16_ijk_BIAS_False_INLINE_True_COMPORDER_option_1_ap_fixed_32_10_,Overall,614883,6.149 ms,1076,664,12330,50279,58.99122807017544,18.34,2.2493432574430825,26.35
GEMM_config_M1024_K256_N1024_UM8_UK16_UN8_ijk_BIAS_False_INLINE_True_COMPORDER_option_1_ap_fixed_32_10_,Overall,581076,5.811 ms,1068,1056,7855,46204,58.55263157894737,16.86,1.4329757734967892,41.9
GEMM_config_M1024_K256_N1024_UM8_UK16_UN16_ijk_BIAS_False_INLINE_True_COMPORDER_option_1_ap_fixed_32_10_,Overall,564691,5.647 ms,1084,1560,9152,66005,59.42982456140351,24.08,1.6695855224751897,61.9
GEMM_config_M1024_K256_N1024_UM16_UK8_UN8_ijk_BIAS_False_INLINE_True_COMPORDER_option_1_ap_fixed_32_10_,Overall,597412,5.974 ms,1084,800,6489,35648,59.42982456140351,13.01,1.1837784588441331,31.75
GEMM_config_M1024_K256_N1024_UM16_UK8_UN16_ijk_BIAS_False_INLINE_True_COMPORDER_option_1_ap_fixed_32_10_,Overall,614819,6.148 ms,1084,792,18416,72897,59.42982456140351,26.6,3.359603035610041,31.43
GEMM_config_M1024_K256_N1024_UM16_UK16_UN8_ijk_BIAS_False_INLINE_True_COMPORDER_option_1_ap_fixed_32_10_,Overall,581012,5.810 ms,1076,1568,9173,65413,58.99122807017544,23.87,1.6734165207238763,62.22
GEMM_config_M1024_K256_N1024_UM16_UK16_UN16_ijk_BIAS_False_INLINE_True_COMPORDER_option_1_ap_fixed_32_10_,Overall,564627,5.646 ms,1092,2072,10470,85214,59.86842105263158,31.09,1.9100262697022765,82.22
GEMM_config_M1024_K512_N256_UM8_UK8_UN8_ijk_BIAS_False_INLINE_True_COMPORDER_option_1_ap_fixed_32_10_,Overall,745028,7.450 ms,1332,544,5283,25708,73.02631578947368,9.38,0.9637697022767076,21.59
GEMM_config_M1024_K512_N256_UM8_UK8_UN16_ijk_BIAS_False_INLINE_True_COMPORDER_option_1_ap_fixed_32_10_,Overall,803395,8.034 ms,1332,664,12316,50277,73.02631578947368,18.34,2.2467892586106246,26.35
GEMM_config_M1024_K512_N256_UM8_UK16_UN8_ijk_BIAS_False_INLINE_True_COMPORDER_option_1_ap_fixed_32_10_,Overall,712228,7.122 ms,1340,1056,7215,46186,73.46491228070175,16.85,1.3162215411558669,41.9
GEMM_config_M1024_K512_N256_UM8_UK16_UN16_ijk_BIAS_False_INLINE_True_COMPORDER_option_1_ap_fixed_32_10_,Overall,704035,7.040 ms,1324,1560,9250,66115,72.58771929824562,24.12,1.6874635143023935,61.9
GEMM_config_M1024_K512_N256_UM16_UK8_UN8_ijk_BIAS_False_INLINE_True_COMPORDER_option_1_ap_fixed_32_10_,Overall,744964,7.450 ms,1340,800,6481,35654,73.46491228070175,13.01,1.1823190309398717,31.75
GEMM_config_M1024_K512_N256_UM16_UK8_UN16_ijk_BIAS_False_INLINE_True_COMPORDER_option_1_ap_fixed_32_10_,Overall,803331,8.033 ms,1340,792,18666,72903,73.46491228070175,26.6,3.405210157618214,31.43
GEMM_config_M1024_K512_N256_UM16_UK16_UN8_ijk_BIAS_False_INLINE_True_COMPORDER_option_1_ap_fixed_32_10_,Overall,712164,7.122 ms,1348,1568,8669,65403,73.90350877192982,23.86,1.5814725627554,62.22
GEMM_config_M1024_K512_N256_UM16_UK16_UN16_ijk_BIAS_False_INLINE_True_COMPORDER_option_1_ap_fixed_32_10_,Overall,703971,7.040 ms,1332,2072,10704,85332,73.02631578947368,31.13,1.9527145359019265,82.22
GEMM_config_M1024_K512_N768_UM8_UK8_UN8_ijk_BIAS_False_INLINE_True_COMPORDER_option_1_ap_fixed_32_10_,Overall,1040580,10.406 ms,1972,544,5440,26106,108.1140350877193,9.52,0.99241097489784,21.59
GEMM_config_M1024_K512_N768_UM8_UK8_UN16_ijk_BIAS_False_INLINE_True_COMPORDER_option_1_ap_fixed_32_10_,Overall,1082563,10.826 ms,2132,664,11575,50538,116.8859649122807,18.44,2.1116097489784007,26.35
GEMM_config_M1024_K512_N768_UM8_UK16_UN8_ijk_BIAS_False_INLINE_True_COMPORDER_option_1_ap_fixed_32_10_,Overall,1007780,10.078 ms,2124,1056,6996,46743,116.44736842105263,17.05,1.2762697022767076,41.9
GEMM_config_M1024_K512_N768_UM8_UK16_UN16_ijk_BIAS_False_INLINE_True_COMPORDER_option_1_ap_fixed_32_10_,Overall,983203,9.832 ms,2140,1560,8260,66527,117.32456140350878,24.27,1.5068593111500292,61.9
GEMM_config_M1024_K512_N768_UM16_UK8_UN8_ijk_BIAS_False_INLINE_True_COMPORDER_option_1_ap_fixed_32_10_,Overall,1040516,10.405 ms,1980,800,6638,36052,108.55263157894737,13.15,1.2109603035610041,31.75
GEMM_config_M1024_K512_N768_UM16_UK8_UN16_ijk_BIAS_False_INLINE_True_COMPORDER_option_1_ap_fixed_32_10_,Overall,1082499,10.825 ms,2140,792,17925,73164,117.32456140350878,26.69,3.2700306479859895,31.43
GEMM_config_M1024_K512_N768_UM16_UK16_UN8_ijk_BIAS_False_INLINE_True_COMPORDER_option_1_ap_fixed_32_10_,Overall,1007716,10.077 ms,2132,1568,8450,65960,116.8859649122807,24.07,1.5415207238762405,62.22
GEMM_config_M1024_K512_N768_UM16_UK16_UN16_ijk_BIAS_False_INLINE_True_COMPORDER_option_1_ap_fixed_32_10_,Overall,983139,9.831 ms,2148,2072,9714,85744,117.76315789473684,31.28,1.7721103327495622,82.22
GEMM_config_M1024_K512_N1024_UM8_UK8_UN8_ijk_BIAS_False_INLINE_True_COMPORDER_option_1_ap_fixed_32_10_,Overall,1188356,11.884 ms,2100,544,5445,25729,115.13157894736842,9.39,0.9933231173380035,21.59
GEMM_config_M1024_K512_N1024_UM8_UK8_UN16_ijk_BIAS_False_INLINE_True_COMPORDER_option_1_ap_fixed_32_10_,Overall,1222147,12.221 ms,2132,664,11580,50170,116.8859649122807,18.3,2.112521891418564,26.35
GEMM_config_M1024_K512_N1024_UM8_UK16_UN8_ijk_BIAS_False_INLINE_True_COMPORDER_option_1_ap_fixed_32_10_,Overall,1155556,11.556 ms,2124,1056,7010,46095,116.44736842105263,16.82,1.2788237011091652,41.9
GEMM_config_M1024_K512_N1024_UM8_UK16_UN16_ijk_BIAS_False_INLINE_True_COMPORDER_option_1_ap_fixed_32_10_,Overall,1122787,11.228 ms,2140,1560,8274,65896,117.32456140350878,24.04,1.509413309982487,61.9
GEMM_config_M1024_K512_N1024_UM16_UK8_UN8_ijk_BIAS_False_INLINE_True_COMPORDER_option_1_ap_fixed_32_10_,Overall,1188292,11.883 ms,2108,800,6643,35675,115.5701754385965,13.02,1.2118724460011676,31.75
GEMM_config_M1024_K512_N1024_UM16_UK8_UN16_ijk_BIAS_False_INLINE_True_COMPORDER_option_1_ap_fixed_32_10_,Overall,1222083,12.221 ms,2140,792,17930,72796,117.32456140350878,26.56,3.2709427904261528,31.43
GEMM_config_M1024_K512_N1024_UM16_UK16_UN8_ijk_BIAS_False_INLINE_True_COMPORDER_option_1_ap_fixed_32_10_,Overall,1155492,11.555 ms,2132,1568,8464,65312,116.8859649122807,23.83,1.5440747227086982,62.22
GEMM_config_M1024_K512_N1024_UM16_UK16_UN16_ijk_BIAS_False_INLINE_True_COMPORDER_option_1_ap_fixed_32_10_,Overall,1122723,11.227 ms,2148,2072,9728,85113,117.76315789473684,31.05,1.7746643315820199,82.22
GEMM_config_M1024_K768_N256_UM8_UK8_UN8_ijk_BIAS_False_INLINE_True_COMPORDER_option_1_ap_fixed_32_10_,Overall,1114724,11.147 ms,2100,544,5424,26094,115.13157894736842,9.52,0.989492119089317,21.59
GEMM_config_M1024_K768_N256_UM8_UK8_UN16_ijk_BIAS_False_INLINE_True_COMPORDER_option_1_ap_fixed_32_10_,Overall,1201763,12.018 ms,2100,664,12649,50663,115.13157894736842,18.48,2.307537945125511,26.35
GEMM_config_M1024_K768_N256_UM8_UK16_UN8_ijk_BIAS_False_INLINE_True_COMPORDER_option_1_ap_fixed_32_10_,Overall,1065524,10.655 ms,2364,1056,7420,46565,129.60526315789474,16.99,1.3536193812025687,41.9
GEMM_config_M1024_K768_N256_UM8_UK16_UN16_ijk_BIAS_False_INLINE_True_COMPORDER_option_1_ap_fixed_32_10_,Overall,1053235,10.532 ms,2348,1560,9455,66494,128.7280701754386,24.26,1.7248613543490954,61.9
GEMM_config_M1024_K768_N256_UM16_UK8_UN8_ijk_BIAS_False_INLINE_True_COMPORDER_option_1_ap_fixed_32_10_,Overall,1114660,11.147 ms,2364,800,6685,36329,129.60526315789474,13.25,1.2195344424985406,31.75
GEMM_config_M1024_K768_N256_UM16_UK8_UN16_ijk_BIAS_False_INLINE_True_COMPORDER_option_1_ap_fixed_32_10_,Overall,1201699,12.017 ms,2364,792,19254,73578,129.60526315789474,26.85,3.5124781085814365,31.43
GEMM_config_M1024_K768_N256_UM16_UK16_UN8_ijk_BIAS_False_INLINE_True_COMPORDER_option_1_ap_fixed_32_10_,Overall,1065460,10.655 ms,2628,1568,9001,66061,144.07894736842107,24.1,1.6420388207822534,62.22
GEMM_config_M1024_K768_N256_UM16_UK16_UN16_ijk_BIAS_False_INLINE_True_COMPORDER_option_1_ap_fixed_32_10_,Overall,1053171,10.532 ms,2612,2072,11036,85990,143.20175438596493,31.37,2.01328079392878,82.22
GEMM_config_M1024_K768_N512_UM8_UK8_UN8_ijk_BIAS_False_INLINE_True_COMPORDER_option_1_ap_fixed_32_10_,Overall,1336228,13.362 ms,2484,544,5505,26111,136.1842105263158,9.53,1.004268826619965,21.59
GEMM_config_M1024_K768_N512_UM8_UK8_UN16_ijk_BIAS_False_INLINE_True_COMPORDER_option_1_ap_fixed_32_10_,Overall,1410979,14.110 ms,2644,664,11769,50552,144.95614035087718,18.44,2.1470008756567425,26.35
GEMM_config_M1024_K768_N512_UM8_UK16_UN8_ijk_BIAS_False_INLINE_True_COMPORDER_option_1_ap_fixed_32_10_,Overall,1287028,12.870 ms,2892,1056,7062,46462,158.55263157894737,16.95,1.2883099824868651,41.9
GEMM_config_M1024_K768_N512_UM8_UK16_UN16_ijk_BIAS_False_INLINE_True_COMPORDER_option_1_ap_fixed_32_10_,Overall,1262451,12.625 ms,2908,1560,8199,66263,159.4298245614035,24.18,1.495731173380035,61.9
GEMM_config_M1024_K768_N512_UM16_UK8_UN8_ijk_BIAS_False_INLINE_True_COMPORDER_option_1_ap_fixed_32_10_,Overall,1336164,13.362 ms,2748,800,6766,36346,150.6578947368421,13.26,1.2343111500291886,31.75
GEMM_config_M1024_K768_N512_UM16_UK8_UN16_ijk_BIAS_False_INLINE_True_COMPORDER_option_1_ap_fixed_32_10_,Overall,1410915,14.109 ms,2908,792,18374,73467,159.4298245614035,26.8,3.351941039112668,31.43
GEMM_config_M1024_K768_N512_UM16_UK16_UN8_ijk_BIAS_False_INLINE_True_COMPORDER_option_1_ap_fixed_32_10_,Overall,1286964,12.870 ms,3156,1568,8643,65958,173.0263157894737,24.07,1.5767294220665498,62.22
GEMM_config_M1024_K768_N512_UM16_UK16_UN16_ijk_BIAS_False_INLINE_True_COMPORDER_option_1_ap_fixed_32_10_,Overall,1262387,12.624 ms,3172,2072,9780,85759,173.9035087719298,31.29,1.7841506129597198,82.22
GEMM_config_M1024_K768_N1024_UM8_UK8_UN8_ijk_BIAS_False_INLINE_True_COMPORDER_option_1_ap_fixed_32_10_,Overall,1779236,17.792 ms,3124,544,5586,26115,171.2719298245614,9.53,1.019045534150613,21.59
GEMM_config_M1024_K768_N1024_UM8_UK8_UN16_ijk_BIAS_False_INLINE_True_COMPORDER_option_1_ap_fixed_32_10_,Overall,1829411,18.294 ms,3412,664,11913,50556,187.06140350877195,18.45,2.17327057793345,26.35
GEMM_config_M1024_K768_N1024_UM8_UK16_UN8_ijk_BIAS_False_INLINE_True_COMPORDER_option_1_ap_fixed_32_10_,Overall,1730036,17.300 ms,3660,1056,7216,46474,200.65789473684214,16.96,1.3164039696438996,41.9
GEMM_config_M1024_K768_N1024_UM8_UK16_UN16_ijk_BIAS_False_INLINE_True_COMPORDER_option_1_ap_fixed_32_10_,Overall,1680883,16.809 ms,3932,1560,8479,66275,215.5701754385965,24.18,1.5468111500291886,61.9
GEMM_config_M1024_K768_N1024_UM16_UK8_UN8_ijk_BIAS_False_INLINE_True_COMPORDER_option_1_ap_fixed_32_10_,Overall,1779172,17.792 ms,3388,800,6847,36350,185.74561403508773,13.26,1.2490878575598365,31.75
GEMM_config_M1024_K768_N1024_UM16_UK8_UN16_ijk_BIAS_False_INLINE_True_COMPORDER_option_1_ap_fixed_32_10_,Overall,1829347,18.293 ms,3676,792,18518,73471,201.53508771929825,26.81,3.378210741389375,31.43
GEMM_config_M1024_K768_N1024_UM16_UK16_UN8_ijk_BIAS_False_INLINE_True_COMPORDER_option_1_ap_fixed_32_10_,Overall,1729972,17.300 ms,3924,1568,8797,65970,215.1315789473684,24.07,1.6048234092235842,62.22
GEMM_config_M1024_K768_N1024_UM16_UK16_UN16_ijk_BIAS_False_INLINE_True_COMPORDER_option_1_ap_fixed_32_10_,Overall,1680819,16.808 ms,4196,2072,10060,85771,230.04385964912282,31.29,1.8352305896088734,82.22
GEMM_config_M1024_K1024_N256_UM8_UK8_UN8_ijk_BIAS_False_INLINE_True_COMPORDER_option_1_ap_fixed_32_10_,Overall,1484420,14.844 ms,2484,544,5365,25725,136.1842105263158,9.39,0.9787288382953883,21.59
GEMM_config_M1024_K1024_N256_UM8_UK8_UN16_ijk_BIAS_False_INLINE_True_COMPORDER_option_1_ap_fixed_32_10_,Overall,1600131,16.001 ms,2484,664,12590,50294,136.1842105263158,18.35,2.2967746643315823,26.35
GEMM_config_M1024_K1024_N256_UM8_UK16_UN8_ijk_BIAS_False_INLINE_True_COMPORDER_option_1_ap_fixed_32_10_,Overall,1418820,14.188 ms,2620,1056,7361,46203,143.640350877193,16.86,1.34285610040864,41.9
GEMM_config_M1024_K1024_N256_UM8_UK16_UN16_ijk_BIAS_False_INLINE_True_COMPORDER_option_1_ap_fixed_32_10_,Overall,1402435,14.024 ms,2604,1560,9396,66132,142.76315789473685,24.13,1.7140980735551665,61.9
GEMM_config_M1024_K1024_N256_UM16_UK8_UN8_ijk_BIAS_False_INLINE_True_COMPORDER_option_1_ap_fixed_32_10_,Overall,1484356,14.844 ms,2620,800,6635,35679,143.640350877193,13.02,1.210413018096906,31.75
GEMM_config_M1024_K1024_N256_UM16_UK8_UN16_ijk_BIAS_False_INLINE_True_COMPORDER_option_1_ap_fixed_32_10_,Overall,1600067,16.001 ms,2620,792,19204,72928,143.640350877193,26.61,3.5033566841798014,31.43
GEMM_config_M1024_K1024_N256_UM16_UK16_UN8_ijk_BIAS_False_INLINE_True_COMPORDER_option_1_ap_fixed_32_10_,Overall,1418756,14.188 ms,2628,1568,8951,65428,144.07894736842107,23.87,1.6329173963806187,62.22
GEMM_config_M1024_K1024_N256_UM16_UK16_UN16_ijk_BIAS_False_INLINE_True_COMPORDER_option_1_ap_fixed_32_10_,Overall,1402371,14.024 ms,2612,2072,10986,85357,143.20175438596493,31.14,2.0041593695271454,82.22
GEMM_config_M1024_K1024_N512_UM8_UK8_UN8_ijk_BIAS_False_INLINE_True_COMPORDER_option_1_ap_fixed_32_10_,Overall,1779652,17.797 ms,2996,544,5446,25742,164.25438596491227,9.39,0.9935055458260362,21.59
GEMM_config_M1024_K1024_N512_UM8_UK8_UN16_ijk_BIAS_False_INLINE_True_COMPORDER_option_1_ap_fixed_32_10_,Overall,1878979,18.790 ms,3028,664,11710,50183,166.00877192982458,18.31,2.1362375948628136,26.35
GEMM_config_M1024_K1024_N512_UM8_UK16_UN8_ijk_BIAS_False_INLINE_True_COMPORDER_option_1_ap_fixed_32_10_,Overall,1714052,17.141 ms,3148,1056,7003,46100,172.58771929824562,16.82,1.2775467016929363,41.9
GEMM_config_M1024_K1024_N512_UM8_UK16_UN16_ijk_BIAS_False_INLINE_True_COMPORDER_option_1_ap_fixed_32_10_,Overall,1681283,16.813 ms,3164,1560,8140,65901,173.46491228070175,24.04,1.4849678925861063,61.9
GEMM_config_M1024_K1024_N512_UM16_UK8_UN8_ijk_BIAS_False_INLINE_True_COMPORDER_option_1_ap_fixed_32_10_,Overall,1779588,17.796 ms,3132,800,6716,35696,171.71052631578948,13.02,1.225189725627554,31.75
GEMM_config_M1024_K1024_N512_UM16_UK8_UN16_ijk_BIAS_False_INLINE_True_COMPORDER_option_1_ap_fixed_32_10_,Overall,1878915,18.789 ms,3164,792,18324,72817,173.46491228070175,26.57,3.342819614711033,31.43
GEMM_config_M1024_K1024_N512_UM16_UK16_UN8_ijk_BIAS_False_INLINE_True_COMPORDER_option_1_ap_fixed_32_10_,Overall,1713988,17.140 ms,3156,1568,8593,65325,173.0263157894737,23.83,1.5676079976649153,62.22
GEMM_config_M1024_K1024_N512_UM16_UK16_UN16_ijk_BIAS_False_INLINE_True_COMPORDER_option_1_ap_fixed_32_10_,Overall,1681219,16.812 ms,3172,2072,9730,85126,173.9035087719298,31.06,1.7750291885580853,82.22
GEMM_config_M1024_K1024_N768_UM8_UK8_UN8_ijk_BIAS_False_INLINE_True_COMPORDER_option_1_ap_fixed_32_10_,Overall,2074884,20.749 ms,3508,544,5523,26130,192.32456140350877,9.53,1.0075525394045535,21.59
GEMM_config_M1024_K1024_N768_UM8_UK8_UN16_ijk_BIAS_False_INLINE_True_COMPORDER_option_1_ap_fixed_32_10_,Overall,2157827,21.578 ms,3796,664,11850,50564,208.11403508771932,18.45,2.1617775831873907,26.35
GEMM_config_M1024_K1024_N768_UM8_UK16_UN8_ijk_BIAS_False_INLINE_True_COMPORDER_option_1_ap_fixed_32_10_,Overall,2009284,20.093 ms,3916,1056,7144,46777,214.69298245614036,17.07,1.3032691185055458,41.9
GEMM_config_M1024_K1024_N768_UM8_UK16_UN16_ijk_BIAS_False_INLINE_True_COMPORDER_option_1_ap_fixed_32_10_,Overall,1960131,19.601 ms,4188,1560,8407,66561,229.60526315789474,24.29,1.5336762988908348,61.9
GEMM_config_M1024_K1024_N768_UM16_UK8_UN8_ijk_BIAS_False_INLINE_True_COMPORDER_option_1_ap_fixed_32_10_,Overall,2074820,20.748 ms,3644,800,6793,36084,199.78070175438597,13.17,1.2392367192060711,31.75
GEMM_config_M1024_K1024_N768_UM16_UK8_UN16_ijk_BIAS_False_INLINE_True_COMPORDER_option_1_ap_fixed_32_10_,Overall,2157763,21.578 ms,3932,792,18464,73198,215.5701754385965,26.71,3.36835960303561,31.43
GEMM_config_M1024_K1024_N768_UM16_UK16_UN8_ijk_BIAS_False_INLINE_True_COMPORDER_option_1_ap_fixed_32_10_,Overall,2009220,20.092 ms,3924,1568,8734,66002,215.1315789473684,24.08,1.5933304144775249,62.22
GEMM_config_M1024_K1024_N768_UM16_UK16_UN16_ijk_BIAS_False_INLINE_True_COMPORDER_option_1_ap_fixed_32_10_,Overall,1960067,19.601 ms,4196,2072,9997,85786,230.04385964912282,31.3,1.8237375948628138,82.22
GEMM_config_M1024_K1024_N1024_UM8_UK8_UN8_ijk_BIAS_False_INLINE_True_COMPORDER_option_1_ap_fixed_32_10_,Overall,2370116,23.701 ms,3892,544,5527,25746,213.3771929824561,9.39,1.0082822533566842,21.59
GEMM_config_M1024_K1024_N1024_UM8_UK8_UN16_ijk_BIAS_False_INLINE_True_COMPORDER_option_1_ap_fixed_32_10_,Overall,2436675,24.367 ms,4052,664,11854,50187,222.14912280701756,18.31,2.162507297139521,26.35
GEMM_config_M1024_K1024_N1024_UM8_UK16_UN8_ijk_BIAS_False_INLINE_True_COMPORDER_option_1_ap_fixed_32_10_,Overall,2304516,23.045 ms,4172,1056,7157,46112,228.7280701754386,16.82,1.3056406888499708,41.9
GEMM_config_M1024_K1024_N1024_UM8_UK16_UN16_ijk_BIAS_False_INLINE_True_COMPORDER_option_1_ap_fixed_32_10_,Overall,2238979,22.390 ms,4188,1560,8420,65913,229.60526315789474,24.05,1.5360478692352597,61.9
GEMM_config_M1024_K1024_N1024_UM16_UK8_UN8_ijk_BIAS_False_INLINE_True_COMPORDER_option_1_ap_fixed_32_10_,Overall,2370052,23.701 ms,4028,800,6797,35700,220.83333333333334,13.03,1.239966433158202,31.75
GEMM_config_M1024_K1024_N1024_UM16_UK8_UN16_ijk_BIAS_False_INLINE_True_COMPORDER_option_1_ap_fixed_32_10_,Overall,2436611,24.366 ms,4188,792,18468,72821,229.60526315789474,26.57,3.369089316987741,31.43
GEMM_config_M1024_K1024_N1024_UM16_UK16_UN8_ijk_BIAS_False_INLINE_True_COMPORDER_option_1_ap_fixed_32_10_,Overall,2304452,23.045 ms,4180,1568,8747,65337,229.16666666666666,23.84,1.5957019848219498,62.22
GEMM_config_M1024_K1024_N1024_UM16_UK16_UN16_ijk_BIAS_False_INLINE_True_COMPORDER_option_1_ap_fixed_32_10_,Overall,2238915,22.389 ms,4196,2072,10010,85138,230.04385964912282,31.06,1.826109165207239,82.22
