design,domain,operator,variant,datatype,rounding_overflow,stress,input_range,n_trials,seed_base,golden,accum_len,tol,trials_pass,max_abs_err,mean_abs_err,rmse,sqnr_db,rel_l2,frac_within_tol,max_abs_err_raw,rmse_raw,overflow_trials,overflow_elements,n_elements,total_s,notes
ops/gemm/activation__elu,gemm,activation,elu,float,,NO,"[-8.0, 8.0]",100,42,numpy float64 on float32 inputs,32,,100,5.627715893297136e-08,7.710070200818864e-09,1.2775296744826174e-08,168.3322820264899,3.831650589816843e-09,,,,,,512,24.1,
ops/gemm/activation__elu,gemm,activation,elu,"fixed<16,5>",RND/SAT,NO,,100,42,numpy float64 on quantized inputs,,,,,,,,,,,,,,,15.5,ERROR: CSIM build failed (rc=1); see /usr/scratch/awanna3/ForgeBench/_sweeps/verif_work/fixed_16_5_rnd_sat/gemm/_vprep_activation__elu/vitis_trial0.log
ops/gemm/activation__elu,gemm,activation,elu,"fixed<32,10>",RND/SAT,NO,,100,42,numpy float64 on quantized inputs,,,,,,,,,,,,,,,15.5,ERROR: CSIM build failed (rc=1); see /usr/scratch/awanna3/ForgeBench/_sweeps/verif_work/fixed_32_10_rnd_sat/gemm/_vprep_activation__elu/vitis_trial0.log
ops/gemm/activation__elu,gemm,activation,elu,"ap_fixed<16,5>",TRN/WRAP,NO,"[-8.0, 8.0]",100,42,numpy float64 on quantized inputs,32,0.0161133,,0.0005363295687639269,0.000126387622483599,0.0002058117889119242,84.18992074967997,6.173109242265508e-05,1.0,0.000999819796968171,0.0003042668118312423,100,1159,512,159.3,
ops/gemm/activation__gelu,gemm,activation,gelu,float,,NO,"[-8.0, 8.0]",100,42,numpy float64 on float32 inputs,32,,100,4.323947546680529e-07,3.1840201550117565e-08,6.191579948994095e-08,154.4500201716302,1.8945191146249632e-08,,,,,,512,21.5,
ops/gemm/activation__gelu,gemm,activation,gelu,"fixed<16,5>",RND/SAT,NO,,100,42,numpy float64 on quantized inputs,,,,,,,,,,,,,,,18.6,ERROR: CSIM build failed (rc=1); see /usr/scratch/awanna3/ForgeBench/_sweeps/verif_work/fixed_16_5_rnd_sat/gemm/_vprep_activation__gelu/vitis_trial0.log
ops/gemm/activation__gelu,gemm,activation,gelu,"fixed<32,10>",RND/SAT,NO,,100,42,numpy float64 on quantized inputs,,,,,,,,,,,,,,,18.5,ERROR: CSIM build failed (rc=1); see /usr/scratch/awanna3/ForgeBench/_sweeps/verif_work/fixed_32_10_rnd_sat/gemm/_vprep_activation__gelu/vitis_trial0.log
ops/gemm/activation__gelu,gemm,activation,gelu,"ap_fixed<16,5>",TRN/WRAP,NO,,100,42,numpy float64 on quantized inputs,,,,,,,,,,,,,,,19.0,ERROR: CSIM build failed (rc=1); see /usr/scratch/awanna3/ForgeBench/_sweeps/verif_work/fixed_16_5_trn_wrap/gemm/_vprep_activation__gelu/vitis_trial0.log
ops/gemm/activation__hardsigmoid,gemm,activation,hardsigmoid,float,,NO,"[-8.0, 8.0]",100,42,numpy float64 on float32 inputs,32,,100,5.960464477539063e-08,5.220844647338353e-09,1.2527897715937292e-08,154.4476443610294,1.8950373844177997e-08,,,,,,512,18.2,
ops/gemm/activation__hardsigmoid,gemm,activation,hardsigmoid,"fixed<16,5>",RND/SAT,NO,"[-8.0, 8.0]",100,42,numpy float64 on quantized inputs,32,0.00805664,,0.00040690104166668517,7.608890533447268e-05,0.00015053061579448562,72.85271172347487,0.00022770072521684093,1.0,0.0004475827427337653,0.0001511299730771381,0,0,512,45.7,
ops/gemm/activation__hardsigmoid,gemm,activation,hardsigmoid,"fixed<32,10>",RND/SAT,NO,"[-8.0, 8.0]",100,42,numpy float64 on quantized inputs,32,3.93391e-06,,1.9868214928830952e-07,3.7056549141854544e-08,7.353777148185281e-08,139.07499904542956,1.1123719979876591e-07,1.0,2.1854711196311882e-07,7.387634435969602e-08,0,0,512,45.8,
ops/gemm/activation__hardsigmoid,gemm,activation,hardsigmoid,"ap_fixed<16,5>",TRN/WRAP,NO,"[-8.0, 8.0]",100,42,numpy float64 on quantized inputs,32,0.0161133,,0.00040690104166668517,7.59315490722656e-05,0.0001503220920824283,72.86460015882221,0.00022738928289374723,1.0,0.00048823974277714677,0.0001720497612442474,0,0,512,42.2,
ops/gemm/activation__hardswish,gemm,activation,hardswish,float,,NO,"[-8.0, 8.0]",100,42,numpy float64 on float32 inputs,32,,100,2.957073377274355e-07,9.772539389233213e-09,2.9100784423611898e-08,160.9738726296419,8.939358791073811e-09,,,,,,512,18.2,
ops/gemm/activation__hardswish,gemm,activation,hardswish,"fixed<16,5>",RND/SAT,NO,"[-8.0, 8.0]",100,42,numpy float64 on quantized inputs,32,0.00805664,,0.0014353195826211085,0.00012695816733564018,0.0002751695697109443,81.4599569674222,8.452830329429211e-05,1.0,0.0016981091454386643,0.0002939450592112017,0,0,512,48.6,
ops/gemm/activation__hardswish,gemm,activation,hardswish,"fixed<32,10>",RND/SAT,NO,"[-8.0, 8.0]",100,42,numpy float64 on quantized inputs,32,3.93391e-06,,7.113051102205364e-07,6.233938950483207e-08,1.3452428976195366e-07,147.67595238528526,4.1324002651199e-08,1.0,8.712271011290795e-07,1.4321524680731782e-07,0,0,512,48.1,
ops/gemm/activation__hardswish,gemm,activation,hardswish,"ap_fixed<16,5>",TRN/WRAP,NO,"[-8.0, 8.0]",100,42,numpy float64 on quantized inputs,32,0.0161133,,0.0016422669092812647,0.0001505914128695936,0.00031115026660431756,80.39216208524454,9.5585473474878e-05,1.0,0.0023136124463047913,0.00044531337339761407,0,0,512,48.8,
ops/gemm/activation__leaky_relu,gemm,activation,leaky_relu,float,,NO,"[-8.0, 8.0]",100,42,numpy float64 on float32 inputs,32,,100,5.36441803478116e-09,5.642764002990079e-10,1.1432964150045425e-09,189.13509697372206,3.4933745445411507e-10,,,,,,512,18.3,
ops/gemm/activation__leaky_relu,gemm,activation,leaky_relu,"fixed<16,5>",RND/SAT,NO,,100,42,numpy float64 on quantized inputs,,,,,,,,,,,,,,,15.6,ERROR: CSIM build failed (rc=1); see /usr/scratch/awanna3/ForgeBench/_sweeps/verif_work/fixed_16_5_rnd_sat/gemm/_vprep_activation__leaky_relu/vitis_trial0.log
ops/gemm/activation__leaky_relu,gemm,activation,leaky_relu,"fixed<32,10>",RND/SAT,NO,,100,42,numpy float64 on quantized inputs,,,,,,,,,,,,,,,15.6,ERROR: CSIM build failed (rc=1); see /usr/scratch/awanna3/ForgeBench/_sweeps/verif_work/fixed_32_10_rnd_sat/gemm/_vprep_activation__leaky_relu/vitis_trial0.log
ops/gemm/activation__leaky_relu,gemm,activation,leaky_relu,"ap_fixed<16,5>",TRN/WRAP,NO,,100,42,numpy float64 on quantized inputs,,,,,,,,,,,,,,,15.7,ERROR: CSIM build failed (rc=1); see /usr/scratch/awanna3/ForgeBench/_sweeps/verif_work/fixed_16_5_trn_wrap/gemm/_vprep_activation__leaky_relu/vitis_trial0.log
ops/gemm/activation__prelu,gemm,activation,prelu,float,,NO,"[-8.0, 8.0]",100,42,numpy float64 on float32 inputs,32,,100,0.0,0.0,0.0,inf,0.0,,,,,,512,18.3,
ops/gemm/activation__prelu,gemm,activation,prelu,"fixed<16,5>",RND/SAT,NO,,100,42,numpy float64 on quantized inputs,,,,,,,,,,,,,,,15.6,ERROR: CSIM build failed (rc=1); see /usr/scratch/awanna3/ForgeBench/_sweeps/verif_work/fixed_16_5_rnd_sat/gemm/_vprep_activation__prelu/vitis_trial0.log
ops/gemm/activation__prelu,gemm,activation,prelu,"fixed<32,10>",RND/SAT,NO,,100,42,numpy float64 on quantized inputs,,,,,,,,,,,,,,,15.6,ERROR: CSIM build failed (rc=1); see /usr/scratch/awanna3/ForgeBench/_sweeps/verif_work/fixed_32_10_rnd_sat/gemm/_vprep_activation__prelu/vitis_trial0.log
ops/gemm/activation__prelu,gemm,activation,prelu,"ap_fixed<16,5>",TRN/WRAP,NO,,100,42,numpy float64 on quantized inputs,,,,,,,,,,,,,,,15.6,ERROR: CSIM build failed (rc=1); see /usr/scratch/awanna3/ForgeBench/_sweeps/verif_work/fixed_16_5_trn_wrap/gemm/_vprep_activation__prelu/vitis_trial0.log
ops/gemm/activation__relu,gemm,activation,relu,float,,NO,"[-8.0, 8.0]",100,42,numpy float64 on float32 inputs,32,,100,0.0,0.0,0.0,inf,0.0,,,,,,512,18.2,
ops/gemm/activation__relu,gemm,activation,relu,"fixed<16,5>",RND/SAT,NO,"[-8.0, 8.0]",100,42,numpy float64 on quantized inputs,32,0.00805664,,0.0,0.0,0.0,inf,0.0,1.0,0.0002441383621647475,9.942636883715004e-05,0,0,512,41.7,
ops/gemm/activation__relu,gemm,activation,relu,"fixed<32,10>",RND/SAT,NO,"[-8.0, 8.0]",100,42,numpy float64 on quantized inputs,32,3.93391e-06,,0.0,0.0,0.0,inf,0.0,1.0,1.1920343112592491e-07,4.870726504811501e-08,0,0,512,42.4,
ops/gemm/activation__relu,gemm,activation,relu,"ap_fixed<16,5>",TRN/WRAP,NO,"[-8.0, 8.0]",100,42,numpy float64 on quantized inputs,32,0.0161133,,0.0,0.0,0.0,inf,0.0,1.0,0.00048827400070727833,0.00019943645261048546,0,0,512,44.2,
ops/gemm/activation__relu6,gemm,activation,relu6,float,,NO,"[-8.0, 8.0]",100,42,numpy float64 on float32 inputs,32,,100,0.0,0.0,0.0,inf,0.0,,,,,,512,18.2,
ops/gemm/activation__relu6,gemm,activation,relu6,"fixed<16,5>",RND/SAT,NO,"[-8.0, 8.0]",100,42,numpy float64 on quantized inputs,32,0.00805664,,0.0,0.0,0.0,inf,0.0,1.0,0.0002441383621647475,8.581336674388609e-05,0,0,512,47.1,
ops/gemm/activation__relu6,gemm,activation,relu6,"fixed<32,10>",RND/SAT,NO,"[-8.0, 8.0]",100,42,numpy float64 on quantized inputs,32,3.93391e-06,,0.0,0.0,0.0,inf,0.0,1.0,1.1920343112592491e-07,4.201066527966239e-08,0,0,512,46.8,
ops/gemm/activation__relu6,gemm,activation,relu6,"ap_fixed<16,5>",TRN/WRAP,NO,"[-8.0, 8.0]",100,42,numpy float64 on quantized inputs,32,0.0161133,,0.0,0.0,0.0,inf,0.0,1.0,0.00048827400070727833,0.00017226301693956246,0,0,512,46.1,
ops/gemm/activation__rrelu,gemm,activation,rrelu,float,,NO,"[-8.0, 8.0]",100,42,numpy float64 on float32 inputs,32,,100,8.940696716308594e-08,1.2011508540449083e-08,2.3763807741237852e-08,163.0008416895417,7.0787718557414765e-09,,,,,,512,18.3,
ops/gemm/activation__rrelu,gemm,activation,rrelu,"fixed<16,5>",RND/SAT,NO,"[-8.0, 8.0]",100,42,numpy float64 on quantized inputs,32,0.00805664,,0.0015360514322915186,0.00032961845397946866,0.0005412265300846419,75.85157938997402,0.0001612207846497167,1.0,0.001582831234616222,0.0005507813291740495,0,0,512,47.0,
ops/gemm/activation__rrelu,gemm,activation,rrelu,"fixed<32,10>",RND/SAT,NO,"[-8.0, 8.0]",100,42,numpy float64 on quantized inputs,32,3.93391e-06,,1.385807991027832e-06,3.190431743629361e-07,5.21329135972302e-07,136.17692234104967,1.5529371625061385e-07,1.0,1.4067399740635977e-06,5.237270697080455e-07,0,0,512,48.8,
ops/gemm/activation__rrelu,gemm,activation,rrelu,"ap_fixed<16,5>",TRN/WRAP,NO,"[-8.0, 8.0]",100,42,numpy float64 on quantized inputs,32,0.0161133,,0.0013020833333332593,0.00023348053296404895,0.00040284197526914325,78.416110623466,0.00012000365364449859,1.0,0.0012907266529833539,0.00042605754725404897,0,0,512,46.6,
ops/gemm/activation__selu,gemm,activation,selu,float,,NO,"[-8.0, 8.0]",100,42,numpy float64 on float32 inputs,32,,100,7.538968702647253e-07,9.283576553104437e-08,1.445024261409016e-07,147.96871785038198,3.99543534747333e-08,,,,,,512,24.1,
ops/gemm/activation__selu,gemm,activation,selu,"fixed<16,5>",RND/SAT,NO,,100,42,numpy float64 on quantized inputs,,,,,,,,,,,,,,,15.7,ERROR: CSIM build failed (rc=1); see /usr/scratch/awanna3/ForgeBench/_sweeps/verif_work/fixed_16_5_rnd_sat/gemm/_vprep_activation__selu/vitis_trial0.log
ops/gemm/activation__selu,gemm,activation,selu,"fixed<32,10>",RND/SAT,NO,,100,42,numpy float64 on quantized inputs,,,,,,,,,,,,,,,15.6,ERROR: CSIM build failed (rc=1); see /usr/scratch/awanna3/ForgeBench/_sweeps/verif_work/fixed_32_10_rnd_sat/gemm/_vprep_activation__selu/vitis_trial0.log
ops/gemm/activation__selu,gemm,activation,selu,"ap_fixed<16,5>",TRN/WRAP,NO,"[-8.0, 8.0]",100,42,numpy float64 on quantized inputs,32,0.0161133,,0.003745584514200928,0.001135236178993464,0.0015273978564076,67.48683410412211,0.0004223361871487924,1.0,0.004182684556974792,0.0016953606204979349,100,1159,512,155.0,
ops/gemm/activation__sigmoid,gemm,activation,sigmoid,float,,NO,"[-8.0, 8.0]",100,42,numpy float64 on float32 inputs,32,,100,8.829352371453325e-08,1.5916849913125242e-08,2.520312016360948e-08,148.3774357198123,3.811783396513328e-08,,,,,,512,27.3,
ops/gemm/activation__sigmoid,gemm,activation,sigmoid,"fixed<16,5>",RND/SAT,NO,"[-8.0, 8.0]",100,42,numpy float64 on quantized inputs,32,0.00805664,,0.02993808736953352,0.006843671838995283,0.013195552081837572,33.99797077934164,0.01995728507916622,0.73521484375,0.029938070755942212,0.013195556230572293,100,15600,512,148.9,
ops/gemm/activation__sigmoid,gemm,activation,sigmoid,"fixed<32,10>",RND/SAT,NO,"[-8.0, 8.0]",100,42,numpy float64 on quantized inputs,32,3.93391e-06,,0.0006402420700122272,2.506452757097981e-05,0.00010784554237019744,75.75047794262879,0.00016310831561165148,0.933984375,0.0006402420816258067,0.00010784554272662893,100,3710,512,161.9,
ops/gemm/activation__sigmoid,gemm,activation,sigmoid,"ap_fixed<16,5>",TRN/WRAP,NO,"[-8.0, 8.0]",100,42,numpy float64 on quantized inputs,32,0.0161133,,0.5610355803772177,0.006854526331290283,0.013426337930495375,33.847218971535746,0.020306685906533995,0.7643359375,0.561035405077898,0.013426029108845437,100,15609,512,150.1,
ops/gemm/activation__softmax,gemm,activation,softmax,float,,NO,"[-8.0, 8.0]",100,42,numpy float64 on float32 inputs,32,,100,2.1553081908098903e-07,2.409071722264778e-09,8.52006401509247e-09,140.17784582789045,9.797329371114218e-08,,,,,,512,27.1,
ops/gemm/activation__softmax,gemm,activation,softmax,"fixed<16,5>",RND/SAT,NO,"[-8.0, 8.0]",100,42,numpy float64 on quantized inputs,32,0.00805664,,0.0037375012038233235,0.00015767800955221608,0.00024877593107225317,50.87054110154953,0.0028607041428826323,1.0,0.0037288979186951288,0.00024900080091054853,100,559,512,152.6,
ops/gemm/activation__softmax,gemm,activation,softmax,"fixed<32,10>",RND/SAT,NO,"[-8.0, 8.0]",100,42,numpy float64 on quantized inputs,32,3.93391e-06,,3.01584071482619e-06,1.579502333569446e-07,1.9691962842912817e-07,112.90092281529738,2.264403717683994e-06,1.0,3.0140878725104514e-06,1.969659968868235e-07,97,567,512,161.0,
ops/gemm/activation__softmax,gemm,activation,softmax,"ap_fixed<16,5>",TRN/WRAP,NO,"[-8.0, 8.0]",100,42,numpy float64 on quantized inputs,32,0.0161133,,0.0037523724798963487,0.00015757676572297503,0.00024859766806996575,50.876764763371995,0.002858655109462449,1.0,0.0037288979186951288,0.0002487815905052539,99,541,512,149.6,
ops/gemm/activation__swish,gemm,activation,swish,float,,NO,"[-8.0, 8.0]",100,42,numpy float64 on float32 inputs,32,,100,8.753972817743261e-07,7.332997393495033e-08,1.4383506273490914e-07,147.05830472291296,4.436952341364445e-08,,,,,,512,35.8,
ops/gemm/activation__swish,gemm,activation,swish,"fixed<16,5>",RND/SAT,NO,"[-8.0, 8.0]",100,42,numpy float64 on quantized inputs,32,0.00805664,,0.23950469895626816,0.04135475097994045,0.08422734223530627,31.706536657347502,0.025982035219267022,0.7204296875,0.23950458266711405,0.08422739071082924,100,15569,512,144.6,
ops/gemm/activation__swish,gemm,activation,swish,"fixed<32,10>",RND/SAT,NO,"[-8.0, 8.0]",100,42,numpy float64 on quantized inputs,32,3.93391e-06,,0.005121953191292213,0.00019051805550650478,0.0008296639363416083,71.8375558086576,0.000255930596898153,0.933828125,0.005121953272582799,0.0008296639383701768,100,3703,512,155.7,
ops/gemm/activation__swish,gemm,activation,swish,"ap_fixed<16,5>",TRN/WRAP,NO,"[-8.0, 8.0]",100,42,numpy float64 on quantized inputs,32,0.0161133,,4.278018370688785,0.04146231776093342,0.08643659997918114,31.481242567629593,0.026664771819822422,0.72564453125,4.278017209447876,0.08643468573957316,100,15560,512,148.0,
ops/gemm/activation__tanh,gemm,activation,tanh,float,,NO,"[-8.0, 8.0]",100,42,numpy float64 on float32 inputs,32,,100,1.1146708034370789e-07,1.5447523950213237e-08,1.8855869066881154e-08,153.91028592471076,2.015977607018769e-08,,,,,,512,24.7,
ops/gemm/activation__tanh,gemm,activation,tanh,"fixed<16,5>",RND/SAT,NO,,100,42,numpy float64 on quantized inputs,,,,,,,,,,,,,,,9.3,ERROR: CSIM build failed (rc=1); see /usr/scratch/awanna3/ForgeBench/_sweeps/verif_work/fixed_16_5_rnd_sat/gemm/_vprep_activation__tanh/vitis_trial0.log
ops/gemm/activation__tanh,gemm,activation,tanh,"fixed<32,10>",RND/SAT,NO,,100,42,numpy float64 on quantized inputs,,,,,,,,,,,,,,,9.4,ERROR: CSIM build failed (rc=1); see /usr/scratch/awanna3/ForgeBench/_sweeps/verif_work/fixed_32_10_rnd_sat/gemm/_vprep_activation__tanh/vitis_trial0.log
ops/gemm/activation__tanh,gemm,activation,tanh,"ap_fixed<16,5>",TRN/WRAP,NO,"[-8.0, 8.0]",100,42,numpy float64 on quantized inputs,32,0.0161133,,2.6683349733960258,0.9145239067260452,1.3234087440198024,-3.0146633472648716,1.4149241765612701,0.49888671875,2.6683349787064983,1.323397245084404,100,16238,512,134.3,
ops/gemm/activation__thresholded_relu,gemm,activation,thresholded_relu,float,,NO,"[-8.0, 8.0]",100,42,numpy float64 on float32 inputs,32,,100,0.0,0.0,0.0,inf,0.0,,,,,,512,10.2,
ops/gemm/activation__thresholded_relu,gemm,activation,thresholded_relu,"fixed<16,5>",RND/SAT,NO,"[-8.0, 8.0]",100,42,numpy float64 on quantized inputs,32,0.00805664,,0.0,0.0,0.0,inf,0.0,1.0,0.0002441383621647475,9.277036131270668e-05,0,0,512,55.2,
ops/gemm/activation__thresholded_relu,gemm,activation,thresholded_relu,"fixed<32,10>",RND/SAT,NO,"[-8.0, 8.0]",100,42,numpy float64 on quantized inputs,32,3.93391e-06,,0.0,0.0,0.0,inf,0.0,1.0,1.1920343112592491e-07,4.555339017508766e-08,0,0,512,53.4,
ops/gemm/activation__thresholded_relu,gemm,activation,thresholded_relu,"ap_fixed<16,5>",TRN/WRAP,NO,"[-8.0, 8.0]",100,42,numpy float64 on quantized inputs,32,0.0161133,,0.0,0.0,0.0,inf,0.0,1.0,0.00048827400070727833,0.00018646262260363277,0,0,512,55.2,
ops/gemm/dot_product__bias0,gemm,dot_product,bias0,float,,NO,"[-1.0, 1.0]",100,42,numpy float64 on float32 inputs,64,,100,1.6124130253203361e-06,3.183401477810377e-07,4.3828979833226715e-07,136.5547339078179,1.4868368103852053e-07,,,,,,1,23.2,
ops/gemm/dot_product__bias0,gemm,dot_product,bias0,"fixed<16,5>",RND/SAT,NO,"[-1.0, 1.0]",100,42,numpy float64 on quantized inputs,64,0.0158691,,0.0032651424407958984,0.0008525729179382324,0.0010671631119621352,68.82500916145659,0.00036203415273479016,1.0,0.003827313557040135,0.0012984919086233024,0,0,1,66.1,
ops/gemm/dot_product__bias0,gemm,dot_product,bias0,"fixed<32,10>",RND/SAT,NO,"[-1.0, 1.0]",100,42,numpy float64 on quantized inputs,64,7.7486e-06,,1.466526668991719e-06,4.909293329546927e-07,5.98542183266155e-07,133.8480657191318,2.0304706397225716e-07,1.0,2.410368137972796e-06,7.990866888181004e-07,0,0,1,64.1,
ops/gemm/dot_product__bias0,gemm,dot_product,bias0,"ap_fixed<16,5>",TRN/WRAP,NO,"[-1.0, 1.0]",100,42,numpy float64 on quantized inputs,64,0.0317383,,0.018120288848876953,0.015456717014312744,0.015497317608608212,45.58439853712728,0.005257509585235512,1.0,0.021260973113407466,0.015509428734282219,0,0,1,67.8,
ops/gemm/dot_product__bias1,gemm,dot_product,bias1,float,,NO,"[-1.0, 1.0]",100,42,numpy float64 on float32 inputs,64,,100,1.339051440396588e-06,3.1440169744212375e-07,4.293087871675207e-07,136.66355551070953,1.468325105568296e-07,,,,,,1,23.0,
ops/gemm/dot_product__bias1,gemm,dot_product,bias1,"fixed<16,5>",RND/SAT,NO,"[-1.0, 1.0]",100,42,numpy float64 on quantized inputs,64,0.0158691,,0.0032651424407958984,0.0008525729179382324,0.0010671631119621352,68.75411690915232,0.0003650010842460034,1.0,0.003623368065922783,0.0012936722621873598,0,0,1,65.9,
ops/gemm/dot_product__bias1,gemm,dot_product,bias1,"fixed<32,10>",RND/SAT,NO,"[-1.0, 1.0]",100,42,numpy float64 on quantized inputs,64,7.7486e-06,,1.466526668991719e-06,4.909293329546927e-07,5.98542183266155e-07,133.7770556347955,2.047138463380811e-07,1.0,2.421411970487952e-06,8.075721036614006e-07,0,0,1,67.8,
ops/gemm/dot_product__bias1,gemm,dot_product,bias1,"ap_fixed<16,5>",TRN/WRAP,NO,"[-1.0, 1.0]",100,42,numpy float64 on quantized inputs,64,0.0317383,,0.018120288848876953,0.015456717014312744,0.015497317608608212,45.51318687373056,0.00530079069664527,1.0,0.021375099188206903,0.015745331883770617,0,0,1,69.2,
ops/gemm/gemm__bias0,gemm,gemm,bias0,float,,NO,"[-1.0, 1.0]",100,42,numpy float64 on float32 inputs,64,,100,3.954799199235026e-06,2.80298580005518e-07,3.9284864194586684e-07,136.5952270654932,1.4799213880771872e-07,,,,,,512,28.1,
ops/gemm/gemm__bias0,gemm,gemm,bias0,"fixed<16,5>",RND/SAT,NO,"[-1.0, 1.0]",100,42,numpy float64 on quantized inputs,64,0.0158691,,0.004885196685791016,0.0009015549859032035,0.0011294707175932889,67.42223381139736,0.0004254889730664506,1.0,0.005813618633911943,0.0014553151668033584,0,0,512,93.3,
ops/gemm/gemm__bias0,gemm,gemm,bias0,"fixed<32,10>",RND/SAT,NO,"[-1.0, 1.0]",100,42,numpy float64 on quantized inputs,64,7.7486e-06,,2.3754491280669754e-06,4.425422164799908e-07,5.534749098490914e-07,133.6177734296457,2.0850252970407373e-07,1.0,3.867750909991585e-06,7.165213056397293e-07,0,0,512,108.7,
ops/gemm/gemm__bias0,gemm,gemm,bias0,"ap_fixed<16,5>",TRN/WRAP,NO,"[-1.0, 1.0]",100,42,numpy float64 on quantized inputs,64,0.0317383,,0.0201873779296875,0.015573081597685813,0.015613925270830288,44.609454253185454,0.005882030706185326,1.0,0.025364754524911937,0.015729908787191663,0,0,512,90.8,
ops/gemm/gemm__bias1,gemm,gemm,bias1,float,,NO,"[-1.0, 1.0]",100,42,numpy float64 on float32 inputs,64,,100,3.132920642023862e-06,2.93741748030452e-07,4.120672289235442e-07,136.3771303036581,1.5175516624692915e-07,,,,,,512,30.0,
ops/gemm/gemm__bias1,gemm,gemm,bias1,"fixed<16,5>",RND/SAT,NO,"[-1.0, 1.0]",100,42,numpy float64 on quantized inputs,64,0.0158691,,0.004885196685791016,0.0009015549859032035,0.0011294707175932889,67.61899136603029,0.0004159589102014193,1.0,0.005673387566683452,0.0014618785034738334,0,0,512,99.8,
ops/gemm/gemm__bias1,gemm,gemm,bias1,"fixed<32,10>",RND/SAT,NO,"[-1.0, 1.0]",100,42,numpy float64 on quantized inputs,64,7.7486e-06,,2.3754491280669754e-06,4.425422164799908e-07,5.534749098490914e-07,133.81453308730426,2.038324598783947e-07,1.0,3.8119488956489533e-06,7.19901483365824e-07,0,0,512,111.0,
ops/gemm/gemm__bias1,gemm,gemm,bias1,"ap_fixed<16,5>",TRN/WRAP,NO,"[-1.0, 1.0]",100,42,numpy float64 on quantized inputs,64,0.0317383,,0.0201873779296875,0.015573081597685813,0.015613925270830288,44.80621625200533,0.0057502825815286904,1.0,0.025568320002239964,0.01597270938897402,0,0,512,91.7,
ops/gemm/mmv__bias0,gemm,mmv,bias0,float,,NO,"[-1.0, 1.0]",100,42,numpy float64 on float32 inputs,64,,100,2.1213913132811513e-06,2.7267928536349464e-07,3.844889142281227e-07,136.31722196773435,1.5280547020814263e-07,,,,,,16,39.5,
ops/gemm/mmv__bias0,gemm,mmv,bias0,"fixed<16,5>",RND/SAT,NO,"[-1.0, 1.0]",100,42,numpy float64 on quantized inputs,64,0.0158691,,0.003937244415283203,0.0009387290477752686,0.0011631644476831472,66.70186302224272,0.0004622818566864867,1.0,0.0053110022852675964,0.001485063687264252,0,0,16,97.4,
ops/gemm/mmv__bias0,gemm,mmv,bias0,"fixed<32,10>",RND/SAT,NO,"[-1.0, 1.0]",100,42,numpy float64 on quantized inputs,64,7.7486e-06,,2.136644923211861e-06,4.3140594691237766e-07,5.452741671310399e-07,133.28260003513623,2.1670553211487022e-07,1.0,2.6913360864355695e-06,7.184370555284762e-07,0,0,16,96.2,
ops/gemm/mmv__bias0,gemm,mmv,bias0,"ap_fixed<16,5>",TRN/WRAP,NO,"[-1.0, 1.0]",100,42,numpy float64 on quantized inputs,64,0.0317383,,0.019425153732299805,0.015558786541223526,0.01560082660297987,44.1518646092105,0.006200215286822019,1.0,0.022071086117181338,0.015832558488824696,0,0,16,102.4,
ops/gemm/mmv__bias1,gemm,mmv,bias1,float,,NO,"[-1.0, 1.0]",100,42,numpy float64 on float32 inputs,64,,100,2.115736129404411e-06,2.849304664337762e-07,4.005934653625873e-07,136.14485804286977,1.558680484544031e-07,,,,,,16,46.7,
ops/gemm/mmv__bias1,gemm,mmv,bias1,"fixed<16,5>",RND/SAT,NO,"[-1.0, 1.0]",100,42,numpy float64 on quantized inputs,64,0.0158691,,0.003937244415283203,0.0009387290477752686,0.0011631644476831472,66.88591551188549,0.000452589239707065,1.0,0.005475941322954148,0.001493704324194651,0,0,16,92.9,
ops/gemm/mmv__bias1,gemm,mmv,bias1,"fixed<32,10>",RND/SAT,NO,"[-1.0, 1.0]",100,42,numpy float64 on quantized inputs,64,7.7486e-06,,2.136644923211861e-06,4.3140594691237766e-07,5.452741671310399e-07,133.46663687080303,2.121622714842935e-07,1.0,2.784759695728667e-06,7.213741107870885e-07,0,0,16,91.9,
ops/gemm/mmv__bias1,gemm,mmv,bias1,"ap_fixed<16,5>",TRN/WRAP,NO,"[-1.0, 1.0]",100,42,numpy float64 on quantized inputs,64,0.0317383,,0.019425153732299805,0.015558786541223526,0.01560082660297987,44.335956076603324,0.006070188759475644,1.0,0.022242491710965595,0.016076088535700032,0,0,16,89.3,
ops/gemm/vmm__bias0,gemm,vmm,bias0,float,,NO,"[-1.0, 1.0]",100,42,numpy float64 on float32 inputs,64,,100,6.528080893630772e-07,7.507257104995626e-08,1.0391242370343923e-07,141.75316370175955,8.172253219686038e-08,,,,,,16,56.6,
ops/gemm/vmm__bias0,gemm,vmm,bias0,"fixed<16,5>",RND/SAT,NO,"[-1.0, 1.0]",100,42,numpy float64 on quantized inputs,64,0.0158691,,0.0017085075378417969,0.00046049520373344423,0.0005703347005468155,66.96399084793497,0.00044853925523309255,1.0,0.0027082705847214505,0.0007494711175181717,0,0,16,91.9,
ops/gemm/vmm__bias0,gemm,vmm,bias0,"fixed<32,10>",RND/SAT,NO,"[-1.0, 1.0]",100,42,numpy float64 on quantized inputs,64,7.7486e-06,,8.957731552072801e-07,2.1002475953935117e-07,2.602649611682191e-07,133.77819910278686,2.0468689822649527e-07,1.0,1.1439624330034093e-06,3.363995522421645e-07,0,0,16,91.5,
ops/gemm/vmm__bias0,gemm,vmm,bias0,"ap_fixed<16,5>",TRN/WRAP,NO,"[-1.0, 1.0]",100,42,numpy float64 on quantized inputs,64,0.0317383,,0.005722999572753906,0.0038899682462215424,0.003931478996866982,50.19548570693292,0.003091901960535791,1.0,0.008583634388184658,0.004078924881365177,0,0,16,91.2,
ops/gemm/vmm__bias1,gemm,vmm,bias1,float,,NO,"[-1.0, 1.0]",100,42,numpy float64 on float32 inputs,64,,100,6.341854446034745e-07,8.662334225393447e-08,1.2132274124843402e-07,141.19582352007572,8.713824804524633e-08,,,,,,16,62.4,
ops/gemm/vmm__bias1,gemm,vmm,bias1,"fixed<16,5>",RND/SAT,NO,"[-1.0, 1.0]",100,42,numpy float64 on quantized inputs,64,0.0158691,,0.0017085075378417969,0.00046049520373344423,0.0005703347005468155,67.752106669356,0.00040963274573593795,1.0,0.002569155014289226,0.0007691417409100001,0,0,16,91.4,
ops/gemm/vmm__bias1,gemm,vmm,bias1,"fixed<32,10>",RND/SAT,NO,"[-1.0, 1.0]",100,42,numpy float64 on quantized inputs,64,7.7486e-06,,8.957731552072801e-07,2.1002475953935117e-07,2.602649611682191e-07,134.56635370562753,1.8693142416248643e-07,1.0,1.1586498633864295e-06,3.4186374531918806e-07,0,0,16,90.5,
ops/gemm/vmm__bias1,gemm,vmm,bias1,"ap_fixed<16,5>",TRN/WRAP,NO,"[-1.0, 1.0]",100,42,numpy float64 on quantized inputs,64,0.0317383,,0.005722999572753906,0.0038899682462215424,0.003931478996866982,50.98356065303777,0.002823722194133955,1.0,0.009030556331300454,0.004317453798719089,0,0,16,89.5,
ops/conv/activation__elu,conv,activation,elu,float,,NO,"[-8.0, 8.0]",100,42,numpy float64 on float32 inputs,16,,100,5.912132583496543e-08,7.711682274769757e-09,1.2789047347387617e-08,168.30531462858693,3.843565341464105e-09,,,,,,2048,83.0,
ops/conv/activation__elu,conv,activation,elu,"fixed<16,5>",RND/SAT,NO,,100,42,numpy float64 on quantized inputs,,,,,,,,,,,,,,,9.9,ERROR: CSIM build failed (rc=1); see /usr/scratch/awanna3/ForgeBench/_sweeps/verif_work/fixed_16_5_rnd_sat/conv/_vprep_activation__elu/vitis_trial0.log
ops/conv/activation__elu,conv,activation,elu,"fixed<32,10>",RND/SAT,NO,,100,42,numpy float64 on quantized inputs,,,,,,,,,,,,,,,9.4,ERROR: CSIM build failed (rc=1); see /usr/scratch/awanna3/ForgeBench/_sweeps/verif_work/fixed_32_10_rnd_sat/conv/_vprep_activation__elu/vitis_trial0.log
ops/conv/activation__elu,conv,activation,elu,"ap_fixed<16,5>",TRN/WRAP,NO,"[-8.0, 8.0]",100,42,numpy float64 on quantized inputs,16,0.00830078,,0.0005365915123820564,0.00012551426939726607,0.00020483153115944408,84.2137656317081,6.156185794394617e-05,1.0,0.000999819796968171,0.00030342720251995794,100,4676,2048,104.8,
ops/conv/activation__gelu,conv,activation,gelu,float,,NO,"[-8.0, 8.0]",100,42,numpy float64 on float32 inputs,16,,100,4.323947546680529e-07,3.180147501969234e-08,6.165695076105099e-08,154.4682411122473,1.8905490275393377e-08,,,,,,2048,70.8,
ops/conv/activation__gelu,conv,activation,gelu,"fixed<16,5>",RND/SAT,NO,,100,42,numpy float64 on quantized inputs,,,,,,,,,,,,,,,11.6,ERROR: CSIM build failed (rc=1); see /usr/scratch/awanna3/ForgeBench/_sweeps/verif_work/fixed_16_5_rnd_sat/conv/_vprep_activation__gelu/vitis_trial0.log
ops/conv/activation__gelu,conv,activation,gelu,"fixed<32,10>",RND/SAT,NO,,100,42,numpy float64 on quantized inputs,,,,,,,,,,,,,,,11.9,ERROR: CSIM build failed (rc=1); see /usr/scratch/awanna3/ForgeBench/_sweeps/verif_work/fixed_32_10_rnd_sat/conv/_vprep_activation__gelu/vitis_trial0.log
ops/conv/activation__gelu,conv,activation,gelu,"ap_fixed<16,5>",TRN/WRAP,NO,,100,42,numpy float64 on quantized inputs,,,,,,,,,,,,,,,13.9,ERROR: CSIM build failed (rc=1); see /usr/scratch/awanna3/ForgeBench/_sweeps/verif_work/fixed_16_5_trn_wrap/conv/_vprep_activation__gelu/vitis_trial0.log
ops/conv/activation__hardsigmoid,conv,activation,hardsigmoid,float,,NO,"[-8.0, 8.0]",100,42,numpy float64 on float32 inputs,16,,100,5.960464477539063e-08,5.26671629599541e-09,1.263332125036896e-08,154.38124710367066,1.90957906511796e-08,,,,,,2048,66.8,
ops/conv/activation__hardsigmoid,conv,activation,hardsigmoid,"fixed<16,5>",RND/SAT,NO,"[-8.0, 8.0]",100,42,numpy float64 on quantized inputs,16,0.00415039,,0.00040690104166668517,7.635275522867845e-05,0.00015095086938047772,72.83488500682753,0.00022816853275159227,1.0,0.0004475827427337653,0.0001516825422484238,0,0,2048,81.0,
ops/conv/activation__hardsigmoid,conv,activation,hardsigmoid,"fixed<32,10>",RND/SAT,NO,"[-8.0, 8.0]",100,42,numpy float64 on quantized inputs,16,2.02656e-06,,1.9868214928830952e-07,3.732197607557395e-08,7.382636076810189e-08,139.0473686885372,1.1159161568259424e-07,1.0,2.1854711196311882e-07,7.415722297374584e-08,0,0,2048,80.7,
ops/conv/activation__hardsigmoid,conv,activation,hardsigmoid,"ap_fixed<16,5>",TRN/WRAP,NO,"[-8.0, 8.0]",100,42,numpy float64 on quantized inputs,16,0.00830078,,0.00040690104166668517,7.631500562032067e-05,0.00015090426804876864,72.8374159937949,0.0002281020562618867,1.0,0.0004882598013053463,0.00017258724686076456,0,0,2048,78.4,
ops/conv/activation__hardswish,conv,activation,hardswish,float,,NO,"[-8.0, 8.0]",100,42,numpy float64 on float32 inputs,16,,100,2.957073377274355e-07,9.86524203501126e-09,2.9364598409187614e-08,160.87716693751526,9.039442636731914e-09,,,,,,2048,63.4,
ops/conv/activation__hardswish,conv,activation,hardswish,"fixed<16,5>",RND/SAT,NO,"[-8.0, 8.0]",100,42,numpy float64 on quantized inputs,16,0.00415039,,0.0014353195826211085,0.0001276262096750248,0.0002756432559126524,81.42670116156197,8.48525585180237e-05,1.0,0.0017908356124607394,0.0002943583855055903,0,0,2048,77.0,
ops/conv/activation__hardswish,conv,activation,hardswish,"fixed<32,10>",RND/SAT,NO,"[-8.0, 8.0]",100,42,numpy float64 on quantized inputs,16,2.02656e-06,,7.118098990233079e-07,6.254624524608661e-08,1.3464013353437133e-07,147.65015758040988,4.144690646242394e-08,1.0,8.751575339971396e-07,1.4361703280928955e-07,0,0,2048,77.0,
ops/conv/activation__hardswish,conv,activation,hardswish,"ap_fixed<16,5>",TRN/WRAP,NO,"[-8.0, 8.0]",100,42,numpy float64 on quantized inputs,16,0.00830078,,0.0016422669092812647,0.00015143471168509512,0.0003126708272390468,80.33149960784803,9.62553814929421e-05,1.0,0.002328145876064891,0.00044651880686312045,0,0,2048,74.9,
ops/conv/activation__leaky_relu,conv,activation,leaky_relu,float,,NO,"[-8.0, 8.0]",100,42,numpy float64 on float32 inputs,16,,100,5.36441803478116e-09,5.617357536654403e-10,1.139371516224492e-09,189.14697825218445,3.48859928456187e-10,,,,,,2048,60.5,
ops/conv/activation__leaky_relu,conv,activation,leaky_relu,"fixed<16,5>",RND/SAT,NO,,100,42,numpy float64 on quantized inputs,,,,,,,,,,,,,,,9.6,ERROR: CSIM build failed (rc=1); see /usr/scratch/awanna3/ForgeBench/_sweeps/verif_work/fixed_16_5_rnd_sat/conv/_vprep_activation__leaky_relu/vitis_trial0.log
ops/conv/activation__leaky_relu,conv,activation,leaky_relu,"fixed<32,10>",RND/SAT,NO,,100,42,numpy float64 on quantized inputs,,,,,,,,,,,,,,,9.5,ERROR: CSIM build failed (rc=1); see /usr/scratch/awanna3/ForgeBench/_sweeps/verif_work/fixed_32_10_rnd_sat/conv/_vprep_activation__leaky_relu/vitis_trial0.log
ops/conv/activation__leaky_relu,conv,activation,leaky_relu,"ap_fixed<16,5>",TRN/WRAP,NO,,100,42,numpy float64 on quantized inputs,,,,,,,,,,,,,,,9.8,ERROR: CSIM build failed (rc=1); see /usr/scratch/awanna3/ForgeBench/_sweeps/verif_work/fixed_16_5_trn_wrap/conv/_vprep_activation__leaky_relu/vitis_trial0.log
ops/conv/activation__prelu,conv,activation,prelu,float,,NO,"[-8.0, 8.0]",100,42,numpy float64 on float32 inputs,16,,100,0.0,0.0,0.0,inf,0.0,,,,,,2048,58.0,
ops/conv/activation__prelu,conv,activation,prelu,"fixed<16,5>",RND/SAT,NO,,100,42,numpy float64 on quantized inputs,,,,,,,,,,,,,,,10.3,ERROR: CSIM build failed (rc=1); see /usr/scratch/awanna3/ForgeBench/_sweeps/verif_work/fixed_16_5_rnd_sat/conv/_vprep_activation__prelu/vitis_trial0.log
ops/conv/activation__prelu,conv,activation,prelu,"fixed<32,10>",RND/SAT,NO,,100,42,numpy float64 on quantized inputs,,,,,,,,,,,,,,,10.1,ERROR: CSIM build failed (rc=1); see /usr/scratch/awanna3/ForgeBench/_sweeps/verif_work/fixed_32_10_rnd_sat/conv/_vprep_activation__prelu/vitis_trial0.log
ops/conv/activation__prelu,conv,activation,prelu,"ap_fixed<16,5>",TRN/WRAP,NO,,100,42,numpy float64 on quantized inputs,,,,,,,,,,,,,,,9.3,ERROR: CSIM build failed (rc=1); see /usr/scratch/awanna3/ForgeBench/_sweeps/verif_work/fixed_16_5_trn_wrap/conv/_vprep_activation__prelu/vitis_trial0.log
ops/conv/activation__relu,conv,activation,relu,float,,NO,"[-8.0, 8.0]",100,42,numpy float64 on float32 inputs,16,,100,0.0,0.0,0.0,inf,0.0,,,,,,2048,51.4,
ops/conv/activation__relu,conv,activation,relu,"fixed<16,5>",RND/SAT,NO,"[-8.0, 8.0]",100,42,numpy float64 on quantized inputs,16,0.00415039,,0.0,0.0,0.0,inf,0.0,1.0,0.0002441383621647475,9.963717175974374e-05,0,0,2048,65.9,
ops/conv/activation__relu,conv,activation,relu,"fixed<32,10>",RND/SAT,NO,"[-8.0, 8.0]",100,42,numpy float64 on quantized inputs,16,2.02656e-06,,0.0,0.0,0.0,inf,0.0,1.0,1.1920706377566148e-07,4.858119583415197e-08,0,0,2048,66.2,
ops/conv/activation__relu,conv,activation,relu,"ap_fixed<16,5>",TRN/WRAP,NO,"[-8.0, 8.0]",100,42,numpy float64 on quantized inputs,16,0.00830078,,0.0,0.0,0.0,inf,0.0,1.0,0.0004882806295132269,0.00019939897018522425,0,0,2048,66.0,
ops/conv/activation__relu6,conv,activation,relu6,float,,NO,"[-8.0, 8.0]",100,42,numpy float64 on float32 inputs,16,,100,0.0,0.0,0.0,inf,0.0,,,,,,2048,50.4,
ops/conv/activation__relu6,conv,activation,relu6,"fixed<16,5>",RND/SAT,NO,"[-8.0, 8.0]",100,42,numpy float64 on quantized inputs,16,0.00415039,,0.0,0.0,0.0,inf,0.0,1.0,0.0002441383621647475,8.625516372473861e-05,0,0,2048,69.1,
ops/conv/activation__relu6,conv,activation,relu6,"fixed<32,10>",RND/SAT,NO,"[-8.0, 8.0]",100,42,numpy float64 on quantized inputs,16,2.02656e-06,,0.0,0.0,0.0,inf,0.0,1.0,1.1920544906729447e-07,4.205047502187602e-08,0,0,2048,75.1,
ops/conv/activation__relu6,conv,activation,relu6,"ap_fixed<16,5>",TRN/WRAP,NO,"[-8.0, 8.0]",100,42,numpy float64 on quantized inputs,16,0.00830078,,0.0,0.0,0.0,inf,0.0,1.0,0.0004882806295132269,0.00017277124774549356,0,0,2048,77.5,
ops/conv/activation__rrelu,conv,activation,rrelu,float,,NO,"[-8.0, 8.0]",100,42,numpy float64 on float32 inputs,16,,100,8.940696716308594e-08,1.2043810793461865e-08,2.3844778979492682e-08,162.95386553941233,7.117159897932989e-09,,,,,,2048,41.4,
ops/conv/activation__rrelu,conv,activation,rrelu,"fixed<16,5>",RND/SAT,NO,"[-8.0, 8.0]",100,42,numpy float64 on quantized inputs,16,0.00415039,,0.0015360514322915186,0.0003288328647613294,0.0005402164167524518,75.85037627377713,0.00016124311751135504,1.0,0.001591178458556941,0.0005498538990994003,0,0,2048,94.0,
ops/conv/activation__rrelu,conv,activation,rrelu,"fixed<32,10>",RND/SAT,NO,"[-8.0, 8.0]",100,42,numpy float64 on quantized inputs,16,2.02656e-06,,1.385807991027832e-06,3.1832612873990795e-07,5.207912006307294e-07,136.16845881098064,1.5544510817969025e-07,1.0,1.4123630425189049e-06,5.231364612719839e-07,0,0,2048,126.6,
ops/conv/activation__rrelu,conv,activation,rrelu,"ap_fixed<16,5>",TRN/WRAP,NO,"[-8.0, 8.0]",100,42,numpy float64 on quantized inputs,16,0.00830078,,0.0013020833333332593,0.0002334711949030347,0.00040329903362366,78.38883033942787,0.00012038114867196393,1.0,0.0012926417503873466,0.0004263454482424024,0,0,2048,120.9,
ops/conv/activation__selu,conv,activation,selu,float,,NO,"[-8.0, 8.0]",100,42,numpy float64 on float32 inputs,16,,100,7.544933424696865e-07,9.291769999771052e-08,1.4493124265229753e-07,147.92595237866993,4.0151556077531485e-08,,,,,,2048,90.0,
ops/conv/activation__selu,conv,activation,selu,"fixed<16,5>",RND/SAT,NO,,100,42,numpy float64 on quantized inputs,,,,,,,,,,,,,,,9.2,ERROR: CSIM build failed (rc=1); see /usr/scratch/awanna3/ForgeBench/_sweeps/verif_work/fixed_16_5_rnd_sat/conv/_vprep_activation__selu/vitis_trial0.log
ops/conv/activation__selu,conv,activation,selu,"fixed<32,10>",RND/SAT,NO,,100,42,numpy float64 on quantized inputs,,,,,,,,,,,,,,,9.8,ERROR: CSIM build failed (rc=1); see /usr/scratch/awanna3/ForgeBench/_sweeps/verif_work/fixed_32_10_rnd_sat/conv/_vprep_activation__selu/vitis_trial0.log
ops/conv/activation__selu,conv,activation,selu,"ap_fixed<16,5>",TRN/WRAP,NO,"[-8.0, 8.0]",100,42,numpy float64 on quantized inputs,16,0.00830078,,0.003745584514200928,0.0011353714174072301,0.001525295095191152,67.4817718840969,0.00042258240048163073,1.0,0.004254698511212851,0.0016930144095541563,100,4676,2048,221.0,
ops/conv/activation__sigmoid,conv,activation,sigmoid,float,,NO,"[-8.0, 8.0]",100,42,numpy float64 on float32 inputs,16,,100,8.893919001273787e-08,1.590480890024717e-08,2.519029314269614e-08,148.38804328068966,3.80713113330151e-08,,,,,,2048,133.4,
ops/conv/activation__sigmoid,conv,activation,sigmoid,"fixed<16,5>",RND/SAT,NO,"[-8.0, 8.0]",100,42,numpy float64 on quantized inputs,16,0.00415039,,0.5610355803772177,0.0068398405588622705,0.013687713601460106,33.686088803147825,0.02068690689528642,0.72625,0.5610356923904879,0.01368772270913966,100,62128,2048,220.9,
ops/conv/activation__sigmoid,conv,activation,sigmoid,"fixed<32,10>",RND/SAT,NO,"[-8.0, 8.0]",100,42,numpy float64 on quantized inputs,16,2.02656e-06,,0.0006402448675803204,2.4986406867505708e-05,0.00010755866866248476,75.779799350434,0.00016255863073926622,0.9335791015625,0.000640244883263221,0.00010755866878384652,100,14926,2048,224.9,
ops/conv/activation__sigmoid,conv,activation,sigmoid,"ap_fixed<16,5>",TRN/WRAP,NO,"[-8.0, 8.0]",100,42,numpy float64 on quantized inputs,16,0.00830078,,0.5610355803772177,0.006827389070507286,0.013405382508443722,33.86697214969021,0.020260557549207095,0.7372802734375,0.5610355564956239,0.013405074469610952,100,62153,2048,221.4,
ops/conv/activation__softmax,conv,activation,softmax,float,,NO,"[-8.0, 8.0]",100,42,numpy float64 on float32 inputs,16,,100,2.39632058085526e-07,5.76341272783731e-09,1.595043862285758e-08,144.87500429774607,5.704922974270831e-08,,,,,,2048,133.0,
ops/conv/activation__softmax,conv,activation,softmax,"fixed<16,5>",RND/SAT,NO,,100,42,numpy float64 on quantized inputs,,,,,,,,,,,,,,,9.6,ERROR: CSIM build failed (rc=1); see /usr/scratch/awanna3/ForgeBench/_sweeps/verif_work/fixed_16_5_rnd_sat/conv/_vprep_activation__softmax/vitis_trial0.log
ops/conv/activation__softmax,conv,activation,softmax,"fixed<32,10>",RND/SAT,NO,,100,42,numpy float64 on quantized inputs,,,,,,,,,,,,,,,9.4,ERROR: CSIM build failed (rc=1); see /usr/scratch/awanna3/ForgeBench/_sweeps/verif_work/fixed_32_10_rnd_sat/conv/_vprep_activation__softmax/vitis_trial0.log
ops/conv/activation__softmax,conv,activation,softmax,"ap_fixed<16,5>",TRN/WRAP,NO,"[-8.0, 8.0]",100,42,numpy float64 on quantized inputs,16,0.00830078,,,,,,,,,,,,,217.9,ERROR: csim.exe failed on trial 95 (rc=-8)
ops/conv/activation__swish,conv,activation,swish,float,,NO,"[-8.0, 8.0]",100,42,numpy float64 on float32 inputs,16,,100,9.174133488443204e-07,7.311059724286637e-08,1.4343333495216044e-07,147.06361659955087,4.4342397420526194e-08,,,,,,2048,132.3,
ops/conv/activation__swish,conv,activation,swish,"fixed<16,5>",RND/SAT,NO,"[-8.0, 8.0]",100,42,numpy float64 on quantized inputs,16,0.00415039,,4.278018370688785,0.04141131263204381,0.08880456644416103,31.22791292485346,0.027453919363560748,0.7193310546875,4.2780191127349,0.08880462915534888,100,61985,2048,219.9,
ops/conv/activation__swish,conv,activation,swish,"fixed<32,10>",RND/SAT,NO,"[-8.0, 8.0]",100,42,numpy float64 on quantized inputs,16,2.02656e-06,,0.005121972773203282,0.00018989694758331973,0.0008276136082178053,71.84006606499389,0.0002558566426340843,0.9334814453125,0.005121972882977678,0.0008276136088329866,100,14884,2048,224.8,
ops/conv/activation__swish,conv,activation,swish,"ap_fixed<16,5>",TRN/WRAP,NO,"[-8.0, 8.0]",100,42,numpy float64 on quantized inputs,16,0.00830078,,4.278018370688785,0.04134076766685955,0.08637910183722723,31.46804030058702,0.02670533221485747,0.7218310546875,4.278018212485468,0.08637719089360962,100,61998,2048,218.0,
ops/conv/activation__tanh,conv,activation,tanh,float,,NO,"[-8.0, 8.0]",100,42,numpy float64 on float32 inputs,16,,100,1.130264145610127e-07,1.5493664430716894e-08,1.8877543663379017e-08,153.8999761939937,2.0183718955626072e-08,,,,,,2048,89.3,
ops/conv/activation__tanh,conv,activation,tanh,"fixed<16,5>",RND/SAT,NO,,100,42,numpy float64 on quantized inputs,,,,,,,,,,,,,,,9.3,ERROR: CSIM build failed (rc=1); see /usr/scratch/awanna3/ForgeBench/_sweeps/verif_work/fixed_16_5_rnd_sat/conv/_vprep_activation__tanh/vitis_trial0.log
ops/conv/activation__tanh,conv,activation,tanh,"fixed<32,10>",RND/SAT,NO,,100,42,numpy float64 on quantized inputs,,,,,,,,,,,,,,,9.2,ERROR: CSIM build failed (rc=1); see /usr/scratch/awanna3/ForgeBench/_sweeps/verif_work/fixed_32_10_rnd_sat/conv/_vprep_activation__tanh/vitis_trial0.log
ops/conv/activation__tanh,conv,activation,tanh,"ap_fixed<16,5>",TRN/WRAP,NO,"[-8.0, 8.0]",100,42,numpy float64 on quantized inputs,16,0.00830078,,2.6683349733960258,0.9125246226972636,1.322197907111469,-3.00704472535522,1.4136836535345838,0.498310546875,2.6683350894964626,1.3221864793707119,100,64350,2048,276.6,
ops/conv/activation__thresholded_relu,conv,activation,thresholded_relu,float,,NO,"[-8.0, 8.0]",100,42,numpy float64 on float32 inputs,16,,100,0.0,0.0,0.0,inf,0.0,,,,,,2048,75.5,
ops/conv/activation__thresholded_relu,conv,activation,thresholded_relu,"fixed<16,5>",RND/SAT,NO,"[-8.0, 8.0]",100,42,numpy float64 on quantized inputs,16,0.00415039,,0.0,0.0,0.0,inf,0.0,1.0,1.0001195622398527,0.003126740599823441,0,0,2048,180.0,
ops/conv/activation__thresholded_relu,conv,activation,thresholded_relu,"fixed<32,10>",RND/SAT,NO,"[-8.0, 8.0]",100,42,numpy float64 on quantized inputs,16,2.02656e-06,,0.0,0.0,0.0,inf,0.0,1.0,1.1920706377566148e-07,4.539669206850616e-08,0,0,2048,183.7,
ops/conv/activation__thresholded_relu,conv,activation,thresholded_relu,"ap_fixed<16,5>",TRN/WRAP,NO,"[-8.0, 8.0]",100,42,numpy float64 on quantized inputs,16,0.00830078,,0.0,0.0,0.0,inf,0.0,1.0,1.0001195622398527,0.003130911005598983,0,0,2048,185.9,
ops/conv/adaptive_avgpool,conv,adaptive_avgpool,,float,,NO,"[-1.0, 1.0]",100,42,numpy float64 on float32 inputs,1,,100,7.241033017635345e-08,7.873914578127028e-09,1.1044510396824447e-08,142.297213272304,7.676077244259371e-08,,,,,,128,88.3,
ops/conv/adaptive_avgpool,conv,adaptive_avgpool,,"fixed<16,5>",RND/SAT,NO,"[-1.0, 1.0]",100,42,numpy float64 on quantized inputs,1,0.000488281,,0.000457763671875,0.00022748947143554687,0.0002677422937010239,54.60583648949683,0.0018608363262233804,1.0,0.0005618713100573325,0.0002699193558833692,0,0,128,192.1,
ops/conv/adaptive_avgpool,conv,adaptive_avgpool,,"fixed<32,10>",RND/SAT,NO,"[-1.0, 1.0]",100,42,numpy float64 on quantized inputs,1,2.38419e-07,,2.2351741790771484e-07,1.1086929589509964e-07,1.3046975031472673e-07,120.849946012204,9.067816007351774e-07,1.0,2.6849295953201846e-07,1.31553989227519e-07,0,0,128,193.2,
ops/conv/adaptive_avgpool,conv,adaptive_avgpool,,"ap_fixed<16,5>",TRN/WRAP,NO,"[-1.0, 1.0]",100,42,numpy float64 on quantized inputs,1,0.000976562,,1.25897216796875,0.22931946992874144,0.28758001729249233,-6.015062605805513,1.9987253941631333,0.00234375,1.259260114546253,0.2875804267541914,100,12772,128,192.6,
ops/conv/batchnorm,conv,batchnorm,,float,,NO,"[-1.0, 1.0]",100,42,numpy float64 on float32 inputs,1,,100,2.3945189226992625e-06,3.2140942914742085e-08,6.482978207465262e-08,144.77371062030153,5.7718424638008606e-08,,,,,,2048,119.5,
ops/conv/batchnorm,conv,batchnorm,,"fixed<16,5>",RND/SAT,NO,"[-1.0, 1.0]",100,42,numpy float64 on quantized inputs,1,0.000488281,,10.253558777231081,0.0038375333373724353,0.14618433580775198,17.66748445567172,0.13080543132670158,0.8821044921875,11.079528938208945,0.15934888024752403,7,273,2048,210.1,
ops/conv/batchnorm,conv,batchnorm,,"fixed<32,10>",RND/SAT,NO,"[-1.0, 1.0]",100,42,numpy float64 on quantized inputs,1,2.38419e-07,,8.726416993098951e-05,1.9972854610262034e-07,1.7180755688336481e-06,116.30834182795172,1.5296177288617943e-06,0.8736962890625,0.00030818334856519414,6.058824380134116e-06,0,0,2048,232.6,
ops/conv/batchnorm,conv,batchnorm,,"ap_fixed<16,5>",TRN/WRAP,NO,"[-1.0, 1.0]",100,42,numpy float64 on quantized inputs,1,0.000976562,,28.746898680138727,0.027282861115091907,0.7791197255966622,3.2542360594610664,0.6875245286923214,0.9600390625,28.691269170485164,0.7670118326544625,7,285,2048,210.0,
ops/conv/conv__dense_bias0,conv,conv,dense_bias0,float,,NO,"[-1.0, 1.0]",100,42,numpy float64 on float32 inputs,576,,100,3.705256908403953e-05,2.2046463545612426e-06,3.17658041495031e-06,127.6071969256468,4.165241182773964e-07,,,,,,12544,177.6,
ops/conv/conv__dense_bias0,conv,conv,dense_bias0,"fixed<16,5>",RND/SAT,NO,"[-1.0, 1.0]",100,42,numpy float64 on quantized inputs,576,0.140869,,23.99222421646118,0.2030357413769377,1.0286829792756842,17.400763510065417,0.134884431080274,0.9332900191326534,23.99453126045988,1.0286861464465469,100,87573,12544,1617.4,
ops/conv/conv__dense_bias0,conv,conv,dense_bias0,"fixed<32,10>",RND/SAT,NO,"[-1.0, 1.0]",100,42,numpy float64 on quantized inputs,576,6.87838e-05,,8.096394424228492e-06,1.2482738257055543e-06,1.571074257643953e-06,133.7224597507871,2.0600464475988575e-07,1.0,1.0615237238553732e-05,2.0291401583726026e-06,0,0,12544,2228.9,
ops/conv/conv__dense_bias0,conv,conv,dense_bias0,"ap_fixed<16,5>",TRN/WRAP,NO,"[-1.0, 1.0]",100,42,numpy float64 on quantized inputs,576,0.281738,,32.152379274368286,1.3114980246358525,6.1701847423670175,1.8404129196862296,0.8090574363728837,0.9628260522959182,32.16378069434427,6.170195201500746,100,46631,12544,962.5,
ops/conv/conv__dense_bias1,conv,conv,dense_bias1,float,,NO,"[-1.0, 1.0]",100,42,numpy float64 on float32 inputs,576,,100,3.866189449297508e-05,2.2196956794297356e-06,3.1968717728235447e-06,127.57649757390409,4.179988830714362e-07,,,,,,12544,183.3,
ops/conv/conv__dense_bias1,conv,conv,dense_bias1,"fixed<16,5>",RND/SAT,NO,"[-1.0, 1.0]",100,42,numpy float64 on quantized inputs,576,0.140869,,24.60849952697754,0.2065107860507406,1.0397704711676108,17.33225289110134,0.13595254924288067,0.932327008928571,24.605947490181826,1.0397737939442415,100,88741,12544,1591.0,
ops/conv/conv__dense_bias1,conv,conv,dense_bias1,"fixed<32,10>",RND/SAT,NO,"[-1.0, 1.0]",100,42,numpy float64 on quantized inputs,576,6.87838e-05,,8.096394424228492e-06,1.2482738257055543e-06,1.571074257643953e-06,133.7470676595068,2.054218409795023e-07,1.0,1.0701618172959115e-05,2.030261871541442e-06,0,0,12544,2171.2,
ops/conv/conv__dense_bias1,conv,conv,dense_bias1,"ap_fixed<16,5>",TRN/WRAP,NO,"[-1.0, 1.0]",100,42,numpy float64 on quantized inputs,576,0.281738,,32.152379274368286,1.3278830814255136,6.212697785760045,1.8053781606327384,0.8123273806012884,0.9623118622448981,32.163848747938786,6.212712626057595,100,47276,12544,975.2,
ops/conv/conv__grouped_bias0,conv,conv,grouped_bias0,float,,NO,"[-1.0, 1.0]",100,42,numpy float64 on float32 inputs,576,,100,2.1534655781252354e-05,1.1141774590714256e-06,1.6009836189848931e-06,130.5499928323651,2.968249192874713e-07,,,,,,12544,184.6,
ops/conv/conv__grouped_bias0,conv,conv,grouped_bias0,"fixed<16,5>",RND/SAT,NO,"[-1.0, 1.0]",100,42,numpy float64 on quantized inputs,576,0.140869,,13.570565223693848,0.012219077667259435,0.17798425247810476,29.630102929661728,0.03299854974884952,0.9940888073979592,13.569904997358883,0.17799046130712423,100,7999,12544,1083.7,
ops/conv/conv__grouped_bias0,conv,conv,grouped_bias0,"fixed<32,10>",RND/SAT,NO,"[-1.0, 1.0]",100,42,numpy float64 on quantized inputs,576,6.87838e-05,,5.742289658883237e-06,8.832978799839928e-07,1.1118569541480917e-06,133.71675226353557,2.0614005463906794e-07,1.0,7.301683551119709e-06,1.435076421162989e-06,0,0,12544,1330.7,
ops/conv/conv__grouped_bias0,conv,conv,grouped_bias0,"ap_fixed<16,5>",TRN/WRAP,NO,"[-1.0, 1.0]",100,42,numpy float64 on quantized inputs,576,0.281738,,32.079495429992676,0.17768268067750853,1.9139537902486385,8.999089235530498,0.35485059536724745,0.996426179846938,32.08775504584869,1.9139522853396302,100,4483,12544,769.6,
ops/conv/conv__grouped_bias1,conv,conv,grouped_bias1,float,,NO,"[-1.0, 1.0]",100,42,numpy float64 on float32 inputs,576,,100,1.85547654503182e-05,1.1268563962722732e-06,1.6192374675722082e-06,130.50072049481173,2.9851349916086953e-07,,,,,,12544,185.2,
ops/conv/conv__grouped_bias1,conv,conv,grouped_bias1,"fixed<16,5>",RND/SAT,NO,"[-1.0, 1.0]",100,42,numpy float64 on quantized inputs,576,0.140869,,13.965277194976807,0.012839962190055119,0.184052763015629,29.388088902464023,0.033930913722302614,0.9937786989795925,13.963896912762532,0.1840579527103752,100,8408,12544,1075.6,
ops/conv/conv__grouped_bias1,conv,conv,grouped_bias1,"fixed<32,10>",RND/SAT,NO,"[-1.0, 1.0]",100,42,numpy float64 on quantized inputs,576,6.87838e-05,,5.742289658883237e-06,8.832978799839928e-07,1.1118569541480917e-06,133.76595304812975,2.0497568554534757e-07,1.0,7.39188021459114e-06,1.436788569632852e-06,0,0,12544,1328.9,
ops/conv/conv__grouped_bias1,conv,conv,grouped_bias1,"ap_fixed<16,5>",TRN/WRAP,NO,"[-1.0, 1.0]",100,42,numpy float64 on quantized inputs,576,0.281738,,32.079495429992676,0.18386481816576297,1.9650362351324477,8.819505562598291,0.36226361939995216,0.9962324617346943,32.087870498866636,1.96504768273524,100,4726,12544,766.4,
ops/conv/matrix_add,conv,matrix_add,,float,,NO,"[-1.0, 1.0]",100,42,numpy float64 on float32 inputs,1,,100,5.960464477539063e-08,1.293607032964994e-08,2.2401183629284105e-08,151.20037660730452,2.7541092866515146e-08,,,,,,2048,164.4,
ops/conv/matrix_add,conv,matrix_add,,"fixed<16,5>",RND/SAT,NO,"[-1.0, 1.0]",100,42,numpy float64 on quantized inputs,1,0.000488281,,0.0,0.0,0.0,inf,0.0,1.0,0.0004868190790416893,0.00019961596984824739,0,0,2048,174.9,
ops/conv/matrix_add,conv,matrix_add,,"fixed<32,10>",RND/SAT,NO,"[-1.0, 1.0]",100,42,numpy float64 on quantized inputs,1,2.38419e-07,,0.0,0.0,0.0,inf,0.0,1.0,2.3794128956033944e-07,9.754267240863014e-08,0,0,2048,171.6,
ops/conv/matrix_add,conv,matrix_add,,"ap_fixed<16,5>",TRN/WRAP,NO,"[-1.0, 1.0]",100,42,numpy float64 on quantized inputs,1,0.000976562,,0.0,0.0,0.0,inf,0.0,1.0,0.0009743701409050676,0.0005276155658089592,0,0,2048,167.1,
ops/conv/maxpool,conv,maxpool,,float,,NO,"[-1.0, 1.0]",100,42,numpy float64 on float32 inputs,1,,100,0.0,0.0,0.0,inf,0.0,,,,,,512,134.5,
ops/conv/maxpool,conv,maxpool,,"fixed<16,5>",RND/SAT,NO,"[-1.0, 1.0]",100,42,numpy float64 on quantized inputs,1,0.000488281,,0.0,0.0,0.0,inf,0.0,1.0,0.00024414054743915337,0.0001413001756564174,0,0,512,146.4,
ops/conv/maxpool,conv,maxpool,,"fixed<32,10>",RND/SAT,NO,"[-1.0, 1.0]",100,42,numpy float64 on quantized inputs,1,2.38419e-07,,0.0,0.0,0.0,inf,0.0,1.0,1.1920927667219416e-07,6.904237229808097e-08,0,0,512,139.1,
ops/conv/maxpool,conv,maxpool,,"ap_fixed<16,5>",TRN/WRAP,NO,"[-1.0, 1.0]",100,42,numpy float64 on quantized inputs,1,0.000976562,,0.0,0.0,0.0,inf,0.0,1.0,0.00048827474910173585,0.00028096297234540173,0,0,512,143.6,
ops/llm/dropout,llm,dropout,,float,,NO,"[-1.0, 1.0]",100,42,numpy float64 on float32 inputs,1,,100,0.0,0.0,0.0,inf,0.0,,,,,,256,110.8,
ops/llm/dropout,llm,dropout,,"fixed<16,5>",RND/SAT,NO,"[-1.0, 1.0]",100,42,numpy float64 on quantized inputs,1,0.000488281,,0.0,0.0,0.0,inf,0.0,1.0,0.00024413540731549332,0.00014064650492335667,0,0,256,136.4,
ops/llm/dropout,llm,dropout,,"fixed<32,10>",RND/SAT,NO,"[-1.0, 1.0]",100,42,numpy float64 on quantized inputs,1,2.38419e-07,,0.0,0.0,0.0,inf,0.0,1.0,1.1920849685154167e-07,6.870095291947327e-08,0,0,256,136.4,
ops/llm/dropout,llm,dropout,,"ap_fixed<16,5>",TRN/WRAP,NO,"[-1.0, 1.0]",100,42,numpy float64 on quantized inputs,1,0.000976562,,0.0,0.0,0.0,inf,0.0,1.0,0.0004882666399108615,0.00028200177703584386,0,0,256,135.5,
ops/llm/elementwise_mult,llm,elementwise_mult,,float,,NO,"[-1.0, 1.0]",100,42,numpy float64 on float32 inputs,1,,100,2.9800439449445548e-08,5.346874397552092e-09,8.301270439019257e-09,152.07377447397062,2.4906418217399604e-08,,,,,,1024,107.3,
ops/llm/elementwise_mult,llm,elementwise_mult,,"fixed<16,5>",RND/SAT,NO,"[-1.0, 1.0]",100,42,numpy float64 on quantized inputs,1,0.000488281,,0.000244140625,0.0001219539437443018,0.00014094864167279707,67.4754311772499,0.0004228909986192974,1.0,0.0006489165148988452,0.00018188811975328235,0,0,1024,207.1,
ops/llm/elementwise_mult,llm,elementwise_mult,,"fixed<32,10>",RND/SAT,NO,"[-1.0, 1.0]",100,42,numpy float64 on quantized inputs,1,2.38419e-07,,1.1920928955078125e-07,5.942419738502735e-08,6.866678914226811e-08,133.7217309178705,2.0602193133290828e-07,1.0,3.058831450353239e-07,8.869387028780289e-08,0,0,1024,329.7,
ops/llm/elementwise_mult,llm,elementwise_mult,,"ap_fixed<16,5>",TRN/WRAP,NO,"[-1.0, 1.0]",100,42,numpy float64 on quantized inputs,1,0.000976562,,0.00048804283142089844,0.00024342356016859412,0.000281377821203338,61.47087802397973,0.0008442208984738432,1.0,0.0013096196991133624,0.0003629687626886774,0,0,1024,349.4,
ops/llm/layernorm,llm,layernorm,,float,,NO,"[-1.0, 1.0]",100,42,numpy float64 on float32 inputs,32,,100,3.3625675932569266e-07,3.060779587308981e-08,4.5580605716106727e-08,145.071011206348,5.5776266394807584e-08,,,,,,256,203.3,
ops/llm/layernorm,llm,layernorm,,"fixed<16,5>",RND/SAT,NO,"[-1.0, 1.0]",100,42,numpy float64 on quantized inputs,32,0.00805664,,0.0031441031318044654,0.0003497783571480284,0.00048502208064712,64.53140282955304,0.0005935124841951368,1.0,0.0030733981406738664,0.0005417936911561924,0,0,256,427.1,
ops/llm/layernorm,llm,layernorm,,"fixed<32,10>",RND/SAT,NO,"[-1.0, 1.0]",100,42,numpy float64 on quantized inputs,32,3.93391e-06,,1.4076024572595713e-06,1.423331158126293e-07,1.921142054835864e-07,132.57542347918945,2.350871148448253e-07,1.0,1.6737879990902371e-06,2.2636738122427872e-07,0,0,256,496.8,
ops/llm/layernorm,llm,layernorm,,"ap_fixed<16,5>",TRN/WRAP,NO,"[-1.0, 1.0]",100,42,numpy float64 on quantized inputs,32,0.0161133,,0.004556427240467897,0.0005090775907345705,0.0006813267011167701,61.579590195515664,0.0008337205190300223,1.0,0.004984909790825887,0.000875615934598662,0,0,256,488.4,
ops/llm/matmul,llm,matmul,,float,,NO,"[-1.0, 1.0]",100,42,numpy float64 on float32 inputs,32,,100,2.0123804880256557e-06,1.4704149914176328e-07,2.0529812294241292e-07,139.2596860731953,1.0889694503292668e-07,,,,,,1024,258.5,
ops/llm/matmul,llm,matmul,,"fixed<16,5>",RND/SAT,NO,"[-1.0, 1.0]",100,42,numpy float64 on quantized inputs,32,0.00805664,,0.0033724308013916016,0.0006383180827833712,0.0007991715704757603,67.45457156477089,0.0004239078136675189,1.0,0.004377234519824746,0.0010295704843804796,0,0,1024,484.7,
ops/llm/matmul,llm,matmul,,"fixed<32,10>",RND/SAT,NO,"[-1.0, 1.0]",100,42,numpy float64 on quantized inputs,32,3.93391e-06,,1.7640372789173853e-06,3.1087271727403553e-07,3.8900034101277127e-07,133.70838599288507,2.063387049107717e-07,1.0,2.185555655564997e-06,5.020005639149073e-07,0,0,1024,513.5,
ops/llm/matmul,llm,matmul,,"ap_fixed<16,5>",TRN/WRAP,NO,"[-1.0, 1.0]",100,42,numpy float64 on quantized inputs,32,0.0161133,,0.01099848747253418,0.007792287752963602,0.007832809970934135,47.629048660382225,0.004154775547687962,1.0,0.013855881282088034,0.007937535775735747,0,0,1024,506.1,
ops/llm/mha__rope0_dense,llm,mha,rope0_dense,float,,NO,"[-1.0, 1.0]",100,42,numpy float64 on float32 inputs,16,,100,0.0003055052835754246,2.777795882647659e-06,7.98681047663217e-06,116.26948796719728,1.5364753658155228e-06,,,,,,2048,538.8,
ops/llm/mha__rope0_dense,llm,mha,rope0_dense,"fixed<16,5>",RND/SAT,NO,"[-1.0, 1.0]",100,42,numpy float64 on quantized inputs,16,0.00415039,,35.37445640563947,3.8706637043752625,5.059769735600855,0.23425589680613576,0.9733907282010403,0.0022314453125,35.37382656749554,5.059805494785158,100,204707,2048,878.7,
ops/llm/mha__rope0_dense,llm,mha,rope0_dense,"fixed<32,10>",RND/SAT,NO,"[-1.0, 1.0]",100,42,numpy float64 on quantized inputs,16,2.02656e-06,,0.0001632425518609537,2.5683849607523354e-06,5.749511744116976e-06,119.12433622728591,1.1060714658088864e-06,0.6790771484375,0.00030324415278126793,7.73438840614364e-06,91,3366,2048,1011.0,
ops/llm/mha__rope0_dense,llm,mha,rope0_dense,"ap_fixed<16,5>",TRN/WRAP,NO,"[-1.0, 1.0]",100,42,numpy float64 on quantized inputs,16,0.00830078,,,,,,,,,,,,,50.4,ERROR: no output file DRAM_output_output.txt in the CSIM build dir
ops/llm/mha__rope0_grouped,llm,mha,rope0_grouped,float,,NO,"[-1.0, 1.0]",100,42,numpy float64 on float32 inputs,16,,100,0.0003055052835754246,2.777795882647659e-06,7.98681047663217e-06,116.26948796719728,1.5364753658155228e-06,,,,,,2048,543.5,
ops/llm/mha__rope0_grouped,llm,mha,rope0_grouped,"fixed<16,5>",RND/SAT,NO,"[-1.0, 1.0]",100,42,numpy float64 on quantized inputs,16,0.00415039,,35.37445640563947,3.8706637043752625,5.059769735600855,0.23425589680613576,0.9733907282010403,0.0022314453125,35.37382656749554,5.059805494785158,100,204707,2048,879.4,
ops/llm/mha__rope0_grouped,llm,mha,rope0_grouped,"fixed<32,10>",RND/SAT,NO,"[-1.0, 1.0]",100,42,numpy float64 on quantized inputs,16,2.02656e-06,,0.0001632425518609537,2.5683849607523354e-06,5.749511744116976e-06,119.12433622728591,1.1060714658088864e-06,0.6790771484375,0.00030324415278126793,7.73438840614364e-06,91,3366,2048,1001.6,
ops/llm/mha__rope0_grouped,llm,mha,rope0_grouped,"ap_fixed<16,5>",TRN/WRAP,NO,"[-1.0, 1.0]",100,42,numpy float64 on quantized inputs,16,0.00830078,,,,,,,,,,,,,50.8,ERROR: no output file DRAM_output_output.txt in the CSIM build dir
ops/llm/mha__rope1_dense,llm,mha,rope1_dense,float,,NO,"[-1.0, 1.0]",100,42,numpy float64 on float32 inputs,16,,100,0.00023468373314994295,2.6435214573829084e-06,7.560744236788686e-06,116.74610217818633,1.4544369225806217e-06,,,,,,2048,551.9,
ops/llm/mha__rope1_dense,llm,mha,rope1_dense,"fixed<16,5>",RND/SAT,NO,"[-1.0, 1.0]",100,42,numpy float64 on quantized inputs,16,0.00415039,,35.355869148186656,3.876467848930967,5.065569394779297,0.22479322218118103,0.9744517477693182,0.002216796875,35.35524050742526,5.065607200702722,100,204693,2048,909.6,
ops/llm/mha__rope1_dense,llm,mha,rope1_dense,"fixed<32,10>",RND/SAT,NO,"[-1.0, 1.0]",100,42,numpy float64 on quantized inputs,16,2.02656e-06,,0.0003787819092164746,3.1926824051346418e-06,8.756087741992302e-06,115.47119098667557,1.6843814529198062e-06,0.6680322265625,0.0003699963393484218,9.951792679729973e-06,100,23491,2048,1047.3,
ops/llm/mha__rope1_dense,llm,mha,rope1_dense,"ap_fixed<16,5>",TRN/WRAP,NO,"[-1.0, 1.0]",100,42,numpy float64 on quantized inputs,16,0.00830078,,,,,,,,,,,,,54.8,ERROR: no output file DRAM_output_output.txt in the CSIM build dir
ops/llm/mha__rope1_grouped,llm,mha,rope1_grouped,float,,NO,"[-1.0, 1.0]",100,42,numpy float64 on float32 inputs,16,,100,0.00023468373314994295,2.6435214573829084e-06,7.560744236788686e-06,116.74610217818633,1.4544369225806217e-06,,,,,,2048,553.0,
ops/llm/mha__rope1_grouped,llm,mha,rope1_grouped,"fixed<16,5>",RND/SAT,NO,"[-1.0, 1.0]",100,42,numpy float64 on quantized inputs,16,0.00415039,,35.355869148186656,3.876467848930967,5.065569394779297,0.22479322218118103,0.9744517477693182,0.002216796875,35.35524050742526,5.065607200702722,100,204693,2048,912.9,
ops/llm/mha__rope1_grouped,llm,mha,rope1_grouped,"fixed<32,10>",RND/SAT,NO,"[-1.0, 1.0]",100,42,numpy float64 on quantized inputs,16,2.02656e-06,,0.0003787819092164746,3.1926824051346418e-06,8.756087741992302e-06,115.47119098667557,1.6843814529198062e-06,0.6680322265625,0.0003699963393484218,9.951792679729973e-06,100,23491,2048,1052.3,
ops/llm/mha__rope1_grouped,llm,mha,rope1_grouped,"ap_fixed<16,5>",TRN/WRAP,NO,"[-1.0, 1.0]",100,42,numpy float64 on quantized inputs,16,0.00830078,,,,,,,,,,,,,54.8,ERROR: no output file DRAM_output_output.txt in the CSIM build dir
ops/llm/rmsnorm,llm,rmsnorm,,float,,NO,"[-1.0, 1.0]",100,42,numpy float64 on float32 inputs,32,,100,3.051733206138607e-07,2.2644261746862663e-08,3.7446639573835525e-08,143.69334459412383,6.536311939026373e-08,,,,,,256,443.5,
ops/llm/rmsnorm,llm,rmsnorm,,"fixed<16,5>",RND/SAT,NO,"[-1.0, 1.0]",100,42,numpy float64 on quantized inputs,32,0.00805664,,0.5872726544550422,0.12387689842734426,0.164610055703231,10.83245227717173,0.2873276270325477,0.0816796875,0.587170208911179,0.16461159911286818,100,25500,256,542.0,
ops/llm/rmsnorm,llm,rmsnorm,,"fixed<32,10>",RND/SAT,NO,"[-1.0, 1.0]",100,42,numpy float64 on quantized inputs,32,3.93391e-06,,,,,,,,,,,,,27.8,ERROR: twin csim.exe failed on trial 0 (rc=-8)
ops/llm/rmsnorm,llm,rmsnorm,,"ap_fixed<16,5>",TRN/WRAP,NO,"[-1.0, 1.0]",100,42,numpy float64 on quantized inputs,32,0.0161133,,,,,,,,,,,,,26.9,ERROR: no output file DRAM_output_output.txt in the CSIM build dir
ops/llm/swa__rope0,llm,swa,rope0,float,,NO,"[-1.0, 1.0]",100,42,numpy float64 on float32 inputs,16,,100,4.351702704186167e-06,2.617354982151778e-07,3.9265991400897847e-07,131.68283389554549,2.6053033938776907e-07,,,,,,256,508.8,
ops/llm/swa__rope0,llm,swa,rope0,"fixed<16,5>",RND/SAT,NO,"[-1.0, 1.0]",100,42,numpy float64 on quantized inputs,16,0.00415039,,5.865843988461661,0.3120410150187703,0.6039647914087476,7.942968816308127,0.40072972575487265,0.242109375,5.867144346772509,0.6039579700765562,100,22053,256,548.1,
ops/llm/swa__rope0,llm,swa,rope0,"fixed<32,10>",RND/SAT,NO,"[-1.0, 1.0]",100,42,numpy float64 on quantized inputs,16,2.02656e-06,,7.2887938360466364e-06,1.0307465837253423e-06,1.3562872431410952e-06,120.91613174055095,8.998982618373316e-07,0.87609375,1.0780036786228742e-05,1.4565360457450194e-06,73,1510,256,548.4,
ops/llm/swa__rope0,llm,swa,rope0,"ap_fixed<16,5>",TRN/WRAP,NO,"[-1.0, 1.0]",100,42,numpy float64 on quantized inputs,16,0.00830078,,,,,,,,,,,,,49.3,ERROR: no output file DRAM_output_output.txt in the CSIM build dir
ops/llm/swa__rope1,llm,swa,rope1,float,,NO,"[-1.0, 1.0]",100,42,numpy float64 on float32 inputs,16,,100,7.435954924694954e-06,2.7096709689184824e-07,4.156201163119277e-07,131.19868784973917,2.754644807508354e-07,,,,,,256,511.6,
ops/llm/swa__rope1,llm,swa,rope1,"fixed<16,5>",RND/SAT,NO,"[-1.0, 1.0]",100,42,numpy float64 on quantized inputs,16,0.00415039,,5.485919128442703,0.3138097623107554,0.6078141455758533,7.897171836594129,0.4028481820916016,0.2282421875,5.485601957767491,0.6078359821883321,100,24146,256,549.4,
ops/llm/swa__rope1,llm,swa,rope1,"fixed<32,10>",RND/SAT,NO,"[-1.0, 1.0]",100,42,numpy float64 on quantized inputs,16,2.02656e-06,,1.2647180062330676e-05,1.0475921559072802e-06,1.3826236495880734e-06,120.75853946589956,9.163745657363934e-07,0.870078125,1.1802328419463493e-05,1.4823729765478412e-06,100,5671,256,557.8,
ops/llm/swa__rope1,llm,swa,rope1,"ap_fixed<16,5>",TRN/WRAP,NO,"[-1.0, 1.0]",100,42,numpy float64 on quantized inputs,16,0.00830078,,,,,,,,,,,,,52.1,ERROR: no output file DRAM_output_output.txt in the CSIM build dir
