design,stratum,stratum_population,seed
ATTN_config_S16_D128_H16_HD16_G2_rms_norm_ROPEFalse_UHD1_ap_fixed_16_5_,hd_unroll=1,972,20261001
ATTN_config_S16_D128_H16_HD32_G2_layer_norm_ROPEFalse_UHD1_ap_fixed_16_5_,hd_unroll=1,972,20261001
ATTN_config_S16_D128_H16_HD64_G1_layer_norm_ROPETrue_UHD1_ap_fixed_16_5_,hd_unroll=1,972,20261001
ATTN_config_S16_D128_H16_HD64_G1_rms_norm_ROPEFalse_UHD1_ap_fixed_16_5_,hd_unroll=1,972,20261001
ATTN_config_S16_D128_H32_HD16_G1_layer_norm_ROPEFalse_UHD1_ap_fixed_16_5_,hd_unroll=1,972,20261001
ATTN_config_S16_D128_H32_HD16_G1_rms_norm_ROPEFalse_UHD1_ap_fixed_16_5_,hd_unroll=1,972,20261001
ATTN_config_S16_D128_H32_HD16_G4_layer_norm_ROPETrue_UHD1_ap_fixed_16_5_,hd_unroll=1,972,20261001
ATTN_config_S16_D128_H32_HD32_G1_layer_norm_ROPEFalse_UHD1_ap_fixed_16_5_,hd_unroll=1,972,20261001
ATTN_config_S16_D128_H32_HD32_G2_layer_norm_ROPEFalse_UHD1_ap_fixed_16_5_,hd_unroll=1,972,20261001
ATTN_config_S16_D128_H32_HD32_G2_rms_norm_ROPETrue_UHD1_ap_fixed_16_5_,hd_unroll=1,972,20261001
ATTN_config_S16_D128_H32_HD32_G4_layer_norm_ROPEFalse_UHD1_ap_fixed_16_5_,hd_unroll=1,972,20261001
ATTN_config_S16_D128_H32_HD32_G4_rms_norm_ROPEFalse_UHD1_ap_fixed_16_5_,hd_unroll=1,972,20261001
ATTN_config_S16_D128_H32_HD64_G4_rms_norm_ROPETrue_UHD1_ap_fixed_16_5_,hd_unroll=1,972,20261001
ATTN_config_S16_D128_H8_HD16_G2_rms_norm_ROPETrue_UHD1_ap_fixed_16_5_,hd_unroll=1,972,20261001
ATTN_config_S16_D128_H8_HD16_G4_rms_norm_ROPETrue_UHD1_ap_fixed_16_5_,hd_unroll=1,972,20261001
ATTN_config_S16_D128_H8_HD32_G4_rms_norm_ROPEFalse_UHD1_ap_fixed_16_5_,hd_unroll=1,972,20261001
ATTN_config_S16_D128_H8_HD64_G2_rms_norm_ROPEFalse_UHD1_ap_fixed_16_5_,hd_unroll=1,972,20261001
ATTN_config_S16_D256_H16_HD16_G1_rms_norm_ROPEFalse_UHD1_ap_fixed_16_5_,hd_unroll=1,972,20261001
ATTN_config_S16_D256_H16_HD16_G4_layer_norm_ROPETrue_UHD1_ap_fixed_16_5_,hd_unroll=1,972,20261001
ATTN_config_S16_D256_H16_HD16_G4_rms_norm_ROPEFalse_UHD1_ap_fixed_16_5_,hd_unroll=1,972,20261001
ATTN_config_S16_D256_H16_HD32_G2_layer_norm_ROPETrue_UHD1_ap_fixed_16_5_,hd_unroll=1,972,20261001
ATTN_config_S16_D256_H16_HD32_G2_rms_norm_ROPETrue_UHD1_ap_fixed_16_5_,hd_unroll=1,972,20261001
ATTN_config_S16_D256_H16_HD32_G4_rms_norm_ROPETrue_UHD1_ap_fixed_16_5_,hd_unroll=1,972,20261001
ATTN_config_S16_D256_H16_HD64_G1_rms_norm_ROPETrue_UHD1_ap_fixed_16_5_,hd_unroll=1,972,20261001
ATTN_config_S16_D256_H16_HD64_G2_layer_norm_ROPEFalse_UHD1_ap_fixed_16_5_,hd_unroll=1,972,20261001
ATTN_config_S16_D256_H16_HD64_G2_rms_norm_ROPETrue_UHD1_ap_fixed_16_5_,hd_unroll=1,972,20261001
ATTN_config_S16_D256_H16_HD64_G4_rms_norm_ROPETrue_UHD1_ap_fixed_16_5_,hd_unroll=1,972,20261001
ATTN_config_S16_D256_H32_HD16_G1_layer_norm_ROPEFalse_UHD1_ap_fixed_16_5_,hd_unroll=1,972,20261001
ATTN_config_S16_D256_H32_HD16_G1_layer_norm_ROPETrue_UHD1_ap_fixed_16_5_,hd_unroll=1,972,20261001
ATTN_config_S16_D256_H32_HD16_G2_layer_norm_ROPETrue_UHD1_ap_fixed_16_5_,hd_unroll=1,972,20261001
ATTN_config_S16_D256_H32_HD16_G2_rms_norm_ROPETrue_UHD1_ap_fixed_16_5_,hd_unroll=1,972,20261001
ATTN_config_S16_D256_H32_HD16_G4_layer_norm_ROPETrue_UHD1_ap_fixed_16_5_,hd_unroll=1,972,20261001
ATTN_config_S16_D256_H32_HD16_G4_rms_norm_ROPEFalse_UHD1_ap_fixed_16_5_,hd_unroll=1,972,20261001
ATTN_config_S16_D256_H32_HD32_G1_layer_norm_ROPEFalse_UHD1_ap_fixed_16_5_,hd_unroll=1,972,20261001
ATTN_config_S16_D256_H32_HD32_G1_rms_norm_ROPETrue_UHD1_ap_fixed_16_5_,hd_unroll=1,972,20261001
ATTN_config_S16_D256_H32_HD32_G2_rms_norm_ROPETrue_UHD1_ap_fixed_16_5_,hd_unroll=1,972,20261001
ATTN_config_S16_D256_H32_HD32_G4_layer_norm_ROPETrue_UHD1_ap_fixed_16_5_,hd_unroll=1,972,20261001
ATTN_config_S16_D256_H8_HD16_G1_layer_norm_ROPEFalse_UHD1_ap_fixed_16_5_,hd_unroll=1,972,20261001
ATTN_config_S16_D256_H8_HD16_G1_layer_norm_ROPETrue_UHD1_ap_fixed_16_5_,hd_unroll=1,972,20261001
ATTN_config_S16_D256_H8_HD16_G1_rms_norm_ROPETrue_UHD1_ap_fixed_16_5_,hd_unroll=1,972,20261001
ATTN_config_S16_D256_H8_HD16_G2_rms_norm_ROPEFalse_UHD1_ap_fixed_16_5_,hd_unroll=1,972,20261001
ATTN_config_S16_D256_H8_HD16_G2_rms_norm_ROPETrue_UHD1_ap_fixed_16_5_,hd_unroll=1,972,20261001
ATTN_config_S16_D256_H8_HD16_G4_layer_norm_ROPETrue_UHD1_ap_fixed_16_5_,hd_unroll=1,972,20261001
ATTN_config_S16_D256_H8_HD16_G4_rms_norm_ROPETrue_UHD1_ap_fixed_16_5_,hd_unroll=1,972,20261001
ATTN_config_S16_D256_H8_HD32_G1_layer_norm_ROPEFalse_UHD1_ap_fixed_16_5_,hd_unroll=1,972,20261001
ATTN_config_S16_D256_H8_HD32_G2_layer_norm_ROPEFalse_UHD1_ap_fixed_16_5_,hd_unroll=1,972,20261001
ATTN_config_S16_D256_H8_HD32_G4_layer_norm_ROPETrue_UHD1_ap_fixed_16_5_,hd_unroll=1,972,20261001
ATTN_config_S16_D256_H8_HD32_G4_rms_norm_ROPETrue_UHD1_ap_fixed_16_5_,hd_unroll=1,972,20261001
ATTN_config_S16_D256_H8_HD64_G1_layer_norm_ROPETrue_UHD1_ap_fixed_16_5_,hd_unroll=1,972,20261001
ATTN_config_S16_D256_H8_HD64_G1_rms_norm_ROPEFalse_UHD1_ap_fixed_16_5_,hd_unroll=1,972,20261001
ATTN_config_S16_D256_H8_HD64_G2_layer_norm_ROPEFalse_UHD1_ap_fixed_16_5_,hd_unroll=1,972,20261001
ATTN_config_S16_D256_H8_HD64_G2_rms_norm_ROPETrue_UHD1_ap_fixed_16_5_,hd_unroll=1,972,20261001
ATTN_config_S16_D256_H8_HD64_G4_rms_norm_ROPEFalse_UHD1_ap_fixed_16_5_,hd_unroll=1,972,20261001
ATTN_config_S16_D512_H16_HD16_G1_rms_norm_ROPEFalse_UHD1_ap_fixed_16_5_,hd_unroll=1,972,20261001
ATTN_config_S16_D512_H16_HD16_G2_layer_norm_ROPETrue_UHD1_ap_fixed_16_5_,hd_unroll=1,972,20261001
ATTN_config_S16_D512_H16_HD16_G4_layer_norm_ROPEFalse_UHD1_ap_fixed_16_5_,hd_unroll=1,972,20261001
ATTN_config_S16_D512_H16_HD16_G4_rms_norm_ROPETrue_UHD1_ap_fixed_16_5_,hd_unroll=1,972,20261001
ATTN_config_S16_D512_H16_HD32_G1_layer_norm_ROPEFalse_UHD1_ap_fixed_16_5_,hd_unroll=1,972,20261001
ATTN_config_S16_D512_H16_HD32_G1_rms_norm_ROPETrue_UHD1_ap_fixed_16_5_,hd_unroll=1,972,20261001
ATTN_config_S16_D512_H16_HD32_G2_layer_norm_ROPETrue_UHD1_ap_fixed_16_5_,hd_unroll=1,972,20261001
ATTN_config_S16_D512_H16_HD32_G4_layer_norm_ROPEFalse_UHD1_ap_fixed_16_5_,hd_unroll=1,972,20261001
ATTN_config_S16_D512_H16_HD32_G4_rms_norm_ROPETrue_UHD1_ap_fixed_16_5_,hd_unroll=1,972,20261001
ATTN_config_S16_D512_H16_HD64_G1_rms_norm_ROPETrue_UHD1_ap_fixed_16_5_,hd_unroll=1,972,20261001
ATTN_config_S16_D512_H16_HD64_G2_rms_norm_ROPEFalse_UHD1_ap_fixed_16_5_,hd_unroll=1,972,20261001
ATTN_config_S16_D512_H16_HD64_G4_layer_norm_ROPEFalse_UHD1_ap_fixed_16_5_,hd_unroll=1,972,20261001
ATTN_config_S16_D512_H32_HD16_G1_layer_norm_ROPETrue_UHD1_ap_fixed_16_5_,hd_unroll=1,972,20261001
ATTN_config_S16_D512_H32_HD16_G1_rms_norm_ROPEFalse_UHD1_ap_fixed_16_5_,hd_unroll=1,972,20261001
ATTN_config_S16_D512_H32_HD16_G2_layer_norm_ROPETrue_UHD1_ap_fixed_16_5_,hd_unroll=1,972,20261001
ATTN_config_S16_D512_H32_HD16_G4_layer_norm_ROPEFalse_UHD1_ap_fixed_16_5_,hd_unroll=1,972,20261001
ATTN_config_S16_D512_H32_HD32_G2_layer_norm_ROPETrue_UHD1_ap_fixed_16_5_,hd_unroll=1,972,20261001
ATTN_config_S16_D512_H32_HD32_G2_rms_norm_ROPETrue_UHD1_ap_fixed_16_5_,hd_unroll=1,972,20261001
ATTN_config_S16_D512_H32_HD32_G4_layer_norm_ROPEFalse_UHD1_ap_fixed_16_5_,hd_unroll=1,972,20261001
ATTN_config_S16_D512_H32_HD32_G4_rms_norm_ROPEFalse_UHD1_ap_fixed_16_5_,hd_unroll=1,972,20261001
ATTN_config_S16_D512_H32_HD32_G4_rms_norm_ROPETrue_UHD1_ap_fixed_16_5_,hd_unroll=1,972,20261001
ATTN_config_S16_D512_H32_HD64_G4_layer_norm_ROPEFalse_UHD1_ap_fixed_16_5_,hd_unroll=1,972,20261001
ATTN_config_S16_D512_H8_HD16_G1_rms_norm_ROPEFalse_UHD1_ap_fixed_16_5_,hd_unroll=1,972,20261001
ATTN_config_S16_D512_H8_HD16_G1_rms_norm_ROPETrue_UHD1_ap_fixed_16_5_,hd_unroll=1,972,20261001
ATTN_config_S16_D512_H8_HD16_G4_rms_norm_ROPETrue_UHD1_ap_fixed_16_5_,hd_unroll=1,972,20261001
ATTN_config_S16_D512_H8_HD64_G2_layer_norm_ROPEFalse_UHD1_ap_fixed_16_5_,hd_unroll=1,972,20261001
ATTN_config_S16_D512_H8_HD64_G4_layer_norm_ROPEFalse_UHD1_ap_fixed_16_5_,hd_unroll=1,972,20261001
ATTN_config_S32_D128_H16_HD16_G1_layer_norm_ROPEFalse_UHD1_ap_fixed_16_5_,hd_unroll=1,972,20261001
ATTN_config_S32_D128_H16_HD16_G2_layer_norm_ROPEFalse_UHD1_ap_fixed_16_5_,hd_unroll=1,972,20261001
ATTN_config_S32_D128_H16_HD16_G2_rms_norm_ROPETrue_UHD1_ap_fixed_16_5_,hd_unroll=1,972,20261001
ATTN_config_S32_D128_H16_HD16_G4_layer_norm_ROPETrue_UHD1_ap_fixed_16_5_,hd_unroll=1,972,20261001
ATTN_config_S32_D128_H16_HD32_G1_rms_norm_ROPETrue_UHD1_ap_fixed_16_5_,hd_unroll=1,972,20261001
ATTN_config_S32_D128_H16_HD32_G2_rms_norm_ROPETrue_UHD1_ap_fixed_16_5_,hd_unroll=1,972,20261001
ATTN_config_S32_D128_H16_HD32_G4_layer_norm_ROPEFalse_UHD1_ap_fixed_16_5_,hd_unroll=1,972,20261001
ATTN_config_S32_D128_H16_HD64_G1_layer_norm_ROPEFalse_UHD1_ap_fixed_16_5_,hd_unroll=1,972,20261001
ATTN_config_S32_D128_H32_HD16_G1_layer_norm_ROPEFalse_UHD1_ap_fixed_16_5_,hd_unroll=1,972,20261001
ATTN_config_S32_D128_H32_HD16_G1_rms_norm_ROPEFalse_UHD1_ap_fixed_16_5_,hd_unroll=1,972,20261001
ATTN_config_S32_D128_H32_HD16_G4_layer_norm_ROPEFalse_UHD1_ap_fixed_16_5_,hd_unroll=1,972,20261001
ATTN_config_S32_D128_H32_HD16_G4_rms_norm_ROPEFalse_UHD1_ap_fixed_16_5_,hd_unroll=1,972,20261001
ATTN_config_S32_D128_H32_HD32_G1_layer_norm_ROPETrue_UHD1_ap_fixed_16_5_,hd_unroll=1,972,20261001
ATTN_config_S32_D128_H32_HD32_G2_rms_norm_ROPETrue_UHD1_ap_fixed_16_5_,hd_unroll=1,972,20261001
ATTN_config_S32_D128_H32_HD32_G4_layer_norm_ROPETrue_UHD1_ap_fixed_16_5_,hd_unroll=1,972,20261001
ATTN_config_S32_D128_H32_HD64_G1_layer_norm_ROPEFalse_UHD1_ap_fixed_16_5_,hd_unroll=1,972,20261001
ATTN_config_S32_D128_H32_HD64_G1_rms_norm_ROPEFalse_UHD1_ap_fixed_16_5_,hd_unroll=1,972,20261001
ATTN_config_S32_D128_H32_HD64_G2_layer_norm_ROPEFalse_UHD1_ap_fixed_16_5_,hd_unroll=1,972,20261001
ATTN_config_S32_D128_H32_HD64_G2_rms_norm_ROPEFalse_UHD1_ap_fixed_16_5_,hd_unroll=1,972,20261001
ATTN_config_S32_D128_H8_HD16_G1_layer_norm_ROPETrue_UHD1_ap_fixed_16_5_,hd_unroll=1,972,20261001
ATTN_config_S32_D128_H8_HD16_G1_rms_norm_ROPEFalse_UHD1_ap_fixed_16_5_,hd_unroll=1,972,20261001
ATTN_config_S32_D128_H8_HD16_G2_layer_norm_ROPEFalse_UHD1_ap_fixed_16_5_,hd_unroll=1,972,20261001
ATTN_config_S32_D128_H8_HD16_G2_layer_norm_ROPETrue_UHD1_ap_fixed_16_5_,hd_unroll=1,972,20261001
ATTN_config_S32_D128_H8_HD16_G4_layer_norm_ROPETrue_UHD1_ap_fixed_16_5_,hd_unroll=1,972,20261001
ATTN_config_S32_D128_H8_HD32_G1_rms_norm_ROPETrue_UHD1_ap_fixed_16_5_,hd_unroll=1,972,20261001
ATTN_config_S32_D128_H8_HD32_G2_layer_norm_ROPEFalse_UHD1_ap_fixed_16_5_,hd_unroll=1,972,20261001
ATTN_config_S32_D128_H8_HD64_G2_layer_norm_ROPETrue_UHD1_ap_fixed_16_5_,hd_unroll=1,972,20261001
ATTN_config_S32_D256_H16_HD16_G1_layer_norm_ROPETrue_UHD1_ap_fixed_16_5_,hd_unroll=1,972,20261001
ATTN_config_S32_D256_H16_HD32_G2_layer_norm_ROPEFalse_UHD1_ap_fixed_16_5_,hd_unroll=1,972,20261001
ATTN_config_S32_D256_H16_HD32_G4_rms_norm_ROPEFalse_UHD1_ap_fixed_16_5_,hd_unroll=1,972,20261001
ATTN_config_S32_D256_H16_HD32_G4_rms_norm_ROPETrue_UHD1_ap_fixed_16_5_,hd_unroll=1,972,20261001
ATTN_config_S32_D256_H16_HD64_G1_rms_norm_ROPEFalse_UHD1_ap_fixed_16_5_,hd_unroll=1,972,20261001
ATTN_config_S32_D256_H16_HD64_G1_rms_norm_ROPETrue_UHD1_ap_fixed_16_5_,hd_unroll=1,972,20261001
ATTN_config_S32_D256_H16_HD64_G2_layer_norm_ROPEFalse_UHD1_ap_fixed_16_5_,hd_unroll=1,972,20261001
ATTN_config_S32_D256_H16_HD64_G2_layer_norm_ROPETrue_UHD1_ap_fixed_16_5_,hd_unroll=1,972,20261001
ATTN_config_S32_D256_H16_HD64_G2_rms_norm_ROPEFalse_UHD1_ap_fixed_16_5_,hd_unroll=1,972,20261001
ATTN_config_S32_D256_H16_HD64_G2_rms_norm_ROPETrue_UHD1_ap_fixed_16_5_,hd_unroll=1,972,20261001
ATTN_config_S32_D256_H16_HD64_G4_rms_norm_ROPETrue_UHD1_ap_fixed_16_5_,hd_unroll=1,972,20261001
ATTN_config_S32_D256_H32_HD16_G1_rms_norm_ROPEFalse_UHD1_ap_fixed_16_5_,hd_unroll=1,972,20261001
ATTN_config_S32_D256_H32_HD16_G2_layer_norm_ROPETrue_UHD1_ap_fixed_16_5_,hd_unroll=1,972,20261001
ATTN_config_S32_D256_H32_HD16_G2_rms_norm_ROPEFalse_UHD1_ap_fixed_16_5_,hd_unroll=1,972,20261001
ATTN_config_S32_D256_H32_HD16_G4_layer_norm_ROPETrue_UHD1_ap_fixed_16_5_,hd_unroll=1,972,20261001
ATTN_config_S32_D256_H32_HD16_G4_rms_norm_ROPEFalse_UHD1_ap_fixed_16_5_,hd_unroll=1,972,20261001
ATTN_config_S32_D256_H32_HD32_G1_layer_norm_ROPETrue_UHD1_ap_fixed_16_5_,hd_unroll=1,972,20261001
ATTN_config_S32_D256_H32_HD32_G2_layer_norm_ROPETrue_UHD1_ap_fixed_16_5_,hd_unroll=1,972,20261001
ATTN_config_S32_D256_H32_HD32_G4_rms_norm_ROPETrue_UHD1_ap_fixed_16_5_,hd_unroll=1,972,20261001
ATTN_config_S32_D256_H32_HD64_G2_layer_norm_ROPETrue_UHD1_ap_fixed_16_5_,hd_unroll=1,972,20261001
ATTN_config_S32_D256_H32_HD64_G2_rms_norm_ROPETrue_UHD1_ap_fixed_16_5_,hd_unroll=1,972,20261001
ATTN_config_S32_D256_H8_HD16_G1_layer_norm_ROPETrue_UHD1_ap_fixed_16_5_,hd_unroll=1,972,20261001
ATTN_config_S32_D256_H8_HD16_G1_rms_norm_ROPETrue_UHD1_ap_fixed_16_5_,hd_unroll=1,972,20261001
ATTN_config_S32_D256_H8_HD16_G2_rms_norm_ROPETrue_UHD1_ap_fixed_16_5_,hd_unroll=1,972,20261001
ATTN_config_S32_D256_H8_HD16_G4_rms_norm_ROPETrue_UHD1_ap_fixed_16_5_,hd_unroll=1,972,20261001
ATTN_config_S32_D256_H8_HD32_G1_rms_norm_ROPEFalse_UHD1_ap_fixed_16_5_,hd_unroll=1,972,20261001
ATTN_config_S32_D256_H8_HD32_G2_layer_norm_ROPEFalse_UHD1_ap_fixed_16_5_,hd_unroll=1,972,20261001
ATTN_config_S32_D256_H8_HD32_G2_rms_norm_ROPETrue_UHD1_ap_fixed_16_5_,hd_unroll=1,972,20261001
ATTN_config_S32_D256_H8_HD64_G1_layer_norm_ROPEFalse_UHD1_ap_fixed_16_5_,hd_unroll=1,972,20261001
ATTN_config_S32_D256_H8_HD64_G2_layer_norm_ROPETrue_UHD1_ap_fixed_16_5_,hd_unroll=1,972,20261001
ATTN_config_S32_D256_H8_HD64_G4_rms_norm_ROPEFalse_UHD1_ap_fixed_16_5_,hd_unroll=1,972,20261001
ATTN_config_S32_D512_H16_HD16_G1_layer_norm_ROPETrue_UHD1_ap_fixed_16_5_,hd_unroll=1,972,20261001
ATTN_config_S32_D512_H16_HD16_G2_layer_norm_ROPEFalse_UHD1_ap_fixed_16_5_,hd_unroll=1,972,20261001
ATTN_config_S32_D512_H16_HD16_G2_rms_norm_ROPEFalse_UHD1_ap_fixed_16_5_,hd_unroll=1,972,20261001
ATTN_config_S32_D512_H16_HD16_G4_layer_norm_ROPETrue_UHD1_ap_fixed_16_5_,hd_unroll=1,972,20261001
ATTN_config_S32_D512_H16_HD32_G1_layer_norm_ROPEFalse_UHD1_ap_fixed_16_5_,hd_unroll=1,972,20261001
ATTN_config_S32_D512_H16_HD32_G1_rms_norm_ROPETrue_UHD1_ap_fixed_16_5_,hd_unroll=1,972,20261001
ATTN_config_S32_D512_H16_HD32_G2_layer_norm_ROPEFalse_UHD1_ap_fixed_16_5_,hd_unroll=1,972,20261001
ATTN_config_S32_D512_H16_HD32_G2_layer_norm_ROPETrue_UHD1_ap_fixed_16_5_,hd_unroll=1,972,20261001
ATTN_config_S32_D512_H16_HD32_G2_rms_norm_ROPEFalse_UHD1_ap_fixed_16_5_,hd_unroll=1,972,20261001
ATTN_config_S32_D512_H16_HD32_G4_layer_norm_ROPETrue_UHD1_ap_fixed_16_5_,hd_unroll=1,972,20261001
ATTN_config_S32_D512_H16_HD32_G4_rms_norm_ROPEFalse_UHD1_ap_fixed_16_5_,hd_unroll=1,972,20261001
ATTN_config_S32_D512_H16_HD64_G1_layer_norm_ROPETrue_UHD1_ap_fixed_16_5_,hd_unroll=1,972,20261001
ATTN_config_S32_D512_H16_HD64_G1_rms_norm_ROPETrue_UHD1_ap_fixed_16_5_,hd_unroll=1,972,20261001
ATTN_config_S32_D512_H16_HD64_G4_layer_norm_ROPETrue_UHD1_ap_fixed_16_5_,hd_unroll=1,972,20261001
ATTN_config_S32_D512_H32_HD16_G1_rms_norm_ROPEFalse_UHD1_ap_fixed_16_5_,hd_unroll=1,972,20261001
ATTN_config_S32_D512_H32_HD16_G2_layer_norm_ROPEFalse_UHD1_ap_fixed_16_5_,hd_unroll=1,972,20261001
ATTN_config_S32_D512_H32_HD16_G2_rms_norm_ROPEFalse_UHD1_ap_fixed_16_5_,hd_unroll=1,972,20261001
ATTN_config_S32_D512_H32_HD16_G4_layer_norm_ROPETrue_UHD1_ap_fixed_16_5_,hd_unroll=1,972,20261001
ATTN_config_S32_D512_H32_HD32_G2_layer_norm_ROPEFalse_UHD1_ap_fixed_16_5_,hd_unroll=1,972,20261001
ATTN_config_S32_D512_H32_HD32_G2_rms_norm_ROPEFalse_UHD1_ap_fixed_16_5_,hd_unroll=1,972,20261001
ATTN_config_S32_D512_H32_HD32_G2_rms_norm_ROPETrue_UHD1_ap_fixed_16_5_,hd_unroll=1,972,20261001
ATTN_config_S32_D512_H32_HD64_G1_rms_norm_ROPEFalse_UHD1_ap_fixed_16_5_,hd_unroll=1,972,20261001
ATTN_config_S32_D512_H32_HD64_G2_rms_norm_ROPEFalse_UHD1_ap_fixed_16_5_,hd_unroll=1,972,20261001
ATTN_config_S32_D512_H32_HD64_G4_rms_norm_ROPETrue_UHD1_ap_fixed_16_5_,hd_unroll=1,972,20261001
ATTN_config_S32_D512_H8_HD16_G1_layer_norm_ROPETrue_UHD1_ap_fixed_16_5_,hd_unroll=1,972,20261001
ATTN_config_S32_D512_H8_HD16_G1_rms_norm_ROPEFalse_UHD1_ap_fixed_16_5_,hd_unroll=1,972,20261001
ATTN_config_S32_D512_H8_HD16_G2_layer_norm_ROPEFalse_UHD1_ap_fixed_16_5_,hd_unroll=1,972,20261001
ATTN_config_S32_D512_H8_HD16_G2_layer_norm_ROPETrue_UHD1_ap_fixed_16_5_,hd_unroll=1,972,20261001
ATTN_config_S32_D512_H8_HD32_G4_layer_norm_ROPEFalse_UHD1_ap_fixed_16_5_,hd_unroll=1,972,20261001
ATTN_config_S32_D512_H8_HD32_G4_layer_norm_ROPETrue_UHD1_ap_fixed_16_5_,hd_unroll=1,972,20261001
ATTN_config_S32_D512_H8_HD64_G2_rms_norm_ROPEFalse_UHD1_ap_fixed_16_5_,hd_unroll=1,972,20261001
ATTN_config_S32_D512_H8_HD64_G4_layer_norm_ROPEFalse_UHD1_ap_fixed_16_5_,hd_unroll=1,972,20261001
ATTN_config_S32_D512_H8_HD64_G4_layer_norm_ROPETrue_UHD1_ap_fixed_16_5_,hd_unroll=1,972,20261001
ATTN_config_S32_D512_H8_HD64_G4_rms_norm_ROPEFalse_UHD1_ap_fixed_16_5_,hd_unroll=1,972,20261001
ATTN_config_S32_D512_H8_HD64_G4_rms_norm_ROPETrue_UHD1_ap_fixed_16_5_,hd_unroll=1,972,20261001
ATTN_config_S8_D128_H16_HD16_G1_layer_norm_ROPETrue_UHD1_ap_fixed_16_5_,hd_unroll=1,972,20261001
ATTN_config_S8_D128_H16_HD16_G2_rms_norm_ROPEFalse_UHD1_ap_fixed_16_5_,hd_unroll=1,972,20261001
ATTN_config_S8_D128_H16_HD16_G4_layer_norm_ROPEFalse_UHD1_ap_fixed_16_5_,hd_unroll=1,972,20261001
ATTN_config_S8_D128_H16_HD32_G2_rms_norm_ROPETrue_UHD1_ap_fixed_16_5_,hd_unroll=1,972,20261001
ATTN_config_S8_D128_H16_HD32_G4_layer_norm_ROPEFalse_UHD1_ap_fixed_16_5_,hd_unroll=1,972,20261001
ATTN_config_S8_D128_H16_HD64_G1_layer_norm_ROPEFalse_UHD1_ap_fixed_16_5_,hd_unroll=1,972,20261001
ATTN_config_S8_D128_H16_HD64_G2_rms_norm_ROPEFalse_UHD1_ap_fixed_16_5_,hd_unroll=1,972,20261001
ATTN_config_S8_D128_H32_HD16_G1_rms_norm_ROPETrue_UHD1_ap_fixed_16_5_,hd_unroll=1,972,20261001
ATTN_config_S8_D128_H32_HD16_G2_layer_norm_ROPEFalse_UHD1_ap_fixed_16_5_,hd_unroll=1,972,20261001
ATTN_config_S8_D128_H32_HD16_G4_layer_norm_ROPEFalse_UHD1_ap_fixed_16_5_,hd_unroll=1,972,20261001
ATTN_config_S8_D128_H32_HD16_G4_layer_norm_ROPETrue_UHD1_ap_fixed_16_5_,hd_unroll=1,972,20261001
ATTN_config_S8_D128_H32_HD32_G1_layer_norm_ROPETrue_UHD1_ap_fixed_16_5_,hd_unroll=1,972,20261001
ATTN_config_S8_D128_H32_HD32_G4_layer_norm_ROPETrue_UHD1_ap_fixed_16_5_,hd_unroll=1,972,20261001
ATTN_config_S8_D128_H32_HD64_G1_layer_norm_ROPEFalse_UHD1_ap_fixed_16_5_,hd_unroll=1,972,20261001
ATTN_config_S8_D128_H32_HD64_G1_layer_norm_ROPETrue_UHD1_ap_fixed_16_5_,hd_unroll=1,972,20261001
ATTN_config_S8_D128_H32_HD64_G2_layer_norm_ROPEFalse_UHD1_ap_fixed_16_5_,hd_unroll=1,972,20261001
ATTN_config_S8_D128_H32_HD64_G2_layer_norm_ROPETrue_UHD1_ap_fixed_16_5_,hd_unroll=1,972,20261001
ATTN_config_S8_D128_H32_HD64_G4_rms_norm_ROPETrue_UHD1_ap_fixed_16_5_,hd_unroll=1,972,20261001
ATTN_config_S8_D128_H8_HD16_G4_rms_norm_ROPEFalse_UHD1_ap_fixed_16_5_,hd_unroll=1,972,20261001
ATTN_config_S8_D128_H8_HD32_G1_layer_norm_ROPEFalse_UHD1_ap_fixed_16_5_,hd_unroll=1,972,20261001
ATTN_config_S8_D128_H8_HD32_G1_rms_norm_ROPEFalse_UHD1_ap_fixed_16_5_,hd_unroll=1,972,20261001
ATTN_config_S8_D128_H8_HD32_G4_rms_norm_ROPETrue_UHD1_ap_fixed_16_5_,hd_unroll=1,972,20261001
ATTN_config_S8_D128_H8_HD64_G1_layer_norm_ROPEFalse_UHD1_ap_fixed_16_5_,hd_unroll=1,972,20261001
ATTN_config_S8_D128_H8_HD64_G1_rms_norm_ROPEFalse_UHD1_ap_fixed_16_5_,hd_unroll=1,972,20261001
ATTN_config_S8_D128_H8_HD64_G1_rms_norm_ROPETrue_UHD1_ap_fixed_16_5_,hd_unroll=1,972,20261001
ATTN_config_S8_D128_H8_HD64_G2_rms_norm_ROPEFalse_UHD1_ap_fixed_16_5_,hd_unroll=1,972,20261001
ATTN_config_S8_D128_H8_HD64_G2_rms_norm_ROPETrue_UHD1_ap_fixed_16_5_,hd_unroll=1,972,20261001
ATTN_config_S8_D256_H16_HD16_G4_rms_norm_ROPEFalse_UHD1_ap_fixed_16_5_,hd_unroll=1,972,20261001
ATTN_config_S8_D256_H16_HD32_G2_layer_norm_ROPETrue_UHD1_ap_fixed_16_5_,hd_unroll=1,972,20261001
ATTN_config_S8_D256_H16_HD32_G4_layer_norm_ROPEFalse_UHD1_ap_fixed_16_5_,hd_unroll=1,972,20261001
ATTN_config_S8_D256_H16_HD32_G4_layer_norm_ROPETrue_UHD1_ap_fixed_16_5_,hd_unroll=1,972,20261001
ATTN_config_S8_D256_H16_HD32_G4_rms_norm_ROPEFalse_UHD1_ap_fixed_16_5_,hd_unroll=1,972,20261001
ATTN_config_S8_D256_H16_HD64_G1_rms_norm_ROPETrue_UHD1_ap_fixed_16_5_,hd_unroll=1,972,20261001
ATTN_config_S8_D256_H16_HD64_G2_rms_norm_ROPEFalse_UHD1_ap_fixed_16_5_,hd_unroll=1,972,20261001
ATTN_config_S8_D256_H32_HD32_G1_layer_norm_ROPEFalse_UHD1_ap_fixed_16_5_,hd_unroll=1,972,20261001
ATTN_config_S8_D256_H32_HD32_G2_rms_norm_ROPEFalse_UHD1_ap_fixed_16_5_,hd_unroll=1,972,20261001
ATTN_config_S8_D256_H32_HD32_G2_rms_norm_ROPETrue_UHD1_ap_fixed_16_5_,hd_unroll=1,972,20261001
ATTN_config_S8_D256_H32_HD32_G4_rms_norm_ROPETrue_UHD1_ap_fixed_16_5_,hd_unroll=1,972,20261001
ATTN_config_S8_D256_H32_HD64_G1_layer_norm_ROPETrue_UHD1_ap_fixed_16_5_,hd_unroll=1,972,20261001
ATTN_config_S8_D256_H32_HD64_G1_rms_norm_ROPETrue_UHD1_ap_fixed_16_5_,hd_unroll=1,972,20261001
ATTN_config_S8_D256_H32_HD64_G4_layer_norm_ROPEFalse_UHD1_ap_fixed_16_5_,hd_unroll=1,972,20261001
ATTN_config_S8_D256_H32_HD64_G4_rms_norm_ROPEFalse_UHD1_ap_fixed_16_5_,hd_unroll=1,972,20261001
ATTN_config_S8_D256_H8_HD16_G2_rms_norm_ROPETrue_UHD1_ap_fixed_16_5_,hd_unroll=1,972,20261001
ATTN_config_S8_D256_H8_HD16_G4_rms_norm_ROPETrue_UHD1_ap_fixed_16_5_,hd_unroll=1,972,20261001
ATTN_config_S8_D256_H8_HD32_G1_layer_norm_ROPETrue_UHD1_ap_fixed_16_5_,hd_unroll=1,972,20261001
ATTN_config_S8_D256_H8_HD32_G1_rms_norm_ROPEFalse_UHD1_ap_fixed_16_5_,hd_unroll=1,972,20261001
ATTN_config_S8_D256_H8_HD32_G1_rms_norm_ROPETrue_UHD1_ap_fixed_16_5_,hd_unroll=1,972,20261001
ATTN_config_S8_D256_H8_HD32_G4_layer_norm_ROPEFalse_UHD1_ap_fixed_16_5_,hd_unroll=1,972,20261001
ATTN_config_S8_D256_H8_HD32_G4_rms_norm_ROPETrue_UHD1_ap_fixed_16_5_,hd_unroll=1,972,20261001
ATTN_config_S8_D256_H8_HD64_G2_layer_norm_ROPEFalse_UHD1_ap_fixed_16_5_,hd_unroll=1,972,20261001
ATTN_config_S8_D256_H8_HD64_G4_layer_norm_ROPETrue_UHD1_ap_fixed_16_5_,hd_unroll=1,972,20261001
ATTN_config_S8_D512_H16_HD16_G1_rms_norm_ROPETrue_UHD1_ap_fixed_16_5_,hd_unroll=1,972,20261001
ATTN_config_S8_D512_H16_HD16_G2_layer_norm_ROPEFalse_UHD1_ap_fixed_16_5_,hd_unroll=1,972,20261001
ATTN_config_S8_D512_H16_HD16_G2_layer_norm_ROPETrue_UHD1_ap_fixed_16_5_,hd_unroll=1,972,20261001
ATTN_config_S8_D512_H16_HD16_G4_rms_norm_ROPEFalse_UHD1_ap_fixed_16_5_,hd_unroll=1,972,20261001
ATTN_config_S8_D512_H16_HD32_G2_layer_norm_ROPETrue_UHD1_ap_fixed_16_5_,hd_unroll=1,972,20261001
ATTN_config_S8_D512_H16_HD32_G4_layer_norm_ROPETrue_UHD1_ap_fixed_16_5_,hd_unroll=1,972,20261001
ATTN_config_S8_D512_H16_HD32_G4_rms_norm_ROPETrue_UHD1_ap_fixed_16_5_,hd_unroll=1,972,20261001
ATTN_config_S8_D512_H16_HD64_G1_rms_norm_ROPETrue_UHD1_ap_fixed_16_5_,hd_unroll=1,972,20261001
ATTN_config_S8_D512_H16_HD64_G4_layer_norm_ROPEFalse_UHD1_ap_fixed_16_5_,hd_unroll=1,972,20261001
ATTN_config_S8_D512_H32_HD16_G2_layer_norm_ROPETrue_UHD1_ap_fixed_16_5_,hd_unroll=1,972,20261001
ATTN_config_S8_D512_H32_HD16_G2_rms_norm_ROPETrue_UHD1_ap_fixed_16_5_,hd_unroll=1,972,20261001
ATTN_config_S8_D512_H32_HD16_G4_layer_norm_ROPETrue_UHD1_ap_fixed_16_5_,hd_unroll=1,972,20261001
ATTN_config_S8_D512_H32_HD16_G4_rms_norm_ROPETrue_UHD1_ap_fixed_16_5_,hd_unroll=1,972,20261001
ATTN_config_S8_D512_H32_HD32_G1_layer_norm_ROPEFalse_UHD1_ap_fixed_16_5_,hd_unroll=1,972,20261001
ATTN_config_S8_D512_H32_HD32_G1_layer_norm_ROPETrue_UHD1_ap_fixed_16_5_,hd_unroll=1,972,20261001
ATTN_config_S8_D512_H32_HD32_G4_rms_norm_ROPETrue_UHD1_ap_fixed_16_5_,hd_unroll=1,972,20261001
ATTN_config_S8_D512_H32_HD64_G2_rms_norm_ROPEFalse_UHD1_ap_fixed_16_5_,hd_unroll=1,972,20261001
ATTN_config_S8_D512_H32_HD64_G4_layer_norm_ROPEFalse_UHD1_ap_fixed_16_5_,hd_unroll=1,972,20261001
ATTN_config_S8_D512_H32_HD64_G4_rms_norm_ROPEFalse_UHD1_ap_fixed_16_5_,hd_unroll=1,972,20261001
ATTN_config_S8_D512_H8_HD16_G1_layer_norm_ROPEFalse_UHD1_ap_fixed_16_5_,hd_unroll=1,972,20261001
ATTN_config_S8_D512_H8_HD16_G2_rms_norm_ROPEFalse_UHD1_ap_fixed_16_5_,hd_unroll=1,972,20261001
ATTN_config_S8_D512_H8_HD16_G2_rms_norm_ROPETrue_UHD1_ap_fixed_16_5_,hd_unroll=1,972,20261001
ATTN_config_S8_D512_H8_HD32_G1_layer_norm_ROPEFalse_UHD1_ap_fixed_16_5_,hd_unroll=1,972,20261001
ATTN_config_S8_D512_H8_HD32_G4_layer_norm_ROPETrue_UHD1_ap_fixed_16_5_,hd_unroll=1,972,20261001
ATTN_config_S8_D512_H8_HD64_G2_layer_norm_ROPEFalse_UHD1_ap_fixed_16_5_,hd_unroll=1,972,20261001
ATTN_config_S8_D512_H8_HD64_G4_layer_norm_ROPETrue_UHD1_ap_fixed_16_5_,hd_unroll=1,972,20261001
ATTN_config_S16_D128_H16_HD16_G1_rms_norm_ROPEFalse_UHD2_ap_fixed_16_5_,hd_unroll=2,972,20261001
ATTN_config_S16_D128_H16_HD16_G4_layer_norm_ROPEFalse_UHD2_ap_fixed_16_5_,hd_unroll=2,972,20261001
ATTN_config_S16_D128_H16_HD32_G1_layer_norm_ROPETrue_UHD2_ap_fixed_16_5_,hd_unroll=2,972,20261001
ATTN_config_S16_D128_H16_HD32_G2_rms_norm_ROPEFalse_UHD2_ap_fixed_16_5_,hd_unroll=2,972,20261001
ATTN_config_S16_D128_H16_HD32_G2_rms_norm_ROPETrue_UHD2_ap_fixed_16_5_,hd_unroll=2,972,20261001
ATTN_config_S16_D128_H16_HD64_G1_layer_norm_ROPEFalse_UHD2_ap_fixed_16_5_,hd_unroll=2,972,20261001
ATTN_config_S16_D128_H16_HD64_G2_layer_norm_ROPETrue_UHD2_ap_fixed_16_5_,hd_unroll=2,972,20261001
ATTN_config_S16_D128_H32_HD16_G1_layer_norm_ROPETrue_UHD2_ap_fixed_16_5_,hd_unroll=2,972,20261001
ATTN_config_S16_D128_H32_HD32_G1_rms_norm_ROPEFalse_UHD2_ap_fixed_16_5_,hd_unroll=2,972,20261001
ATTN_config_S16_D128_H32_HD32_G2_layer_norm_ROPEFalse_UHD2_ap_fixed_16_5_,hd_unroll=2,972,20261001
ATTN_config_S16_D128_H32_HD32_G2_layer_norm_ROPETrue_UHD2_ap_fixed_16_5_,hd_unroll=2,972,20261001
ATTN_config_S16_D128_H32_HD32_G2_rms_norm_ROPETrue_UHD2_ap_fixed_16_5_,hd_unroll=2,972,20261001
ATTN_config_S16_D128_H32_HD64_G2_rms_norm_ROPETrue_UHD2_ap_fixed_16_5_,hd_unroll=2,972,20261001
ATTN_config_S16_D128_H32_HD64_G4_layer_norm_ROPETrue_UHD2_ap_fixed_16_5_,hd_unroll=2,972,20261001
ATTN_config_S16_D128_H8_HD16_G1_rms_norm_ROPETrue_UHD2_ap_fixed_16_5_,hd_unroll=2,972,20261001
ATTN_config_S16_D128_H8_HD16_G2_layer_norm_ROPETrue_UHD2_ap_fixed_16_5_,hd_unroll=2,972,20261001
ATTN_config_S16_D128_H8_HD16_G2_rms_norm_ROPEFalse_UHD2_ap_fixed_16_5_,hd_unroll=2,972,20261001
ATTN_config_S16_D128_H8_HD16_G4_layer_norm_ROPETrue_UHD2_ap_fixed_16_5_,hd_unroll=2,972,20261001
ATTN_config_S16_D128_H8_HD32_G1_rms_norm_ROPETrue_UHD2_ap_fixed_16_5_,hd_unroll=2,972,20261001
ATTN_config_S16_D128_H8_HD32_G2_layer_norm_ROPEFalse_UHD2_ap_fixed_16_5_,hd_unroll=2,972,20261001
ATTN_config_S16_D128_H8_HD32_G2_layer_norm_ROPETrue_UHD2_ap_fixed_16_5_,hd_unroll=2,972,20261001
ATTN_config_S16_D128_H8_HD64_G1_rms_norm_ROPEFalse_UHD2_ap_fixed_16_5_,hd_unroll=2,972,20261001
ATTN_config_S16_D128_H8_HD64_G2_rms_norm_ROPETrue_UHD2_ap_fixed_16_5_,hd_unroll=2,972,20261001
ATTN_config_S16_D128_H8_HD64_G4_layer_norm_ROPETrue_UHD2_ap_fixed_16_5_,hd_unroll=2,972,20261001
ATTN_config_S16_D128_H8_HD64_G4_rms_norm_ROPEFalse_UHD2_ap_fixed_16_5_,hd_unroll=2,972,20261001
ATTN_config_S16_D256_H16_HD16_G1_layer_norm_ROPEFalse_UHD2_ap_fixed_16_5_,hd_unroll=2,972,20261001
ATTN_config_S16_D256_H16_HD16_G1_layer_norm_ROPETrue_UHD2_ap_fixed_16_5_,hd_unroll=2,972,20261001
ATTN_config_S16_D256_H16_HD16_G1_rms_norm_ROPETrue_UHD2_ap_fixed_16_5_,hd_unroll=2,972,20261001
ATTN_config_S16_D256_H16_HD16_G2_layer_norm_ROPEFalse_UHD2_ap_fixed_16_5_,hd_unroll=2,972,20261001
ATTN_config_S16_D256_H16_HD16_G2_rms_norm_ROPETrue_UHD2_ap_fixed_16_5_,hd_unroll=2,972,20261001
ATTN_config_S16_D256_H16_HD16_G4_rms_norm_ROPETrue_UHD2_ap_fixed_16_5_,hd_unroll=2,972,20261001
ATTN_config_S16_D256_H16_HD32_G1_layer_norm_ROPEFalse_UHD2_ap_fixed_16_5_,hd_unroll=2,972,20261001
ATTN_config_S16_D256_H16_HD32_G4_rms_norm_ROPEFalse_UHD2_ap_fixed_16_5_,hd_unroll=2,972,20261001
ATTN_config_S16_D256_H16_HD32_G4_rms_norm_ROPETrue_UHD2_ap_fixed_16_5_,hd_unroll=2,972,20261001
ATTN_config_S16_D256_H16_HD64_G2_layer_norm_ROPEFalse_UHD2_ap_fixed_16_5_,hd_unroll=2,972,20261001
ATTN_config_S16_D256_H16_HD64_G2_rms_norm_ROPETrue_UHD2_ap_fixed_16_5_,hd_unroll=2,972,20261001
ATTN_config_S16_D256_H32_HD16_G1_layer_norm_ROPETrue_UHD2_ap_fixed_16_5_,hd_unroll=2,972,20261001
ATTN_config_S16_D256_H32_HD16_G2_rms_norm_ROPEFalse_UHD2_ap_fixed_16_5_,hd_unroll=2,972,20261001
ATTN_config_S16_D256_H32_HD16_G4_layer_norm_ROPEFalse_UHD2_ap_fixed_16_5_,hd_unroll=2,972,20261001
ATTN_config_S16_D256_H32_HD16_G4_rms_norm_ROPEFalse_UHD2_ap_fixed_16_5_,hd_unroll=2,972,20261001
ATTN_config_S16_D256_H32_HD16_G4_rms_norm_ROPETrue_UHD2_ap_fixed_16_5_,hd_unroll=2,972,20261001
ATTN_config_S16_D256_H32_HD32_G2_rms_norm_ROPETrue_UHD2_ap_fixed_16_5_,hd_unroll=2,972,20261001
ATTN_config_S16_D256_H32_HD32_G4_layer_norm_ROPEFalse_UHD2_ap_fixed_16_5_,hd_unroll=2,972,20261001
ATTN_config_S16_D256_H32_HD32_G4_layer_norm_ROPETrue_UHD2_ap_fixed_16_5_,hd_unroll=2,972,20261001
ATTN_config_S16_D256_H32_HD64_G1_layer_norm_ROPEFalse_UHD2_ap_fixed_16_5_,hd_unroll=2,972,20261001
ATTN_config_S16_D256_H32_HD64_G4_rms_norm_ROPETrue_UHD2_ap_fixed_16_5_,hd_unroll=2,972,20261001
ATTN_config_S16_D256_H8_HD16_G2_layer_norm_ROPEFalse_UHD2_ap_fixed_16_5_,hd_unroll=2,972,20261001
ATTN_config_S16_D256_H8_HD16_G2_layer_norm_ROPETrue_UHD2_ap_fixed_16_5_,hd_unroll=2,972,20261001
ATTN_config_S16_D256_H8_HD16_G2_rms_norm_ROPETrue_UHD2_ap_fixed_16_5_,hd_unroll=2,972,20261001
ATTN_config_S16_D256_H8_HD16_G4_rms_norm_ROPEFalse_UHD2_ap_fixed_16_5_,hd_unroll=2,972,20261001
ATTN_config_S16_D256_H8_HD16_G4_rms_norm_ROPETrue_UHD2_ap_fixed_16_5_,hd_unroll=2,972,20261001
ATTN_config_S16_D256_H8_HD32_G1_layer_norm_ROPETrue_UHD2_ap_fixed_16_5_,hd_unroll=2,972,20261001
ATTN_config_S16_D256_H8_HD64_G1_layer_norm_ROPETrue_UHD2_ap_fixed_16_5_,hd_unroll=2,972,20261001
ATTN_config_S16_D256_H8_HD64_G4_layer_norm_ROPEFalse_UHD2_ap_fixed_16_5_,hd_unroll=2,972,20261001
ATTN_config_S16_D512_H16_HD16_G1_layer_norm_ROPETrue_UHD2_ap_fixed_16_5_,hd_unroll=2,972,20261001
ATTN_config_S16_D512_H16_HD16_G2_layer_norm_ROPETrue_UHD2_ap_fixed_16_5_,hd_unroll=2,972,20261001
ATTN_config_S16_D512_H16_HD16_G4_rms_norm_ROPEFalse_UHD2_ap_fixed_16_5_,hd_unroll=2,972,20261001
ATTN_config_S16_D512_H16_HD32_G1_rms_norm_ROPEFalse_UHD2_ap_fixed_16_5_,hd_unroll=2,972,20261001
ATTN_config_S16_D512_H16_HD32_G4_rms_norm_ROPETrue_UHD2_ap_fixed_16_5_,hd_unroll=2,972,20261001
ATTN_config_S16_D512_H16_HD64_G4_rms_norm_ROPEFalse_UHD2_ap_fixed_16_5_,hd_unroll=2,972,20261001
ATTN_config_S16_D512_H16_HD64_G4_rms_norm_ROPETrue_UHD2_ap_fixed_16_5_,hd_unroll=2,972,20261001
ATTN_config_S16_D512_H32_HD16_G1_rms_norm_ROPEFalse_UHD2_ap_fixed_16_5_,hd_unroll=2,972,20261001
ATTN_config_S16_D512_H32_HD16_G2_rms_norm_ROPETrue_UHD2_ap_fixed_16_5_,hd_unroll=2,972,20261001
ATTN_config_S16_D512_H32_HD16_G4_layer_norm_ROPEFalse_UHD2_ap_fixed_16_5_,hd_unroll=2,972,20261001
ATTN_config_S16_D512_H32_HD16_G4_layer_norm_ROPETrue_UHD2_ap_fixed_16_5_,hd_unroll=2,972,20261001
ATTN_config_S16_D512_H32_HD64_G1_layer_norm_ROPETrue_UHD2_ap_fixed_16_5_,hd_unroll=2,972,20261001
ATTN_config_S16_D512_H32_HD64_G1_rms_norm_ROPETrue_UHD2_ap_fixed_16_5_,hd_unroll=2,972,20261001
ATTN_config_S16_D512_H32_HD64_G2_rms_norm_ROPETrue_UHD2_ap_fixed_16_5_,hd_unroll=2,972,20261001
ATTN_config_S16_D512_H32_HD64_G4_layer_norm_ROPETrue_UHD2_ap_fixed_16_5_,hd_unroll=2,972,20261001
ATTN_config_S16_D512_H32_HD64_G4_rms_norm_ROPEFalse_UHD2_ap_fixed_16_5_,hd_unroll=2,972,20261001
ATTN_config_S16_D512_H32_HD64_G4_rms_norm_ROPETrue_UHD2_ap_fixed_16_5_,hd_unroll=2,972,20261001
ATTN_config_S16_D512_H8_HD16_G2_layer_norm_ROPETrue_UHD2_ap_fixed_16_5_,hd_unroll=2,972,20261001
ATTN_config_S16_D512_H8_HD32_G1_layer_norm_ROPEFalse_UHD2_ap_fixed_16_5_,hd_unroll=2,972,20261001
ATTN_config_S16_D512_H8_HD32_G2_layer_norm_ROPETrue_UHD2_ap_fixed_16_5_,hd_unroll=2,972,20261001
ATTN_config_S16_D512_H8_HD32_G2_rms_norm_ROPEFalse_UHD2_ap_fixed_16_5_,hd_unroll=2,972,20261001
ATTN_config_S16_D512_H8_HD32_G2_rms_norm_ROPETrue_UHD2_ap_fixed_16_5_,hd_unroll=2,972,20261001
ATTN_config_S16_D512_H8_HD32_G4_layer_norm_ROPETrue_UHD2_ap_fixed_16_5_,hd_unroll=2,972,20261001
ATTN_config_S16_D512_H8_HD64_G1_layer_norm_ROPETrue_UHD2_ap_fixed_16_5_,hd_unroll=2,972,20261001
ATTN_config_S16_D512_H8_HD64_G2_layer_norm_ROPEFalse_UHD2_ap_fixed_16_5_,hd_unroll=2,972,20261001
ATTN_config_S16_D512_H8_HD64_G2_rms_norm_ROPEFalse_UHD2_ap_fixed_16_5_,hd_unroll=2,972,20261001
ATTN_config_S16_D512_H8_HD64_G2_rms_norm_ROPETrue_UHD2_ap_fixed_16_5_,hd_unroll=2,972,20261001
ATTN_config_S16_D512_H8_HD64_G4_layer_norm_ROPETrue_UHD2_ap_fixed_16_5_,hd_unroll=2,972,20261001
ATTN_config_S16_D512_H8_HD64_G4_rms_norm_ROPEFalse_UHD2_ap_fixed_16_5_,hd_unroll=2,972,20261001
ATTN_config_S32_D128_H16_HD16_G4_rms_norm_ROPETrue_UHD2_ap_fixed_16_5_,hd_unroll=2,972,20261001
ATTN_config_S32_D128_H16_HD32_G2_rms_norm_ROPEFalse_UHD2_ap_fixed_16_5_,hd_unroll=2,972,20261001
ATTN_config_S32_D128_H16_HD32_G4_layer_norm_ROPETrue_UHD2_ap_fixed_16_5_,hd_unroll=2,972,20261001
ATTN_config_S32_D128_H16_HD32_G4_rms_norm_ROPETrue_UHD2_ap_fixed_16_5_,hd_unroll=2,972,20261001
ATTN_config_S32_D128_H16_HD64_G1_rms_norm_ROPEFalse_UHD2_ap_fixed_16_5_,hd_unroll=2,972,20261001
ATTN_config_S32_D128_H16_HD64_G2_layer_norm_ROPETrue_UHD2_ap_fixed_16_5_,hd_unroll=2,972,20261001
ATTN_config_S32_D128_H16_HD64_G4_rms_norm_ROPEFalse_UHD2_ap_fixed_16_5_,hd_unroll=2,972,20261001
ATTN_config_S32_D128_H16_HD64_G4_rms_norm_ROPETrue_UHD2_ap_fixed_16_5_,hd_unroll=2,972,20261001
ATTN_config_S32_D128_H32_HD16_G1_layer_norm_ROPETrue_UHD2_ap_fixed_16_5_,hd_unroll=2,972,20261001
ATTN_config_S32_D128_H32_HD16_G2_layer_norm_ROPETrue_UHD2_ap_fixed_16_5_,hd_unroll=2,972,20261001
ATTN_config_S32_D128_H32_HD16_G4_rms_norm_ROPETrue_UHD2_ap_fixed_16_5_,hd_unroll=2,972,20261001
ATTN_config_S32_D128_H32_HD32_G1_layer_norm_ROPETrue_UHD2_ap_fixed_16_5_,hd_unroll=2,972,20261001
ATTN_config_S32_D128_H32_HD32_G2_rms_norm_ROPETrue_UHD2_ap_fixed_16_5_,hd_unroll=2,972,20261001
ATTN_config_S32_D128_H32_HD64_G4_layer_norm_ROPEFalse_UHD2_ap_fixed_16_5_,hd_unroll=2,972,20261001
ATTN_config_S32_D128_H8_HD16_G1_layer_norm_ROPEFalse_UHD2_ap_fixed_16_5_,hd_unroll=2,972,20261001
ATTN_config_S32_D128_H8_HD16_G2_layer_norm_ROPETrue_UHD2_ap_fixed_16_5_,hd_unroll=2,972,20261001
ATTN_config_S32_D128_H8_HD16_G4_rms_norm_ROPEFalse_UHD2_ap_fixed_16_5_,hd_unroll=2,972,20261001
ATTN_config_S32_D128_H8_HD16_G4_rms_norm_ROPETrue_UHD2_ap_fixed_16_5_,hd_unroll=2,972,20261001
ATTN_config_S32_D128_H8_HD32_G1_rms_norm_ROPEFalse_UHD2_ap_fixed_16_5_,hd_unroll=2,972,20261001
ATTN_config_S32_D128_H8_HD32_G1_rms_norm_ROPETrue_UHD2_ap_fixed_16_5_,hd_unroll=2,972,20261001
ATTN_config_S32_D128_H8_HD32_G4_layer_norm_ROPEFalse_UHD2_ap_fixed_16_5_,hd_unroll=2,972,20261001
ATTN_config_S32_D128_H8_HD64_G1_rms_norm_ROPEFalse_UHD2_ap_fixed_16_5_,hd_unroll=2,972,20261001
ATTN_config_S32_D256_H16_HD16_G1_rms_norm_ROPEFalse_UHD2_ap_fixed_16_5_,hd_unroll=2,972,20261001
ATTN_config_S32_D256_H16_HD16_G2_rms_norm_ROPETrue_UHD2_ap_fixed_16_5_,hd_unroll=2,972,20261001
ATTN_config_S32_D256_H16_HD32_G2_rms_norm_ROPEFalse_UHD2_ap_fixed_16_5_,hd_unroll=2,972,20261001
ATTN_config_S32_D256_H16_HD32_G2_rms_norm_ROPETrue_UHD2_ap_fixed_16_5_,hd_unroll=2,972,20261001
ATTN_config_S32_D256_H16_HD32_G4_layer_norm_ROPETrue_UHD2_ap_fixed_16_5_,hd_unroll=2,972,20261001
ATTN_config_S32_D256_H16_HD64_G1_layer_norm_ROPETrue_UHD2_ap_fixed_16_5_,hd_unroll=2,972,20261001
ATTN_config_S32_D256_H16_HD64_G1_rms_norm_ROPEFalse_UHD2_ap_fixed_16_5_,hd_unroll=2,972,20261001
ATTN_config_S32_D256_H32_HD16_G1_rms_norm_ROPEFalse_UHD2_ap_fixed_16_5_,hd_unroll=2,972,20261001
ATTN_config_S32_D256_H32_HD16_G2_layer_norm_ROPEFalse_UHD2_ap_fixed_16_5_,hd_unroll=2,972,20261001
ATTN_config_S32_D256_H32_HD16_G2_rms_norm_ROPETrue_UHD2_ap_fixed_16_5_,hd_unroll=2,972,20261001
ATTN_config_S32_D256_H32_HD16_G4_layer_norm_ROPEFalse_UHD2_ap_fixed_16_5_,hd_unroll=2,972,20261001
ATTN_config_S32_D256_H32_HD32_G1_rms_norm_ROPETrue_UHD2_ap_fixed_16_5_,hd_unroll=2,972,20261001
ATTN_config_S32_D256_H32_HD32_G2_layer_norm_ROPEFalse_UHD2_ap_fixed_16_5_,hd_unroll=2,972,20261001
ATTN_config_S32_D256_H32_HD32_G4_layer_norm_ROPEFalse_UHD2_ap_fixed_16_5_,hd_unroll=2,972,20261001
ATTN_config_S32_D256_H32_HD32_G4_rms_norm_ROPETrue_UHD2_ap_fixed_16_5_,hd_unroll=2,972,20261001
ATTN_config_S32_D256_H32_HD64_G2_layer_norm_ROPEFalse_UHD2_ap_fixed_16_5_,hd_unroll=2,972,20261001
ATTN_config_S32_D256_H8_HD16_G1_layer_norm_ROPEFalse_UHD2_ap_fixed_16_5_,hd_unroll=2,972,20261001
ATTN_config_S32_D256_H8_HD16_G1_rms_norm_ROPETrue_UHD2_ap_fixed_16_5_,hd_unroll=2,972,20261001
ATTN_config_S32_D256_H8_HD16_G2_layer_norm_ROPEFalse_UHD2_ap_fixed_16_5_,hd_unroll=2,972,20261001
ATTN_config_S32_D256_H8_HD16_G2_rms_norm_ROPETrue_UHD2_ap_fixed_16_5_,hd_unroll=2,972,20261001
ATTN_config_S32_D256_H8_HD16_G4_rms_norm_ROPEFalse_UHD2_ap_fixed_16_5_,hd_unroll=2,972,20261001
ATTN_config_S32_D256_H8_HD32_G1_rms_norm_ROPEFalse_UHD2_ap_fixed_16_5_,hd_unroll=2,972,20261001
ATTN_config_S32_D256_H8_HD32_G1_rms_norm_ROPETrue_UHD2_ap_fixed_16_5_,hd_unroll=2,972,20261001
ATTN_config_S32_D256_H8_HD32_G4_layer_norm_ROPEFalse_UHD2_ap_fixed_16_5_,hd_unroll=2,972,20261001
ATTN_config_S32_D256_H8_HD64_G1_rms_norm_ROPETrue_UHD2_ap_fixed_16_5_,hd_unroll=2,972,20261001
ATTN_config_S32_D512_H16_HD16_G4_rms_norm_ROPEFalse_UHD2_ap_fixed_16_5_,hd_unroll=2,972,20261001
ATTN_config_S32_D512_H16_HD32_G1_layer_norm_ROPETrue_UHD2_ap_fixed_16_5_,hd_unroll=2,972,20261001
ATTN_config_S32_D512_H16_HD32_G1_rms_norm_ROPEFalse_UHD2_ap_fixed_16_5_,hd_unroll=2,972,20261001
ATTN_config_S32_D512_H16_HD32_G2_rms_norm_ROPEFalse_UHD2_ap_fixed_16_5_,hd_unroll=2,972,20261001
ATTN_config_S32_D512_H16_HD32_G4_layer_norm_ROPEFalse_UHD2_ap_fixed_16_5_,hd_unroll=2,972,20261001
ATTN_config_S32_D512_H16_HD64_G1_layer_norm_ROPETrue_UHD2_ap_fixed_16_5_,hd_unroll=2,972,20261001
ATTN_config_S32_D512_H16_HD64_G2_rms_norm_ROPETrue_UHD2_ap_fixed_16_5_,hd_unroll=2,972,20261001
ATTN_config_S32_D512_H16_HD64_G4_layer_norm_ROPETrue_UHD2_ap_fixed_16_5_,hd_unroll=2,972,20261001
ATTN_config_S32_D512_H32_HD16_G1_rms_norm_ROPETrue_UHD2_ap_fixed_16_5_,hd_unroll=2,972,20261001
ATTN_config_S32_D512_H32_HD16_G2_layer_norm_ROPEFalse_UHD2_ap_fixed_16_5_,hd_unroll=2,972,20261001
ATTN_config_S32_D512_H32_HD32_G1_layer_norm_ROPEFalse_UHD2_ap_fixed_16_5_,hd_unroll=2,972,20261001
ATTN_config_S32_D512_H32_HD32_G2_layer_norm_ROPETrue_UHD2_ap_fixed_16_5_,hd_unroll=2,972,20261001
ATTN_config_S32_D512_H32_HD32_G4_layer_norm_ROPEFalse_UHD2_ap_fixed_16_5_,hd_unroll=2,972,20261001
ATTN_config_S32_D512_H32_HD32_G4_layer_norm_ROPETrue_UHD2_ap_fixed_16_5_,hd_unroll=2,972,20261001
ATTN_config_S32_D512_H32_HD32_G4_rms_norm_ROPEFalse_UHD2_ap_fixed_16_5_,hd_unroll=2,972,20261001
ATTN_config_S32_D512_H32_HD64_G1_layer_norm_ROPETrue_UHD2_ap_fixed_16_5_,hd_unroll=2,972,20261001
ATTN_config_S32_D512_H32_HD64_G2_rms_norm_ROPETrue_UHD2_ap_fixed_16_5_,hd_unroll=2,972,20261001
ATTN_config_S32_D512_H32_HD64_G4_rms_norm_ROPETrue_UHD2_ap_fixed_16_5_,hd_unroll=2,972,20261001
ATTN_config_S32_D512_H8_HD16_G2_rms_norm_ROPEFalse_UHD2_ap_fixed_16_5_,hd_unroll=2,972,20261001
ATTN_config_S32_D512_H8_HD16_G4_layer_norm_ROPEFalse_UHD2_ap_fixed_16_5_,hd_unroll=2,972,20261001
ATTN_config_S32_D512_H8_HD16_G4_rms_norm_ROPEFalse_UHD2_ap_fixed_16_5_,hd_unroll=2,972,20261001
ATTN_config_S32_D512_H8_HD16_G4_rms_norm_ROPETrue_UHD2_ap_fixed_16_5_,hd_unroll=2,972,20261001
ATTN_config_S32_D512_H8_HD32_G1_layer_norm_ROPETrue_UHD2_ap_fixed_16_5_,hd_unroll=2,972,20261001
ATTN_config_S32_D512_H8_HD32_G2_layer_norm_ROPETrue_UHD2_ap_fixed_16_5_,hd_unroll=2,972,20261001
ATTN_config_S32_D512_H8_HD64_G1_rms_norm_ROPETrue_UHD2_ap_fixed_16_5_,hd_unroll=2,972,20261001
ATTN_config_S32_D512_H8_HD64_G2_rms_norm_ROPEFalse_UHD2_ap_fixed_16_5_,hd_unroll=2,972,20261001
ATTN_config_S32_D512_H8_HD64_G4_layer_norm_ROPETrue_UHD2_ap_fixed_16_5_,hd_unroll=2,972,20261001
ATTN_config_S8_D128_H16_HD16_G1_layer_norm_ROPEFalse_UHD2_ap_fixed_16_5_,hd_unroll=2,972,20261001
ATTN_config_S8_D128_H16_HD16_G1_rms_norm_ROPETrue_UHD2_ap_fixed_16_5_,hd_unroll=2,972,20261001
ATTN_config_S8_D128_H16_HD16_G2_rms_norm_ROPETrue_UHD2_ap_fixed_16_5_,hd_unroll=2,972,20261001
ATTN_config_S8_D128_H16_HD16_G4_layer_norm_ROPEFalse_UHD2_ap_fixed_16_5_,hd_unroll=2,972,20261001
ATTN_config_S8_D128_H16_HD32_G2_layer_norm_ROPEFalse_UHD2_ap_fixed_16_5_,hd_unroll=2,972,20261001
ATTN_config_S8_D128_H16_HD32_G2_rms_norm_ROPEFalse_UHD2_ap_fixed_16_5_,hd_unroll=2,972,20261001
ATTN_config_S8_D128_H16_HD64_G2_rms_norm_ROPEFalse_UHD2_ap_fixed_16_5_,hd_unroll=2,972,20261001
ATTN_config_S8_D128_H16_HD64_G4_rms_norm_ROPETrue_UHD2_ap_fixed_16_5_,hd_unroll=2,972,20261001
ATTN_config_S8_D128_H32_HD16_G1_rms_norm_ROPEFalse_UHD2_ap_fixed_16_5_,hd_unroll=2,972,20261001
ATTN_config_S8_D128_H32_HD16_G1_rms_norm_ROPETrue_UHD2_ap_fixed_16_5_,hd_unroll=2,972,20261001
ATTN_config_S8_D128_H32_HD16_G2_layer_norm_ROPETrue_UHD2_ap_fixed_16_5_,hd_unroll=2,972,20261001
ATTN_config_S8_D128_H32_HD16_G4_rms_norm_ROPEFalse_UHD2_ap_fixed_16_5_,hd_unroll=2,972,20261001
ATTN_config_S8_D128_H32_HD16_G4_rms_norm_ROPETrue_UHD2_ap_fixed_16_5_,hd_unroll=2,972,20261001
ATTN_config_S8_D128_H32_HD32_G1_layer_norm_ROPETrue_UHD2_ap_fixed_16_5_,hd_unroll=2,972,20261001
ATTN_config_S8_D128_H32_HD32_G2_layer_norm_ROPEFalse_UHD2_ap_fixed_16_5_,hd_unroll=2,972,20261001
ATTN_config_S8_D128_H32_HD32_G2_layer_norm_ROPETrue_UHD2_ap_fixed_16_5_,hd_unroll=2,972,20261001
ATTN_config_S8_D128_H32_HD32_G2_rms_norm_ROPEFalse_UHD2_ap_fixed_16_5_,hd_unroll=2,972,20261001
ATTN_config_S8_D128_H32_HD32_G2_rms_norm_ROPETrue_UHD2_ap_fixed_16_5_,hd_unroll=2,972,20261001
ATTN_config_S8_D128_H32_HD64_G1_layer_norm_ROPETrue_UHD2_ap_fixed_16_5_,hd_unroll=2,972,20261001
ATTN_config_S8_D128_H32_HD64_G4_rms_norm_ROPEFalse_UHD2_ap_fixed_16_5_,hd_unroll=2,972,20261001
ATTN_config_S8_D128_H32_HD64_G4_rms_norm_ROPETrue_UHD2_ap_fixed_16_5_,hd_unroll=2,972,20261001
ATTN_config_S8_D128_H8_HD16_G1_rms_norm_ROPEFalse_UHD2_ap_fixed_16_5_,hd_unroll=2,972,20261001
ATTN_config_S8_D128_H8_HD16_G2_rms_norm_ROPETrue_UHD2_ap_fixed_16_5_,hd_unroll=2,972,20261001
ATTN_config_S8_D128_H8_HD16_G4_rms_norm_ROPETrue_UHD2_ap_fixed_16_5_,hd_unroll=2,972,20261001
ATTN_config_S8_D128_H8_HD32_G1_layer_norm_ROPEFalse_UHD2_ap_fixed_16_5_,hd_unroll=2,972,20261001
ATTN_config_S8_D128_H8_HD32_G2_rms_norm_ROPEFalse_UHD2_ap_fixed_16_5_,hd_unroll=2,972,20261001
ATTN_config_S8_D128_H8_HD32_G4_rms_norm_ROPEFalse_UHD2_ap_fixed_16_5_,hd_unroll=2,972,20261001
ATTN_config_S8_D128_H8_HD64_G1_layer_norm_ROPEFalse_UHD2_ap_fixed_16_5_,hd_unroll=2,972,20261001
ATTN_config_S8_D256_H16_HD16_G1_layer_norm_ROPETrue_UHD2_ap_fixed_16_5_,hd_unroll=2,972,20261001
ATTN_config_S8_D256_H16_HD16_G1_rms_norm_ROPEFalse_UHD2_ap_fixed_16_5_,hd_unroll=2,972,20261001
ATTN_config_S8_D256_H16_HD16_G2_layer_norm_ROPETrue_UHD2_ap_fixed_16_5_,hd_unroll=2,972,20261001
ATTN_config_S8_D256_H16_HD16_G2_rms_norm_ROPETrue_UHD2_ap_fixed_16_5_,hd_unroll=2,972,20261001
ATTN_config_S8_D256_H16_HD16_G4_layer_norm_ROPEFalse_UHD2_ap_fixed_16_5_,hd_unroll=2,972,20261001
ATTN_config_S8_D256_H16_HD16_G4_rms_norm_ROPETrue_UHD2_ap_fixed_16_5_,hd_unroll=2,972,20261001
ATTN_config_S8_D256_H16_HD32_G1_rms_norm_ROPETrue_UHD2_ap_fixed_16_5_,hd_unroll=2,972,20261001
ATTN_config_S8_D256_H16_HD32_G2_layer_norm_ROPETrue_UHD2_ap_fixed_16_5_,hd_unroll=2,972,20261001
ATTN_config_S8_D256_H16_HD32_G2_rms_norm_ROPEFalse_UHD2_ap_fixed_16_5_,hd_unroll=2,972,20261001
ATTN_config_S8_D256_H16_HD32_G4_layer_norm_ROPEFalse_UHD2_ap_fixed_16_5_,hd_unroll=2,972,20261001
ATTN_config_S8_D256_H16_HD32_G4_rms_norm_ROPEFalse_UHD2_ap_fixed_16_5_,hd_unroll=2,972,20261001
ATTN_config_S8_D256_H16_HD64_G2_rms_norm_ROPEFalse_UHD2_ap_fixed_16_5_,hd_unroll=2,972,20261001
ATTN_config_S8_D256_H16_HD64_G4_layer_norm_ROPEFalse_UHD2_ap_fixed_16_5_,hd_unroll=2,972,20261001
ATTN_config_S8_D256_H16_HD64_G4_rms_norm_ROPETrue_UHD2_ap_fixed_16_5_,hd_unroll=2,972,20261001
ATTN_config_S8_D256_H32_HD16_G4_layer_norm_ROPETrue_UHD2_ap_fixed_16_5_,hd_unroll=2,972,20261001
ATTN_config_S8_D256_H32_HD32_G1_layer_norm_ROPEFalse_UHD2_ap_fixed_16_5_,hd_unroll=2,972,20261001
ATTN_config_S8_D256_H32_HD32_G1_rms_norm_ROPEFalse_UHD2_ap_fixed_16_5_,hd_unroll=2,972,20261001
ATTN_config_S8_D256_H32_HD32_G2_layer_norm_ROPEFalse_UHD2_ap_fixed_16_5_,hd_unroll=2,972,20261001
ATTN_config_S8_D256_H32_HD64_G1_rms_norm_ROPETrue_UHD2_ap_fixed_16_5_,hd_unroll=2,972,20261001
ATTN_config_S8_D256_H32_HD64_G4_layer_norm_ROPEFalse_UHD2_ap_fixed_16_5_,hd_unroll=2,972,20261001
ATTN_config_S8_D256_H8_HD16_G1_rms_norm_ROPEFalse_UHD2_ap_fixed_16_5_,hd_unroll=2,972,20261001
ATTN_config_S8_D256_H8_HD16_G2_rms_norm_ROPEFalse_UHD2_ap_fixed_16_5_,hd_unroll=2,972,20261001
ATTN_config_S8_D256_H8_HD16_G2_rms_norm_ROPETrue_UHD2_ap_fixed_16_5_,hd_unroll=2,972,20261001
ATTN_config_S8_D256_H8_HD16_G4_layer_norm_ROPEFalse_UHD2_ap_fixed_16_5_,hd_unroll=2,972,20261001
ATTN_config_S8_D256_H8_HD32_G1_rms_norm_ROPETrue_UHD2_ap_fixed_16_5_,hd_unroll=2,972,20261001
ATTN_config_S8_D256_H8_HD32_G2_rms_norm_ROPEFalse_UHD2_ap_fixed_16_5_,hd_unroll=2,972,20261001
ATTN_config_S8_D256_H8_HD32_G2_rms_norm_ROPETrue_UHD2_ap_fixed_16_5_,hd_unroll=2,972,20261001
ATTN_config_S8_D256_H8_HD32_G4_layer_norm_ROPEFalse_UHD2_ap_fixed_16_5_,hd_unroll=2,972,20261001
ATTN_config_S8_D256_H8_HD32_G4_rms_norm_ROPEFalse_UHD2_ap_fixed_16_5_,hd_unroll=2,972,20261001
ATTN_config_S8_D256_H8_HD32_G4_rms_norm_ROPETrue_UHD2_ap_fixed_16_5_,hd_unroll=2,972,20261001
ATTN_config_S8_D256_H8_HD64_G1_layer_norm_ROPETrue_UHD2_ap_fixed_16_5_,hd_unroll=2,972,20261001
ATTN_config_S8_D256_H8_HD64_G1_rms_norm_ROPEFalse_UHD2_ap_fixed_16_5_,hd_unroll=2,972,20261001
ATTN_config_S8_D256_H8_HD64_G2_rms_norm_ROPETrue_UHD2_ap_fixed_16_5_,hd_unroll=2,972,20261001
ATTN_config_S8_D256_H8_HD64_G4_layer_norm_ROPEFalse_UHD2_ap_fixed_16_5_,hd_unroll=2,972,20261001
ATTN_config_S8_D256_H8_HD64_G4_rms_norm_ROPETrue_UHD2_ap_fixed_16_5_,hd_unroll=2,972,20261001
ATTN_config_S8_D512_H16_HD16_G2_layer_norm_ROPETrue_UHD2_ap_fixed_16_5_,hd_unroll=2,972,20261001
ATTN_config_S8_D512_H16_HD16_G4_layer_norm_ROPETrue_UHD2_ap_fixed_16_5_,hd_unroll=2,972,20261001
ATTN_config_S8_D512_H16_HD32_G4_layer_norm_ROPEFalse_UHD2_ap_fixed_16_5_,hd_unroll=2,972,20261001
ATTN_config_S8_D512_H16_HD64_G1_layer_norm_ROPETrue_UHD2_ap_fixed_16_5_,hd_unroll=2,972,20261001
ATTN_config_S8_D512_H16_HD64_G2_rms_norm_ROPEFalse_UHD2_ap_fixed_16_5_,hd_unroll=2,972,20261001
ATTN_config_S8_D512_H16_HD64_G2_rms_norm_ROPETrue_UHD2_ap_fixed_16_5_,hd_unroll=2,972,20261001
ATTN_config_S8_D512_H16_HD64_G4_rms_norm_ROPEFalse_UHD2_ap_fixed_16_5_,hd_unroll=2,972,20261001
ATTN_config_S8_D512_H16_HD64_G4_rms_norm_ROPETrue_UHD2_ap_fixed_16_5_,hd_unroll=2,972,20261001
ATTN_config_S8_D512_H32_HD16_G1_layer_norm_ROPEFalse_UHD2_ap_fixed_16_5_,hd_unroll=2,972,20261001
ATTN_config_S8_D512_H32_HD16_G1_layer_norm_ROPETrue_UHD2_ap_fixed_16_5_,hd_unroll=2,972,20261001
ATTN_config_S8_D512_H32_HD16_G1_rms_norm_ROPEFalse_UHD2_ap_fixed_16_5_,hd_unroll=2,972,20261001
ATTN_config_S8_D512_H32_HD16_G1_rms_norm_ROPETrue_UHD2_ap_fixed_16_5_,hd_unroll=2,972,20261001
ATTN_config_S8_D512_H32_HD32_G1_layer_norm_ROPETrue_UHD2_ap_fixed_16_5_,hd_unroll=2,972,20261001
ATTN_config_S8_D512_H32_HD32_G2_rms_norm_ROPEFalse_UHD2_ap_fixed_16_5_,hd_unroll=2,972,20261001
ATTN_config_S8_D512_H32_HD32_G4_layer_norm_ROPETrue_UHD2_ap_fixed_16_5_,hd_unroll=2,972,20261001
ATTN_config_S8_D512_H32_HD32_G4_rms_norm_ROPEFalse_UHD2_ap_fixed_16_5_,hd_unroll=2,972,20261001
ATTN_config_S8_D512_H32_HD64_G1_rms_norm_ROPEFalse_UHD2_ap_fixed_16_5_,hd_unroll=2,972,20261001
ATTN_config_S8_D512_H32_HD64_G2_layer_norm_ROPETrue_UHD2_ap_fixed_16_5_,hd_unroll=2,972,20261001
ATTN_config_S8_D512_H32_HD64_G2_rms_norm_ROPETrue_UHD2_ap_fixed_16_5_,hd_unroll=2,972,20261001
ATTN_config_S8_D512_H8_HD16_G1_layer_norm_ROPEFalse_UHD2_ap_fixed_16_5_,hd_unroll=2,972,20261001
ATTN_config_S8_D512_H8_HD16_G2_rms_norm_ROPETrue_UHD2_ap_fixed_16_5_,hd_unroll=2,972,20261001
ATTN_config_S8_D512_H8_HD32_G1_layer_norm_ROPETrue_UHD2_ap_fixed_16_5_,hd_unroll=2,972,20261001
ATTN_config_S8_D512_H8_HD32_G2_layer_norm_ROPEFalse_UHD2_ap_fixed_16_5_,hd_unroll=2,972,20261001
ATTN_config_S8_D512_H8_HD32_G2_layer_norm_ROPETrue_UHD2_ap_fixed_16_5_,hd_unroll=2,972,20261001
ATTN_config_S8_D512_H8_HD32_G4_rms_norm_ROPETrue_UHD2_ap_fixed_16_5_,hd_unroll=2,972,20261001
ATTN_config_S8_D512_H8_HD64_G1_rms_norm_ROPEFalse_UHD2_ap_fixed_16_5_,hd_unroll=2,972,20261001
ATTN_config_S8_D512_H8_HD64_G2_rms_norm_ROPEFalse_UHD2_ap_fixed_16_5_,hd_unroll=2,972,20261001
ATTN_config_S8_D512_H8_HD64_G4_layer_norm_ROPEFalse_UHD2_ap_fixed_16_5_,hd_unroll=2,972,20261001
ATTN_config_S8_D512_H8_HD64_G4_layer_norm_ROPETrue_UHD2_ap_fixed_16_5_,hd_unroll=2,972,20261001
ATTN_config_S8_D512_H8_HD64_G4_rms_norm_ROPEFalse_UHD2_ap_fixed_16_5_,hd_unroll=2,972,20261001
ATTN_config_S16_D128_H16_HD16_G1_layer_norm_ROPEFalse_UHD4_ap_fixed_16_5_,hd_unroll=4,972,20261001
ATTN_config_S16_D128_H16_HD16_G1_rms_norm_ROPETrue_UHD4_ap_fixed_16_5_,hd_unroll=4,972,20261001
ATTN_config_S16_D128_H16_HD16_G2_layer_norm_ROPEFalse_UHD4_ap_fixed_16_5_,hd_unroll=4,972,20261001
ATTN_config_S16_D128_H16_HD16_G2_rms_norm_ROPEFalse_UHD4_ap_fixed_16_5_,hd_unroll=4,972,20261001
ATTN_config_S16_D128_H16_HD16_G2_rms_norm_ROPETrue_UHD4_ap_fixed_16_5_,hd_unroll=4,972,20261001
ATTN_config_S16_D128_H16_HD16_G4_rms_norm_ROPEFalse_UHD4_ap_fixed_16_5_,hd_unroll=4,972,20261001
ATTN_config_S16_D128_H16_HD32_G2_layer_norm_ROPETrue_UHD4_ap_fixed_16_5_,hd_unroll=4,972,20261001
ATTN_config_S16_D128_H16_HD32_G4_layer_norm_ROPEFalse_UHD4_ap_fixed_16_5_,hd_unroll=4,972,20261001
ATTN_config_S16_D128_H16_HD32_G4_rms_norm_ROPETrue_UHD4_ap_fixed_16_5_,hd_unroll=4,972,20261001
ATTN_config_S16_D128_H16_HD64_G1_layer_norm_ROPETrue_UHD4_ap_fixed_16_5_,hd_unroll=4,972,20261001
ATTN_config_S16_D128_H16_HD64_G4_layer_norm_ROPEFalse_UHD4_ap_fixed_16_5_,hd_unroll=4,972,20261001
ATTN_config_S16_D128_H16_HD64_G4_rms_norm_ROPEFalse_UHD4_ap_fixed_16_5_,hd_unroll=4,972,20261001
ATTN_config_S16_D128_H32_HD16_G1_rms_norm_ROPETrue_UHD4_ap_fixed_16_5_,hd_unroll=4,972,20261001
ATTN_config_S16_D128_H32_HD16_G4_rms_norm_ROPEFalse_UHD4_ap_fixed_16_5_,hd_unroll=4,972,20261001
ATTN_config_S16_D128_H32_HD32_G2_layer_norm_ROPEFalse_UHD4_ap_fixed_16_5_,hd_unroll=4,972,20261001
ATTN_config_S16_D128_H32_HD32_G4_layer_norm_ROPETrue_UHD4_ap_fixed_16_5_,hd_unroll=4,972,20261001
ATTN_config_S16_D128_H32_HD32_G4_rms_norm_ROPEFalse_UHD4_ap_fixed_16_5_,hd_unroll=4,972,20261001
ATTN_config_S16_D128_H32_HD64_G1_layer_norm_ROPEFalse_UHD4_ap_fixed_16_5_,hd_unroll=4,972,20261001
ATTN_config_S16_D128_H32_HD64_G1_rms_norm_ROPETrue_UHD4_ap_fixed_16_5_,hd_unroll=4,972,20261001
ATTN_config_S16_D128_H8_HD16_G2_layer_norm_ROPEFalse_UHD4_ap_fixed_16_5_,hd_unroll=4,972,20261001
ATTN_config_S16_D128_H8_HD16_G4_layer_norm_ROPEFalse_UHD4_ap_fixed_16_5_,hd_unroll=4,972,20261001
ATTN_config_S16_D128_H8_HD32_G1_layer_norm_ROPEFalse_UHD4_ap_fixed_16_5_,hd_unroll=4,972,20261001
ATTN_config_S16_D128_H8_HD32_G1_rms_norm_ROPETrue_UHD4_ap_fixed_16_5_,hd_unroll=4,972,20261001
ATTN_config_S16_D128_H8_HD32_G2_layer_norm_ROPEFalse_UHD4_ap_fixed_16_5_,hd_unroll=4,972,20261001
ATTN_config_S16_D128_H8_HD32_G4_layer_norm_ROPEFalse_UHD4_ap_fixed_16_5_,hd_unroll=4,972,20261001
ATTN_config_S16_D128_H8_HD32_G4_rms_norm_ROPEFalse_UHD4_ap_fixed_16_5_,hd_unroll=4,972,20261001
ATTN_config_S16_D128_H8_HD64_G1_layer_norm_ROPEFalse_UHD4_ap_fixed_16_5_,hd_unroll=4,972,20261001
ATTN_config_S16_D128_H8_HD64_G4_layer_norm_ROPETrue_UHD4_ap_fixed_16_5_,hd_unroll=4,972,20261001
ATTN_config_S16_D256_H16_HD16_G1_layer_norm_ROPEFalse_UHD4_ap_fixed_16_5_,hd_unroll=4,972,20261001
ATTN_config_S16_D256_H16_HD16_G1_layer_norm_ROPETrue_UHD4_ap_fixed_16_5_,hd_unroll=4,972,20261001
ATTN_config_S16_D256_H16_HD16_G2_layer_norm_ROPEFalse_UHD4_ap_fixed_16_5_,hd_unroll=4,972,20261001
ATTN_config_S16_D256_H16_HD16_G2_layer_norm_ROPETrue_UHD4_ap_fixed_16_5_,hd_unroll=4,972,20261001
ATTN_config_S16_D256_H16_HD16_G4_rms_norm_ROPEFalse_UHD4_ap_fixed_16_5_,hd_unroll=4,972,20261001
ATTN_config_S16_D256_H16_HD32_G4_layer_norm_ROPEFalse_UHD4_ap_fixed_16_5_,hd_unroll=4,972,20261001
ATTN_config_S16_D256_H16_HD64_G1_layer_norm_ROPEFalse_UHD4_ap_fixed_16_5_,hd_unroll=4,972,20261001
ATTN_config_S16_D256_H16_HD64_G1_rms_norm_ROPEFalse_UHD4_ap_fixed_16_5_,hd_unroll=4,972,20261001
ATTN_config_S16_D256_H16_HD64_G2_layer_norm_ROPEFalse_UHD4_ap_fixed_16_5_,hd_unroll=4,972,20261001
ATTN_config_S16_D256_H32_HD16_G1_layer_norm_ROPETrue_UHD4_ap_fixed_16_5_,hd_unroll=4,972,20261001
ATTN_config_S16_D256_H32_HD16_G2_layer_norm_ROPETrue_UHD4_ap_fixed_16_5_,hd_unroll=4,972,20261001
ATTN_config_S16_D256_H32_HD16_G2_rms_norm_ROPEFalse_UHD4_ap_fixed_16_5_,hd_unroll=4,972,20261001
ATTN_config_S16_D256_H32_HD16_G2_rms_norm_ROPETrue_UHD4_ap_fixed_16_5_,hd_unroll=4,972,20261001
ATTN_config_S16_D256_H32_HD16_G4_layer_norm_ROPEFalse_UHD4_ap_fixed_16_5_,hd_unroll=4,972,20261001
ATTN_config_S16_D256_H32_HD32_G1_rms_norm_ROPETrue_UHD4_ap_fixed_16_5_,hd_unroll=4,972,20261001
ATTN_config_S16_D256_H32_HD32_G4_layer_norm_ROPEFalse_UHD4_ap_fixed_16_5_,hd_unroll=4,972,20261001
ATTN_config_S16_D256_H32_HD32_G4_rms_norm_ROPETrue_UHD4_ap_fixed_16_5_,hd_unroll=4,972,20261001
ATTN_config_S16_D256_H32_HD64_G1_layer_norm_ROPEFalse_UHD4_ap_fixed_16_5_,hd_unroll=4,972,20261001
ATTN_config_S16_D256_H32_HD64_G2_layer_norm_ROPEFalse_UHD4_ap_fixed_16_5_,hd_unroll=4,972,20261001
ATTN_config_S16_D256_H32_HD64_G4_rms_norm_ROPETrue_UHD4_ap_fixed_16_5_,hd_unroll=4,972,20261001
ATTN_config_S16_D256_H8_HD32_G1_layer_norm_ROPEFalse_UHD4_ap_fixed_16_5_,hd_unroll=4,972,20261001
ATTN_config_S16_D256_H8_HD32_G2_rms_norm_ROPEFalse_UHD4_ap_fixed_16_5_,hd_unroll=4,972,20261001
ATTN_config_S16_D256_H8_HD64_G1_layer_norm_ROPEFalse_UHD4_ap_fixed_16_5_,hd_unroll=4,972,20261001
ATTN_config_S16_D256_H8_HD64_G1_layer_norm_ROPETrue_UHD4_ap_fixed_16_5_,hd_unroll=4,972,20261001
ATTN_config_S16_D256_H8_HD64_G1_rms_norm_ROPEFalse_UHD4_ap_fixed_16_5_,hd_unroll=4,972,20261001
ATTN_config_S16_D256_H8_HD64_G4_layer_norm_ROPETrue_UHD4_ap_fixed_16_5_,hd_unroll=4,972,20261001
ATTN_config_S16_D512_H16_HD16_G2_layer_norm_ROPEFalse_UHD4_ap_fixed_16_5_,hd_unroll=4,972,20261001
ATTN_config_S16_D512_H16_HD16_G4_rms_norm_ROPETrue_UHD4_ap_fixed_16_5_,hd_unroll=4,972,20261001
ATTN_config_S16_D512_H16_HD32_G1_layer_norm_ROPETrue_UHD4_ap_fixed_16_5_,hd_unroll=4,972,20261001
ATTN_config_S16_D512_H16_HD32_G1_rms_norm_ROPETrue_UHD4_ap_fixed_16_5_,hd_unroll=4,972,20261001
ATTN_config_S16_D512_H16_HD32_G2_layer_norm_ROPEFalse_UHD4_ap_fixed_16_5_,hd_unroll=4,972,20261001
ATTN_config_S16_D512_H16_HD32_G4_rms_norm_ROPETrue_UHD4_ap_fixed_16_5_,hd_unroll=4,972,20261001
ATTN_config_S16_D512_H16_HD64_G2_layer_norm_ROPETrue_UHD4_ap_fixed_16_5_,hd_unroll=4,972,20261001
ATTN_config_S16_D512_H16_HD64_G4_layer_norm_ROPETrue_UHD4_ap_fixed_16_5_,hd_unroll=4,972,20261001
ATTN_config_S16_D512_H16_HD64_G4_rms_norm_ROPEFalse_UHD4_ap_fixed_16_5_,hd_unroll=4,972,20261001
ATTN_config_S16_D512_H32_HD16_G4_rms_norm_ROPETrue_UHD4_ap_fixed_16_5_,hd_unroll=4,972,20261001
ATTN_config_S16_D512_H32_HD32_G1_layer_norm_ROPEFalse_UHD4_ap_fixed_16_5_,hd_unroll=4,972,20261001
ATTN_config_S16_D512_H32_HD32_G1_rms_norm_ROPETrue_UHD4_ap_fixed_16_5_,hd_unroll=4,972,20261001
ATTN_config_S16_D512_H32_HD32_G2_layer_norm_ROPEFalse_UHD4_ap_fixed_16_5_,hd_unroll=4,972,20261001
ATTN_config_S16_D512_H32_HD32_G2_rms_norm_ROPEFalse_UHD4_ap_fixed_16_5_,hd_unroll=4,972,20261001
ATTN_config_S16_D512_H32_HD64_G1_layer_norm_ROPETrue_UHD4_ap_fixed_16_5_,hd_unroll=4,972,20261001
ATTN_config_S16_D512_H32_HD64_G1_rms_norm_ROPEFalse_UHD4_ap_fixed_16_5_,hd_unroll=4,972,20261001
ATTN_config_S16_D512_H32_HD64_G2_rms_norm_ROPETrue_UHD4_ap_fixed_16_5_,hd_unroll=4,972,20261001
ATTN_config_S16_D512_H32_HD64_G4_layer_norm_ROPETrue_UHD4_ap_fixed_16_5_,hd_unroll=4,972,20261001
ATTN_config_S16_D512_H8_HD16_G2_layer_norm_ROPETrue_UHD4_ap_fixed_16_5_,hd_unroll=4,972,20261001
ATTN_config_S16_D512_H8_HD16_G2_rms_norm_ROPEFalse_UHD4_ap_fixed_16_5_,hd_unroll=4,972,20261001
ATTN_config_S16_D512_H8_HD16_G4_layer_norm_ROPEFalse_UHD4_ap_fixed_16_5_,hd_unroll=4,972,20261001
ATTN_config_S16_D512_H8_HD32_G1_layer_norm_ROPEFalse_UHD4_ap_fixed_16_5_,hd_unroll=4,972,20261001
ATTN_config_S16_D512_H8_HD32_G1_rms_norm_ROPEFalse_UHD4_ap_fixed_16_5_,hd_unroll=4,972,20261001
ATTN_config_S16_D512_H8_HD32_G2_layer_norm_ROPETrue_UHD4_ap_fixed_16_5_,hd_unroll=4,972,20261001
ATTN_config_S16_D512_H8_HD32_G2_rms_norm_ROPEFalse_UHD4_ap_fixed_16_5_,hd_unroll=4,972,20261001
ATTN_config_S16_D512_H8_HD64_G1_rms_norm_ROPEFalse_UHD4_ap_fixed_16_5_,hd_unroll=4,972,20261001
ATTN_config_S32_D128_H16_HD16_G1_layer_norm_ROPEFalse_UHD4_ap_fixed_16_5_,hd_unroll=4,972,20261001
ATTN_config_S32_D128_H16_HD16_G1_rms_norm_ROPEFalse_UHD4_ap_fixed_16_5_,hd_unroll=4,972,20261001
ATTN_config_S32_D128_H16_HD16_G2_layer_norm_ROPEFalse_UHD4_ap_fixed_16_5_,hd_unroll=4,972,20261001
ATTN_config_S32_D128_H16_HD16_G2_rms_norm_ROPETrue_UHD4_ap_fixed_16_5_,hd_unroll=4,972,20261001
ATTN_config_S32_D128_H16_HD16_G4_rms_norm_ROPEFalse_UHD4_ap_fixed_16_5_,hd_unroll=4,972,20261001
ATTN_config_S32_D128_H16_HD32_G1_layer_norm_ROPEFalse_UHD4_ap_fixed_16_5_,hd_unroll=4,972,20261001
ATTN_config_S32_D128_H16_HD32_G1_layer_norm_ROPETrue_UHD4_ap_fixed_16_5_,hd_unroll=4,972,20261001
ATTN_config_S32_D128_H16_HD32_G4_rms_norm_ROPEFalse_UHD4_ap_fixed_16_5_,hd_unroll=4,972,20261001
ATTN_config_S32_D128_H16_HD64_G1_layer_norm_ROPETrue_UHD4_ap_fixed_16_5_,hd_unroll=4,972,20261001
ATTN_config_S32_D128_H16_HD64_G1_rms_norm_ROPEFalse_UHD4_ap_fixed_16_5_,hd_unroll=4,972,20261001
ATTN_config_S32_D128_H16_HD64_G1_rms_norm_ROPETrue_UHD4_ap_fixed_16_5_,hd_unroll=4,972,20261001
ATTN_config_S32_D128_H16_HD64_G2_layer_norm_ROPETrue_UHD4_ap_fixed_16_5_,hd_unroll=4,972,20261001
ATTN_config_S32_D128_H16_HD64_G4_layer_norm_ROPEFalse_UHD4_ap_fixed_16_5_,hd_unroll=4,972,20261001
ATTN_config_S32_D128_H16_HD64_G4_layer_norm_ROPETrue_UHD4_ap_fixed_16_5_,hd_unroll=4,972,20261001
ATTN_config_S32_D128_H32_HD16_G1_rms_norm_ROPETrue_UHD4_ap_fixed_16_5_,hd_unroll=4,972,20261001
ATTN_config_S32_D128_H32_HD16_G4_layer_norm_ROPEFalse_UHD4_ap_fixed_16_5_,hd_unroll=4,972,20261001
ATTN_config_S32_D128_H32_HD16_G4_rms_norm_ROPETrue_UHD4_ap_fixed_16_5_,hd_unroll=4,972,20261001
ATTN_config_S32_D128_H32_HD32_G1_layer_norm_ROPETrue_UHD4_ap_fixed_16_5_,hd_unroll=4,972,20261001
ATTN_config_S32_D128_H32_HD32_G2_layer_norm_ROPEFalse_UHD4_ap_fixed_16_5_,hd_unroll=4,972,20261001
ATTN_config_S32_D128_H32_HD32_G4_layer_norm_ROPETrue_UHD4_ap_fixed_16_5_,hd_unroll=4,972,20261001
ATTN_config_S32_D128_H32_HD64_G2_layer_norm_ROPEFalse_UHD4_ap_fixed_16_5_,hd_unroll=4,972,20261001
ATTN_config_S32_D128_H32_HD64_G4_layer_norm_ROPETrue_UHD4_ap_fixed_16_5_,hd_unroll=4,972,20261001
ATTN_config_S32_D128_H8_HD16_G4_layer_norm_ROPEFalse_UHD4_ap_fixed_16_5_,hd_unroll=4,972,20261001
ATTN_config_S32_D128_H8_HD16_G4_rms_norm_ROPEFalse_UHD4_ap_fixed_16_5_,hd_unroll=4,972,20261001
ATTN_config_S32_D128_H8_HD32_G1_layer_norm_ROPETrue_UHD4_ap_fixed_16_5_,hd_unroll=4,972,20261001
ATTN_config_S32_D128_H8_HD32_G2_rms_norm_ROPETrue_UHD4_ap_fixed_16_5_,hd_unroll=4,972,20261001
ATTN_config_S32_D128_H8_HD32_G4_layer_norm_ROPETrue_UHD4_ap_fixed_16_5_,hd_unroll=4,972,20261001
ATTN_config_S32_D128_H8_HD64_G2_layer_norm_ROPEFalse_UHD4_ap_fixed_16_5_,hd_unroll=4,972,20261001
ATTN_config_S32_D128_H8_HD64_G2_rms_norm_ROPETrue_UHD4_ap_fixed_16_5_,hd_unroll=4,972,20261001
ATTN_config_S32_D128_H8_HD64_G4_rms_norm_ROPETrue_UHD4_ap_fixed_16_5_,hd_unroll=4,972,20261001
ATTN_config_S32_D256_H16_HD16_G1_layer_norm_ROPETrue_UHD4_ap_fixed_16_5_,hd_unroll=4,972,20261001
ATTN_config_S32_D256_H16_HD16_G4_rms_norm_ROPETrue_UHD4_ap_fixed_16_5_,hd_unroll=4,972,20261001
ATTN_config_S32_D256_H16_HD32_G1_layer_norm_ROPETrue_UHD4_ap_fixed_16_5_,hd_unroll=4,972,20261001
ATTN_config_S32_D256_H16_HD32_G1_rms_norm_ROPETrue_UHD4_ap_fixed_16_5_,hd_unroll=4,972,20261001
ATTN_config_S32_D256_H16_HD32_G2_layer_norm_ROPETrue_UHD4_ap_fixed_16_5_,hd_unroll=4,972,20261001
ATTN_config_S32_D256_H16_HD64_G1_rms_norm_ROPEFalse_UHD4_ap_fixed_16_5_,hd_unroll=4,972,20261001
ATTN_config_S32_D256_H16_HD64_G2_rms_norm_ROPEFalse_UHD4_ap_fixed_16_5_,hd_unroll=4,972,20261001
ATTN_config_S32_D256_H32_HD16_G1_rms_norm_ROPETrue_UHD4_ap_fixed_16_5_,hd_unroll=4,972,20261001
ATTN_config_S32_D256_H32_HD16_G4_layer_norm_ROPEFalse_UHD4_ap_fixed_16_5_,hd_unroll=4,972,20261001
ATTN_config_S32_D256_H32_HD32_G1_rms_norm_ROPETrue_UHD4_ap_fixed_16_5_,hd_unroll=4,972,20261001
ATTN_config_S32_D256_H32_HD64_G1_rms_norm_ROPETrue_UHD4_ap_fixed_16_5_,hd_unroll=4,972,20261001
ATTN_config_S32_D256_H32_HD64_G4_layer_norm_ROPEFalse_UHD4_ap_fixed_16_5_,hd_unroll=4,972,20261001
ATTN_config_S32_D256_H8_HD16_G1_rms_norm_ROPEFalse_UHD4_ap_fixed_16_5_,hd_unroll=4,972,20261001
ATTN_config_S32_D256_H8_HD16_G1_rms_norm_ROPETrue_UHD4_ap_fixed_16_5_,hd_unroll=4,972,20261001
ATTN_config_S32_D256_H8_HD16_G2_rms_norm_ROPEFalse_UHD4_ap_fixed_16_5_,hd_unroll=4,972,20261001
ATTN_config_S32_D256_H8_HD16_G2_rms_norm_ROPETrue_UHD4_ap_fixed_16_5_,hd_unroll=4,972,20261001
ATTN_config_S32_D256_H8_HD16_G4_layer_norm_ROPEFalse_UHD4_ap_fixed_16_5_,hd_unroll=4,972,20261001
ATTN_config_S32_D256_H8_HD32_G1_layer_norm_ROPETrue_UHD4_ap_fixed_16_5_,hd_unroll=4,972,20261001
ATTN_config_S32_D256_H8_HD32_G2_layer_norm_ROPETrue_UHD4_ap_fixed_16_5_,hd_unroll=4,972,20261001
ATTN_config_S32_D256_H8_HD64_G1_layer_norm_ROPETrue_UHD4_ap_fixed_16_5_,hd_unroll=4,972,20261001
ATTN_config_S32_D256_H8_HD64_G1_rms_norm_ROPEFalse_UHD4_ap_fixed_16_5_,hd_unroll=4,972,20261001
ATTN_config_S32_D256_H8_HD64_G1_rms_norm_ROPETrue_UHD4_ap_fixed_16_5_,hd_unroll=4,972,20261001
ATTN_config_S32_D256_H8_HD64_G2_layer_norm_ROPEFalse_UHD4_ap_fixed_16_5_,hd_unroll=4,972,20261001
ATTN_config_S32_D256_H8_HD64_G4_layer_norm_ROPETrue_UHD4_ap_fixed_16_5_,hd_unroll=4,972,20261001
ATTN_config_S32_D256_H8_HD64_G4_rms_norm_ROPETrue_UHD4_ap_fixed_16_5_,hd_unroll=4,972,20261001
ATTN_config_S32_D512_H16_HD16_G1_rms_norm_ROPEFalse_UHD4_ap_fixed_16_5_,hd_unroll=4,972,20261001
ATTN_config_S32_D512_H16_HD16_G1_rms_norm_ROPETrue_UHD4_ap_fixed_16_5_,hd_unroll=4,972,20261001
ATTN_config_S32_D512_H16_HD16_G2_rms_norm_ROPETrue_UHD4_ap_fixed_16_5_,hd_unroll=4,972,20261001
ATTN_config_S32_D512_H16_HD16_G4_layer_norm_ROPEFalse_UHD4_ap_fixed_16_5_,hd_unroll=4,972,20261001
ATTN_config_S32_D512_H16_HD16_G4_rms_norm_ROPETrue_UHD4_ap_fixed_16_5_,hd_unroll=4,972,20261001
ATTN_config_S32_D512_H16_HD32_G1_rms_norm_ROPEFalse_UHD4_ap_fixed_16_5_,hd_unroll=4,972,20261001
ATTN_config_S32_D512_H16_HD32_G4_layer_norm_ROPETrue_UHD4_ap_fixed_16_5_,hd_unroll=4,972,20261001
ATTN_config_S32_D512_H16_HD64_G2_layer_norm_ROPEFalse_UHD4_ap_fixed_16_5_,hd_unroll=4,972,20261001
ATTN_config_S32_D512_H16_HD64_G2_rms_norm_ROPEFalse_UHD4_ap_fixed_16_5_,hd_unroll=4,972,20261001
ATTN_config_S32_D512_H32_HD16_G2_layer_norm_ROPEFalse_UHD4_ap_fixed_16_5_,hd_unroll=4,972,20261001
ATTN_config_S32_D512_H32_HD32_G1_layer_norm_ROPEFalse_UHD4_ap_fixed_16_5_,hd_unroll=4,972,20261001
ATTN_config_S32_D512_H32_HD32_G2_layer_norm_ROPETrue_UHD4_ap_fixed_16_5_,hd_unroll=4,972,20261001
ATTN_config_S32_D512_H32_HD32_G2_rms_norm_ROPEFalse_UHD4_ap_fixed_16_5_,hd_unroll=4,972,20261001
ATTN_config_S32_D512_H32_HD32_G2_rms_norm_ROPETrue_UHD4_ap_fixed_16_5_,hd_unroll=4,972,20261001
ATTN_config_S32_D512_H32_HD32_G4_layer_norm_ROPEFalse_UHD4_ap_fixed_16_5_,hd_unroll=4,972,20261001
ATTN_config_S32_D512_H32_HD32_G4_rms_norm_ROPEFalse_UHD4_ap_fixed_16_5_,hd_unroll=4,972,20261001
ATTN_config_S32_D512_H32_HD32_G4_rms_norm_ROPETrue_UHD4_ap_fixed_16_5_,hd_unroll=4,972,20261001
ATTN_config_S32_D512_H32_HD64_G1_layer_norm_ROPETrue_UHD4_ap_fixed_16_5_,hd_unroll=4,972,20261001
ATTN_config_S32_D512_H32_HD64_G2_rms_norm_ROPEFalse_UHD4_ap_fixed_16_5_,hd_unroll=4,972,20261001
ATTN_config_S32_D512_H8_HD16_G1_layer_norm_ROPETrue_UHD4_ap_fixed_16_5_,hd_unroll=4,972,20261001
ATTN_config_S32_D512_H8_HD16_G2_rms_norm_ROPETrue_UHD4_ap_fixed_16_5_,hd_unroll=4,972,20261001
ATTN_config_S32_D512_H8_HD16_G4_layer_norm_ROPEFalse_UHD4_ap_fixed_16_5_,hd_unroll=4,972,20261001
ATTN_config_S32_D512_H8_HD16_G4_rms_norm_ROPETrue_UHD4_ap_fixed_16_5_,hd_unroll=4,972,20261001
ATTN_config_S32_D512_H8_HD32_G1_rms_norm_ROPEFalse_UHD4_ap_fixed_16_5_,hd_unroll=4,972,20261001
ATTN_config_S32_D512_H8_HD32_G2_layer_norm_ROPEFalse_UHD4_ap_fixed_16_5_,hd_unroll=4,972,20261001
ATTN_config_S32_D512_H8_HD32_G4_layer_norm_ROPEFalse_UHD4_ap_fixed_16_5_,hd_unroll=4,972,20261001
ATTN_config_S32_D512_H8_HD32_G4_rms_norm_ROPETrue_UHD4_ap_fixed_16_5_,hd_unroll=4,972,20261001
ATTN_config_S32_D512_H8_HD64_G1_layer_norm_ROPEFalse_UHD4_ap_fixed_16_5_,hd_unroll=4,972,20261001
ATTN_config_S8_D128_H16_HD16_G1_rms_norm_ROPETrue_UHD4_ap_fixed_16_5_,hd_unroll=4,972,20261001
ATTN_config_S8_D128_H16_HD16_G2_layer_norm_ROPEFalse_UHD4_ap_fixed_16_5_,hd_unroll=4,972,20261001
ATTN_config_S8_D128_H16_HD16_G4_layer_norm_ROPETrue_UHD4_ap_fixed_16_5_,hd_unroll=4,972,20261001
ATTN_config_S8_D128_H16_HD16_G4_rms_norm_ROPEFalse_UHD4_ap_fixed_16_5_,hd_unroll=4,972,20261001
ATTN_config_S8_D128_H16_HD32_G4_layer_norm_ROPETrue_UHD4_ap_fixed_16_5_,hd_unroll=4,972,20261001
ATTN_config_S8_D128_H16_HD64_G1_rms_norm_ROPEFalse_UHD4_ap_fixed_16_5_,hd_unroll=4,972,20261001
ATTN_config_S8_D128_H16_HD64_G1_rms_norm_ROPETrue_UHD4_ap_fixed_16_5_,hd_unroll=4,972,20261001
ATTN_config_S8_D128_H16_HD64_G2_layer_norm_ROPEFalse_UHD4_ap_fixed_16_5_,hd_unroll=4,972,20261001
ATTN_config_S8_D128_H16_HD64_G2_rms_norm_ROPETrue_UHD4_ap_fixed_16_5_,hd_unroll=4,972,20261001
ATTN_config_S8_D128_H32_HD16_G1_layer_norm_ROPETrue_UHD4_ap_fixed_16_5_,hd_unroll=4,972,20261001
ATTN_config_S8_D128_H32_HD16_G1_rms_norm_ROPETrue_UHD4_ap_fixed_16_5_,hd_unroll=4,972,20261001
ATTN_config_S8_D128_H32_HD16_G4_layer_norm_ROPETrue_UHD4_ap_fixed_16_5_,hd_unroll=4,972,20261001
ATTN_config_S8_D128_H32_HD16_G4_rms_norm_ROPEFalse_UHD4_ap_fixed_16_5_,hd_unroll=4,972,20261001
ATTN_config_S8_D128_H32_HD32_G1_rms_norm_ROPEFalse_UHD4_ap_fixed_16_5_,hd_unroll=4,972,20261001
ATTN_config_S8_D128_H32_HD32_G1_rms_norm_ROPETrue_UHD4_ap_fixed_16_5_,hd_unroll=4,972,20261001
ATTN_config_S8_D128_H32_HD32_G4_layer_norm_ROPETrue_UHD4_ap_fixed_16_5_,hd_unroll=4,972,20261001
ATTN_config_S8_D128_H32_HD32_G4_rms_norm_ROPEFalse_UHD4_ap_fixed_16_5_,hd_unroll=4,972,20261001
ATTN_config_S8_D128_H32_HD64_G1_layer_norm_ROPEFalse_UHD4_ap_fixed_16_5_,hd_unroll=4,972,20261001
ATTN_config_S8_D128_H32_HD64_G2_layer_norm_ROPETrue_UHD4_ap_fixed_16_5_,hd_unroll=4,972,20261001
ATTN_config_S8_D128_H32_HD64_G4_rms_norm_ROPEFalse_UHD4_ap_fixed_16_5_,hd_unroll=4,972,20261001
ATTN_config_S8_D128_H32_HD64_G4_rms_norm_ROPETrue_UHD4_ap_fixed_16_5_,hd_unroll=4,972,20261001
ATTN_config_S8_D128_H8_HD16_G1_layer_norm_ROPETrue_UHD4_ap_fixed_16_5_,hd_unroll=4,972,20261001
ATTN_config_S8_D128_H8_HD16_G1_rms_norm_ROPEFalse_UHD4_ap_fixed_16_5_,hd_unroll=4,972,20261001
ATTN_config_S8_D128_H8_HD16_G1_rms_norm_ROPETrue_UHD4_ap_fixed_16_5_,hd_unroll=4,972,20261001
ATTN_config_S8_D128_H8_HD16_G2_layer_norm_ROPETrue_UHD4_ap_fixed_16_5_,hd_unroll=4,972,20261001
ATTN_config_S8_D128_H8_HD16_G4_layer_norm_ROPETrue_UHD4_ap_fixed_16_5_,hd_unroll=4,972,20261001
ATTN_config_S8_D128_H8_HD16_G4_rms_norm_ROPETrue_UHD4_ap_fixed_16_5_,hd_unroll=4,972,20261001
ATTN_config_S8_D128_H8_HD32_G1_layer_norm_ROPETrue_UHD4_ap_fixed_16_5_,hd_unroll=4,972,20261001
ATTN_config_S8_D128_H8_HD32_G2_layer_norm_ROPEFalse_UHD4_ap_fixed_16_5_,hd_unroll=4,972,20261001
ATTN_config_S8_D128_H8_HD32_G2_rms_norm_ROPEFalse_UHD4_ap_fixed_16_5_,hd_unroll=4,972,20261001
ATTN_config_S8_D128_H8_HD32_G2_rms_norm_ROPETrue_UHD4_ap_fixed_16_5_,hd_unroll=4,972,20261001
ATTN_config_S8_D128_H8_HD64_G1_layer_norm_ROPEFalse_UHD4_ap_fixed_16_5_,hd_unroll=4,972,20261001
ATTN_config_S8_D128_H8_HD64_G1_rms_norm_ROPETrue_UHD4_ap_fixed_16_5_,hd_unroll=4,972,20261001
ATTN_config_S8_D128_H8_HD64_G2_rms_norm_ROPEFalse_UHD4_ap_fixed_16_5_,hd_unroll=4,972,20261001
ATTN_config_S8_D128_H8_HD64_G4_layer_norm_ROPETrue_UHD4_ap_fixed_16_5_,hd_unroll=4,972,20261001
ATTN_config_S8_D256_H16_HD16_G1_rms_norm_ROPEFalse_UHD4_ap_fixed_16_5_,hd_unroll=4,972,20261001
ATTN_config_S8_D256_H16_HD16_G4_layer_norm_ROPEFalse_UHD4_ap_fixed_16_5_,hd_unroll=4,972,20261001
ATTN_config_S8_D256_H16_HD32_G1_rms_norm_ROPETrue_UHD4_ap_fixed_16_5_,hd_unroll=4,972,20261001
ATTN_config_S8_D256_H16_HD32_G2_rms_norm_ROPETrue_UHD4_ap_fixed_16_5_,hd_unroll=4,972,20261001
ATTN_config_S8_D256_H16_HD32_G4_layer_norm_ROPEFalse_UHD4_ap_fixed_16_5_,hd_unroll=4,972,20261001
ATTN_config_S8_D256_H16_HD64_G2_layer_norm_ROPETrue_UHD4_ap_fixed_16_5_,hd_unroll=4,972,20261001
ATTN_config_S8_D256_H16_HD64_G4_layer_norm_ROPEFalse_UHD4_ap_fixed_16_5_,hd_unroll=4,972,20261001
ATTN_config_S8_D256_H16_HD64_G4_rms_norm_ROPETrue_UHD4_ap_fixed_16_5_,hd_unroll=4,972,20261001
ATTN_config_S8_D256_H32_HD32_G1_rms_norm_ROPEFalse_UHD4_ap_fixed_16_5_,hd_unroll=4,972,20261001
ATTN_config_S8_D256_H32_HD32_G2_rms_norm_ROPEFalse_UHD4_ap_fixed_16_5_,hd_unroll=4,972,20261001
ATTN_config_S8_D256_H32_HD32_G4_layer_norm_ROPEFalse_UHD4_ap_fixed_16_5_,hd_unroll=4,972,20261001
ATTN_config_S8_D256_H32_HD64_G1_rms_norm_ROPETrue_UHD4_ap_fixed_16_5_,hd_unroll=4,972,20261001
ATTN_config_S8_D256_H32_HD64_G2_layer_norm_ROPETrue_UHD4_ap_fixed_16_5_,hd_unroll=4,972,20261001
ATTN_config_S8_D256_H32_HD64_G4_rms_norm_ROPEFalse_UHD4_ap_fixed_16_5_,hd_unroll=4,972,20261001
ATTN_config_S8_D256_H8_HD16_G1_rms_norm_ROPEFalse_UHD4_ap_fixed_16_5_,hd_unroll=4,972,20261001
ATTN_config_S8_D256_H8_HD16_G2_layer_norm_ROPETrue_UHD4_ap_fixed_16_5_,hd_unroll=4,972,20261001
ATTN_config_S8_D256_H8_HD16_G2_rms_norm_ROPEFalse_UHD4_ap_fixed_16_5_,hd_unroll=4,972,20261001
ATTN_config_S8_D256_H8_HD32_G1_layer_norm_ROPEFalse_UHD4_ap_fixed_16_5_,hd_unroll=4,972,20261001
ATTN_config_S8_D256_H8_HD32_G1_rms_norm_ROPETrue_UHD4_ap_fixed_16_5_,hd_unroll=4,972,20261001
ATTN_config_S8_D256_H8_HD32_G2_rms_norm_ROPETrue_UHD4_ap_fixed_16_5_,hd_unroll=4,972,20261001
ATTN_config_S8_D256_H8_HD32_G4_layer_norm_ROPEFalse_UHD4_ap_fixed_16_5_,hd_unroll=4,972,20261001
ATTN_config_S8_D256_H8_HD64_G1_layer_norm_ROPETrue_UHD4_ap_fixed_16_5_,hd_unroll=4,972,20261001
ATTN_config_S8_D256_H8_HD64_G1_rms_norm_ROPEFalse_UHD4_ap_fixed_16_5_,hd_unroll=4,972,20261001
ATTN_config_S8_D256_H8_HD64_G2_layer_norm_ROPETrue_UHD4_ap_fixed_16_5_,hd_unroll=4,972,20261001
ATTN_config_S8_D256_H8_HD64_G2_rms_norm_ROPEFalse_UHD4_ap_fixed_16_5_,hd_unroll=4,972,20261001
ATTN_config_S8_D256_H8_HD64_G4_rms_norm_ROPEFalse_UHD4_ap_fixed_16_5_,hd_unroll=4,972,20261001
ATTN_config_S8_D512_H16_HD16_G4_layer_norm_ROPEFalse_UHD4_ap_fixed_16_5_,hd_unroll=4,972,20261001
ATTN_config_S8_D512_H16_HD16_G4_layer_norm_ROPETrue_UHD4_ap_fixed_16_5_,hd_unroll=4,972,20261001
ATTN_config_S8_D512_H16_HD32_G1_layer_norm_ROPEFalse_UHD4_ap_fixed_16_5_,hd_unroll=4,972,20261001
ATTN_config_S8_D512_H16_HD32_G1_rms_norm_ROPETrue_UHD4_ap_fixed_16_5_,hd_unroll=4,972,20261001
ATTN_config_S8_D512_H16_HD32_G4_rms_norm_ROPETrue_UHD4_ap_fixed_16_5_,hd_unroll=4,972,20261001
ATTN_config_S8_D512_H16_HD64_G1_layer_norm_ROPEFalse_UHD4_ap_fixed_16_5_,hd_unroll=4,972,20261001
ATTN_config_S8_D512_H16_HD64_G1_layer_norm_ROPETrue_UHD4_ap_fixed_16_5_,hd_unroll=4,972,20261001
ATTN_config_S8_D512_H16_HD64_G1_rms_norm_ROPEFalse_UHD4_ap_fixed_16_5_,hd_unroll=4,972,20261001
ATTN_config_S8_D512_H16_HD64_G2_rms_norm_ROPEFalse_UHD4_ap_fixed_16_5_,hd_unroll=4,972,20261001
ATTN_config_S8_D512_H16_HD64_G2_rms_norm_ROPETrue_UHD4_ap_fixed_16_5_,hd_unroll=4,972,20261001
ATTN_config_S8_D512_H16_HD64_G4_layer_norm_ROPETrue_UHD4_ap_fixed_16_5_,hd_unroll=4,972,20261001
ATTN_config_S8_D512_H32_HD16_G1_layer_norm_ROPEFalse_UHD4_ap_fixed_16_5_,hd_unroll=4,972,20261001
ATTN_config_S8_D512_H32_HD16_G2_layer_norm_ROPEFalse_UHD4_ap_fixed_16_5_,hd_unroll=4,972,20261001
ATTN_config_S8_D512_H32_HD32_G2_layer_norm_ROPEFalse_UHD4_ap_fixed_16_5_,hd_unroll=4,972,20261001
ATTN_config_S8_D512_H32_HD64_G1_layer_norm_ROPETrue_UHD4_ap_fixed_16_5_,hd_unroll=4,972,20261001
ATTN_config_S8_D512_H32_HD64_G1_rms_norm_ROPEFalse_UHD4_ap_fixed_16_5_,hd_unroll=4,972,20261001
ATTN_config_S8_D512_H32_HD64_G2_rms_norm_ROPEFalse_UHD4_ap_fixed_16_5_,hd_unroll=4,972,20261001
ATTN_config_S8_D512_H32_HD64_G4_rms_norm_ROPEFalse_UHD4_ap_fixed_16_5_,hd_unroll=4,972,20261001
ATTN_config_S8_D512_H8_HD16_G1_layer_norm_ROPEFalse_UHD4_ap_fixed_16_5_,hd_unroll=4,972,20261001
ATTN_config_S8_D512_H8_HD16_G2_layer_norm_ROPEFalse_UHD4_ap_fixed_16_5_,hd_unroll=4,972,20261001
ATTN_config_S8_D512_H8_HD16_G2_rms_norm_ROPETrue_UHD4_ap_fixed_16_5_,hd_unroll=4,972,20261001
ATTN_config_S8_D512_H8_HD16_G4_rms_norm_ROPETrue_UHD4_ap_fixed_16_5_,hd_unroll=4,972,20261001
ATTN_config_S8_D512_H8_HD32_G1_layer_norm_ROPEFalse_UHD4_ap_fixed_16_5_,hd_unroll=4,972,20261001
ATTN_config_S8_D512_H8_HD32_G2_layer_norm_ROPETrue_UHD4_ap_fixed_16_5_,hd_unroll=4,972,20261001
ATTN_config_S8_D512_H8_HD32_G4_layer_norm_ROPETrue_UHD4_ap_fixed_16_5_,hd_unroll=4,972,20261001
ATTN_config_S8_D512_H8_HD64_G1_layer_norm_ROPEFalse_UHD4_ap_fixed_16_5_,hd_unroll=4,972,20261001
ATTN_config_S16_D128_H16_HD16_G1_layer_norm_ROPEFalse_UHD8_ap_fixed_16_5_,hd_unroll=8,972,20261001
ATTN_config_S16_D128_H16_HD16_G1_rms_norm_ROPEFalse_UHD8_ap_fixed_16_5_,hd_unroll=8,972,20261001
ATTN_config_S16_D128_H16_HD16_G1_rms_norm_ROPETrue_UHD8_ap_fixed_16_5_,hd_unroll=8,972,20261001
ATTN_config_S16_D128_H16_HD32_G4_layer_norm_ROPETrue_UHD8_ap_fixed_16_5_,hd_unroll=8,972,20261001
ATTN_config_S16_D128_H16_HD32_G4_rms_norm_ROPEFalse_UHD8_ap_fixed_16_5_,hd_unroll=8,972,20261001
ATTN_config_S16_D128_H16_HD64_G2_rms_norm_ROPETrue_UHD8_ap_fixed_16_5_,hd_unroll=8,972,20261001
ATTN_config_S16_D128_H16_HD64_G4_layer_norm_ROPEFalse_UHD8_ap_fixed_16_5_,hd_unroll=8,972,20261001
ATTN_config_S16_D128_H32_HD16_G1_layer_norm_ROPETrue_UHD8_ap_fixed_16_5_,hd_unroll=8,972,20261001
ATTN_config_S16_D128_H32_HD16_G1_rms_norm_ROPEFalse_UHD8_ap_fixed_16_5_,hd_unroll=8,972,20261001
ATTN_config_S16_D128_H32_HD16_G2_layer_norm_ROPETrue_UHD8_ap_fixed_16_5_,hd_unroll=8,972,20261001
ATTN_config_S16_D128_H32_HD32_G1_layer_norm_ROPETrue_UHD8_ap_fixed_16_5_,hd_unroll=8,972,20261001
ATTN_config_S16_D128_H32_HD32_G1_rms_norm_ROPEFalse_UHD8_ap_fixed_16_5_,hd_unroll=8,972,20261001
ATTN_config_S16_D128_H32_HD32_G2_layer_norm_ROPETrue_UHD8_ap_fixed_16_5_,hd_unroll=8,972,20261001
ATTN_config_S16_D128_H32_HD32_G4_rms_norm_ROPEFalse_UHD8_ap_fixed_16_5_,hd_unroll=8,972,20261001
ATTN_config_S16_D128_H32_HD64_G2_layer_norm_ROPEFalse_UHD8_ap_fixed_16_5_,hd_unroll=8,972,20261001
ATTN_config_S16_D128_H32_HD64_G2_rms_norm_ROPEFalse_UHD8_ap_fixed_16_5_,hd_unroll=8,972,20261001
ATTN_config_S16_D128_H32_HD64_G4_layer_norm_ROPETrue_UHD8_ap_fixed_16_5_,hd_unroll=8,972,20261001
ATTN_config_S16_D128_H32_HD64_G4_rms_norm_ROPEFalse_UHD8_ap_fixed_16_5_,hd_unroll=8,972,20261001
ATTN_config_S16_D128_H8_HD16_G1_rms_norm_ROPEFalse_UHD8_ap_fixed_16_5_,hd_unroll=8,972,20261001
ATTN_config_S16_D128_H8_HD16_G2_layer_norm_ROPETrue_UHD8_ap_fixed_16_5_,hd_unroll=8,972,20261001
ATTN_config_S16_D128_H8_HD16_G4_rms_norm_ROPEFalse_UHD8_ap_fixed_16_5_,hd_unroll=8,972,20261001
ATTN_config_S16_D128_H8_HD32_G1_layer_norm_ROPEFalse_UHD8_ap_fixed_16_5_,hd_unroll=8,972,20261001
ATTN_config_S16_D128_H8_HD32_G2_layer_norm_ROPETrue_UHD8_ap_fixed_16_5_,hd_unroll=8,972,20261001
ATTN_config_S16_D128_H8_HD32_G4_layer_norm_ROPETrue_UHD8_ap_fixed_16_5_,hd_unroll=8,972,20261001
ATTN_config_S16_D128_H8_HD32_G4_rms_norm_ROPETrue_UHD8_ap_fixed_16_5_,hd_unroll=8,972,20261001
ATTN_config_S16_D128_H8_HD64_G1_rms_norm_ROPETrue_UHD8_ap_fixed_16_5_,hd_unroll=8,972,20261001
ATTN_config_S16_D128_H8_HD64_G4_layer_norm_ROPETrue_UHD8_ap_fixed_16_5_,hd_unroll=8,972,20261001
ATTN_config_S16_D256_H16_HD16_G1_layer_norm_ROPEFalse_UHD8_ap_fixed_16_5_,hd_unroll=8,972,20261001
ATTN_config_S16_D256_H16_HD16_G1_rms_norm_ROPEFalse_UHD8_ap_fixed_16_5_,hd_unroll=8,972,20261001
ATTN_config_S16_D256_H16_HD16_G2_layer_norm_ROPEFalse_UHD8_ap_fixed_16_5_,hd_unroll=8,972,20261001
ATTN_config_S16_D256_H16_HD16_G2_layer_norm_ROPETrue_UHD8_ap_fixed_16_5_,hd_unroll=8,972,20261001
ATTN_config_S16_D256_H16_HD16_G4_layer_norm_ROPEFalse_UHD8_ap_fixed_16_5_,hd_unroll=8,972,20261001
ATTN_config_S16_D256_H16_HD16_G4_layer_norm_ROPETrue_UHD8_ap_fixed_16_5_,hd_unroll=8,972,20261001
ATTN_config_S16_D256_H16_HD32_G1_layer_norm_ROPEFalse_UHD8_ap_fixed_16_5_,hd_unroll=8,972,20261001
ATTN_config_S16_D256_H16_HD32_G1_rms_norm_ROPEFalse_UHD8_ap_fixed_16_5_,hd_unroll=8,972,20261001
ATTN_config_S16_D256_H16_HD64_G2_rms_norm_ROPETrue_UHD8_ap_fixed_16_5_,hd_unroll=8,972,20261001
ATTN_config_S16_D256_H32_HD16_G1_rms_norm_ROPEFalse_UHD8_ap_fixed_16_5_,hd_unroll=8,972,20261001
ATTN_config_S16_D256_H32_HD16_G2_layer_norm_ROPEFalse_UHD8_ap_fixed_16_5_,hd_unroll=8,972,20261001
ATTN_config_S16_D256_H32_HD16_G2_rms_norm_ROPEFalse_UHD8_ap_fixed_16_5_,hd_unroll=8,972,20261001
ATTN_config_S16_D256_H32_HD32_G2_layer_norm_ROPETrue_UHD8_ap_fixed_16_5_,hd_unroll=8,972,20261001
ATTN_config_S16_D256_H32_HD32_G4_layer_norm_ROPETrue_UHD8_ap_fixed_16_5_,hd_unroll=8,972,20261001
ATTN_config_S16_D256_H32_HD64_G1_layer_norm_ROPEFalse_UHD8_ap_fixed_16_5_,hd_unroll=8,972,20261001
ATTN_config_S16_D256_H32_HD64_G2_layer_norm_ROPEFalse_UHD8_ap_fixed_16_5_,hd_unroll=8,972,20261001
ATTN_config_S16_D256_H8_HD16_G1_layer_norm_ROPEFalse_UHD8_ap_fixed_16_5_,hd_unroll=8,972,20261001
ATTN_config_S16_D256_H8_HD16_G2_layer_norm_ROPEFalse_UHD8_ap_fixed_16_5_,hd_unroll=8,972,20261001
ATTN_config_S16_D256_H8_HD16_G4_layer_norm_ROPEFalse_UHD8_ap_fixed_16_5_,hd_unroll=8,972,20261001
ATTN_config_S16_D256_H8_HD16_G4_layer_norm_ROPETrue_UHD8_ap_fixed_16_5_,hd_unroll=8,972,20261001
ATTN_config_S16_D256_H8_HD32_G4_layer_norm_ROPEFalse_UHD8_ap_fixed_16_5_,hd_unroll=8,972,20261001
ATTN_config_S16_D256_H8_HD32_G4_rms_norm_ROPETrue_UHD8_ap_fixed_16_5_,hd_unroll=8,972,20261001
ATTN_config_S16_D256_H8_HD64_G2_rms_norm_ROPETrue_UHD8_ap_fixed_16_5_,hd_unroll=8,972,20261001
ATTN_config_S16_D256_H8_HD64_G4_rms_norm_ROPETrue_UHD8_ap_fixed_16_5_,hd_unroll=8,972,20261001
ATTN_config_S16_D512_H16_HD16_G1_layer_norm_ROPEFalse_UHD8_ap_fixed_16_5_,hd_unroll=8,972,20261001
ATTN_config_S16_D512_H16_HD16_G2_rms_norm_ROPEFalse_UHD8_ap_fixed_16_5_,hd_unroll=8,972,20261001
ATTN_config_S16_D512_H16_HD16_G4_layer_norm_ROPEFalse_UHD8_ap_fixed_16_5_,hd_unroll=8,972,20261001
ATTN_config_S16_D512_H16_HD16_G4_rms_norm_ROPETrue_UHD8_ap_fixed_16_5_,hd_unroll=8,972,20261001
ATTN_config_S16_D512_H16_HD64_G4_layer_norm_ROPEFalse_UHD8_ap_fixed_16_5_,hd_unroll=8,972,20261001
ATTN_config_S16_D512_H16_HD64_G4_layer_norm_ROPETrue_UHD8_ap_fixed_16_5_,hd_unroll=8,972,20261001
ATTN_config_S16_D512_H32_HD16_G1_rms_norm_ROPEFalse_UHD8_ap_fixed_16_5_,hd_unroll=8,972,20261001
ATTN_config_S16_D512_H32_HD16_G2_layer_norm_ROPEFalse_UHD8_ap_fixed_16_5_,hd_unroll=8,972,20261001
ATTN_config_S16_D512_H32_HD16_G4_rms_norm_ROPETrue_UHD8_ap_fixed_16_5_,hd_unroll=8,972,20261001
ATTN_config_S16_D512_H32_HD32_G1_rms_norm_ROPEFalse_UHD8_ap_fixed_16_5_,hd_unroll=8,972,20261001
ATTN_config_S16_D512_H32_HD32_G4_rms_norm_ROPETrue_UHD8_ap_fixed_16_5_,hd_unroll=8,972,20261001
ATTN_config_S16_D512_H32_HD64_G4_layer_norm_ROPEFalse_UHD8_ap_fixed_16_5_,hd_unroll=8,972,20261001
ATTN_config_S16_D512_H32_HD64_G4_layer_norm_ROPETrue_UHD8_ap_fixed_16_5_,hd_unroll=8,972,20261001
ATTN_config_S16_D512_H8_HD16_G1_rms_norm_ROPETrue_UHD8_ap_fixed_16_5_,hd_unroll=8,972,20261001
ATTN_config_S16_D512_H8_HD16_G2_layer_norm_ROPEFalse_UHD8_ap_fixed_16_5_,hd_unroll=8,972,20261001
ATTN_config_S16_D512_H8_HD16_G2_rms_norm_ROPEFalse_UHD8_ap_fixed_16_5_,hd_unroll=8,972,20261001
ATTN_config_S16_D512_H8_HD16_G4_layer_norm_ROPEFalse_UHD8_ap_fixed_16_5_,hd_unroll=8,972,20261001
ATTN_config_S16_D512_H8_HD16_G4_rms_norm_ROPEFalse_UHD8_ap_fixed_16_5_,hd_unroll=8,972,20261001
ATTN_config_S16_D512_H8_HD32_G1_layer_norm_ROPETrue_UHD8_ap_fixed_16_5_,hd_unroll=8,972,20261001
ATTN_config_S16_D512_H8_HD32_G1_rms_norm_ROPEFalse_UHD8_ap_fixed_16_5_,hd_unroll=8,972,20261001
ATTN_config_S16_D512_H8_HD32_G1_rms_norm_ROPETrue_UHD8_ap_fixed_16_5_,hd_unroll=8,972,20261001
ATTN_config_S16_D512_H8_HD64_G2_layer_norm_ROPEFalse_UHD8_ap_fixed_16_5_,hd_unroll=8,972,20261001
ATTN_config_S16_D512_H8_HD64_G2_rms_norm_ROPETrue_UHD8_ap_fixed_16_5_,hd_unroll=8,972,20261001
ATTN_config_S32_D128_H16_HD16_G2_layer_norm_ROPEFalse_UHD8_ap_fixed_16_5_,hd_unroll=8,972,20261001
ATTN_config_S32_D128_H16_HD32_G1_rms_norm_ROPETrue_UHD8_ap_fixed_16_5_,hd_unroll=8,972,20261001
ATTN_config_S32_D128_H16_HD32_G2_layer_norm_ROPEFalse_UHD8_ap_fixed_16_5_,hd_unroll=8,972,20261001
ATTN_config_S32_D128_H16_HD32_G2_rms_norm_ROPEFalse_UHD8_ap_fixed_16_5_,hd_unroll=8,972,20261001
ATTN_config_S32_D128_H16_HD32_G2_rms_norm_ROPETrue_UHD8_ap_fixed_16_5_,hd_unroll=8,972,20261001
ATTN_config_S32_D128_H16_HD32_G4_layer_norm_ROPETrue_UHD8_ap_fixed_16_5_,hd_unroll=8,972,20261001
ATTN_config_S32_D128_H16_HD32_G4_rms_norm_ROPETrue_UHD8_ap_fixed_16_5_,hd_unroll=8,972,20261001
ATTN_config_S32_D128_H16_HD64_G1_layer_norm_ROPETrue_UHD8_ap_fixed_16_5_,hd_unroll=8,972,20261001
ATTN_config_S32_D128_H16_HD64_G2_rms_norm_ROPEFalse_UHD8_ap_fixed_16_5_,hd_unroll=8,972,20261001
ATTN_config_S32_D128_H16_HD64_G4_rms_norm_ROPEFalse_UHD8_ap_fixed_16_5_,hd_unroll=8,972,20261001
ATTN_config_S32_D128_H32_HD16_G2_layer_norm_ROPEFalse_UHD8_ap_fixed_16_5_,hd_unroll=8,972,20261001
ATTN_config_S32_D128_H32_HD16_G4_layer_norm_ROPETrue_UHD8_ap_fixed_16_5_,hd_unroll=8,972,20261001
ATTN_config_S32_D128_H32_HD16_G4_rms_norm_ROPEFalse_UHD8_ap_fixed_16_5_,hd_unroll=8,972,20261001
ATTN_config_S32_D128_H32_HD32_G1_rms_norm_ROPEFalse_UHD8_ap_fixed_16_5_,hd_unroll=8,972,20261001
ATTN_config_S32_D128_H32_HD32_G2_rms_norm_ROPEFalse_UHD8_ap_fixed_16_5_,hd_unroll=8,972,20261001
ATTN_config_S32_D128_H32_HD32_G4_rms_norm_ROPETrue_UHD8_ap_fixed_16_5_,hd_unroll=8,972,20261001
ATTN_config_S32_D128_H32_HD64_G1_layer_norm_ROPEFalse_UHD8_ap_fixed_16_5_,hd_unroll=8,972,20261001
ATTN_config_S32_D128_H32_HD64_G2_layer_norm_ROPEFalse_UHD8_ap_fixed_16_5_,hd_unroll=8,972,20261001
ATTN_config_S32_D128_H32_HD64_G2_layer_norm_ROPETrue_UHD8_ap_fixed_16_5_,hd_unroll=8,972,20261001
ATTN_config_S32_D128_H32_HD64_G4_layer_norm_ROPETrue_UHD8_ap_fixed_16_5_,hd_unroll=8,972,20261001
ATTN_config_S32_D128_H8_HD16_G2_layer_norm_ROPEFalse_UHD8_ap_fixed_16_5_,hd_unroll=8,972,20261001
ATTN_config_S32_D128_H8_HD16_G4_rms_norm_ROPEFalse_UHD8_ap_fixed_16_5_,hd_unroll=8,972,20261001
ATTN_config_S32_D128_H8_HD16_G4_rms_norm_ROPETrue_UHD8_ap_fixed_16_5_,hd_unroll=8,972,20261001
ATTN_config_S32_D128_H8_HD32_G1_rms_norm_ROPEFalse_UHD8_ap_fixed_16_5_,hd_unroll=8,972,20261001
ATTN_config_S32_D128_H8_HD64_G2_rms_norm_ROPEFalse_UHD8_ap_fixed_16_5_,hd_unroll=8,972,20261001
ATTN_config_S32_D128_H8_HD64_G4_layer_norm_ROPETrue_UHD8_ap_fixed_16_5_,hd_unroll=8,972,20261001
ATTN_config_S32_D128_H8_HD64_G4_rms_norm_ROPETrue_UHD8_ap_fixed_16_5_,hd_unroll=8,972,20261001
ATTN_config_S32_D256_H16_HD16_G1_layer_norm_ROPETrue_UHD8_ap_fixed_16_5_,hd_unroll=8,972,20261001
ATTN_config_S32_D256_H16_HD16_G1_rms_norm_ROPEFalse_UHD8_ap_fixed_16_5_,hd_unroll=8,972,20261001
ATTN_config_S32_D256_H16_HD16_G4_layer_norm_ROPETrue_UHD8_ap_fixed_16_5_,hd_unroll=8,972,20261001
ATTN_config_S32_D256_H16_HD32_G1_rms_norm_ROPEFalse_UHD8_ap_fixed_16_5_,hd_unroll=8,972,20261001
ATTN_config_S32_D256_H16_HD32_G2_rms_norm_ROPEFalse_UHD8_ap_fixed_16_5_,hd_unroll=8,972,20261001
ATTN_config_S32_D256_H16_HD32_G2_rms_norm_ROPETrue_UHD8_ap_fixed_16_5_,hd_unroll=8,972,20261001
ATTN_config_S32_D256_H16_HD32_G4_rms_norm_ROPEFalse_UHD8_ap_fixed_16_5_,hd_unroll=8,972,20261001
ATTN_config_S32_D256_H16_HD64_G2_layer_norm_ROPEFalse_UHD8_ap_fixed_16_5_,hd_unroll=8,972,20261001
ATTN_config_S32_D256_H16_HD64_G2_layer_norm_ROPETrue_UHD8_ap_fixed_16_5_,hd_unroll=8,972,20261001
ATTN_config_S32_D256_H16_HD64_G2_rms_norm_ROPEFalse_UHD8_ap_fixed_16_5_,hd_unroll=8,972,20261001
ATTN_config_S32_D256_H16_HD64_G2_rms_norm_ROPETrue_UHD8_ap_fixed_16_5_,hd_unroll=8,972,20261001
ATTN_config_S32_D256_H16_HD64_G4_layer_norm_ROPETrue_UHD8_ap_fixed_16_5_,hd_unroll=8,972,20261001
ATTN_config_S32_D256_H32_HD16_G1_layer_norm_ROPEFalse_UHD8_ap_fixed_16_5_,hd_unroll=8,972,20261001
ATTN_config_S32_D256_H32_HD16_G1_rms_norm_ROPEFalse_UHD8_ap_fixed_16_5_,hd_unroll=8,972,20261001
ATTN_config_S32_D256_H32_HD16_G1_rms_norm_ROPETrue_UHD8_ap_fixed_16_5_,hd_unroll=8,972,20261001
ATTN_config_S32_D256_H32_HD16_G4_layer_norm_ROPEFalse_UHD8_ap_fixed_16_5_,hd_unroll=8,972,20261001
ATTN_config_S32_D256_H32_HD32_G1_rms_norm_ROPEFalse_UHD8_ap_fixed_16_5_,hd_unroll=8,972,20261001
ATTN_config_S32_D256_H32_HD32_G2_layer_norm_ROPETrue_UHD8_ap_fixed_16_5_,hd_unroll=8,972,20261001
ATTN_config_S32_D256_H32_HD32_G4_layer_norm_ROPEFalse_UHD8_ap_fixed_16_5_,hd_unroll=8,972,20261001
ATTN_config_S32_D256_H32_HD64_G1_layer_norm_ROPEFalse_UHD8_ap_fixed_16_5_,hd_unroll=8,972,20261001
ATTN_config_S32_D256_H32_HD64_G2_layer_norm_ROPEFalse_UHD8_ap_fixed_16_5_,hd_unroll=8,972,20261001
ATTN_config_S32_D256_H32_HD64_G2_rms_norm_ROPETrue_UHD8_ap_fixed_16_5_,hd_unroll=8,972,20261001
ATTN_config_S32_D256_H32_HD64_G4_layer_norm_ROPEFalse_UHD8_ap_fixed_16_5_,hd_unroll=8,972,20261001
ATTN_config_S32_D256_H32_HD64_G4_rms_norm_ROPEFalse_UHD8_ap_fixed_16_5_,hd_unroll=8,972,20261001
ATTN_config_S32_D256_H8_HD16_G1_layer_norm_ROPEFalse_UHD8_ap_fixed_16_5_,hd_unroll=8,972,20261001
ATTN_config_S32_D256_H8_HD16_G2_layer_norm_ROPEFalse_UHD8_ap_fixed_16_5_,hd_unroll=8,972,20261001
ATTN_config_S32_D256_H8_HD16_G2_rms_norm_ROPETrue_UHD8_ap_fixed_16_5_,hd_unroll=8,972,20261001
ATTN_config_S32_D256_H8_HD32_G2_layer_norm_ROPETrue_UHD8_ap_fixed_16_5_,hd_unroll=8,972,20261001
ATTN_config_S32_D256_H8_HD32_G2_rms_norm_ROPETrue_UHD8_ap_fixed_16_5_,hd_unroll=8,972,20261001
ATTN_config_S32_D256_H8_HD64_G1_rms_norm_ROPEFalse_UHD8_ap_fixed_16_5_,hd_unroll=8,972,20261001
ATTN_config_S32_D256_H8_HD64_G1_rms_norm_ROPETrue_UHD8_ap_fixed_16_5_,hd_unroll=8,972,20261001
ATTN_config_S32_D256_H8_HD64_G2_layer_norm_ROPEFalse_UHD8_ap_fixed_16_5_,hd_unroll=8,972,20261001
ATTN_config_S32_D256_H8_HD64_G2_rms_norm_ROPEFalse_UHD8_ap_fixed_16_5_,hd_unroll=8,972,20261001
ATTN_config_S32_D256_H8_HD64_G4_rms_norm_ROPETrue_UHD8_ap_fixed_16_5_,hd_unroll=8,972,20261001
ATTN_config_S32_D512_H16_HD16_G2_layer_norm_ROPETrue_UHD8_ap_fixed_16_5_,hd_unroll=8,972,20261001
ATTN_config_S32_D512_H16_HD16_G4_rms_norm_ROPEFalse_UHD8_ap_fixed_16_5_,hd_unroll=8,972,20261001
ATTN_config_S32_D512_H16_HD32_G2_rms_norm_ROPETrue_UHD8_ap_fixed_16_5_,hd_unroll=8,972,20261001
ATTN_config_S32_D512_H16_HD32_G4_layer_norm_ROPETrue_UHD8_ap_fixed_16_5_,hd_unroll=8,972,20261001
ATTN_config_S32_D512_H16_HD64_G1_layer_norm_ROPEFalse_UHD8_ap_fixed_16_5_,hd_unroll=8,972,20261001
ATTN_config_S32_D512_H16_HD64_G2_layer_norm_ROPEFalse_UHD8_ap_fixed_16_5_,hd_unroll=8,972,20261001
ATTN_config_S32_D512_H16_HD64_G2_layer_norm_ROPETrue_UHD8_ap_fixed_16_5_,hd_unroll=8,972,20261001
ATTN_config_S32_D512_H16_HD64_G2_rms_norm_ROPETrue_UHD8_ap_fixed_16_5_,hd_unroll=8,972,20261001
ATTN_config_S32_D512_H32_HD16_G1_rms_norm_ROPEFalse_UHD8_ap_fixed_16_5_,hd_unroll=8,972,20261001
ATTN_config_S32_D512_H32_HD16_G2_layer_norm_ROPEFalse_UHD8_ap_fixed_16_5_,hd_unroll=8,972,20261001
ATTN_config_S32_D512_H32_HD16_G2_rms_norm_ROPEFalse_UHD8_ap_fixed_16_5_,hd_unroll=8,972,20261001
ATTN_config_S32_D512_H32_HD16_G2_rms_norm_ROPETrue_UHD8_ap_fixed_16_5_,hd_unroll=8,972,20261001
ATTN_config_S32_D512_H32_HD32_G1_layer_norm_ROPETrue_UHD8_ap_fixed_16_5_,hd_unroll=8,972,20261001
ATTN_config_S32_D512_H32_HD32_G1_rms_norm_ROPEFalse_UHD8_ap_fixed_16_5_,hd_unroll=8,972,20261001
ATTN_config_S32_D512_H32_HD32_G2_rms_norm_ROPEFalse_UHD8_ap_fixed_16_5_,hd_unroll=8,972,20261001
ATTN_config_S32_D512_H32_HD32_G4_rms_norm_ROPETrue_UHD8_ap_fixed_16_5_,hd_unroll=8,972,20261001
ATTN_config_S32_D512_H32_HD64_G1_rms_norm_ROPEFalse_UHD8_ap_fixed_16_5_,hd_unroll=8,972,20261001
ATTN_config_S32_D512_H32_HD64_G2_rms_norm_ROPETrue_UHD8_ap_fixed_16_5_,hd_unroll=8,972,20261001
ATTN_config_S32_D512_H32_HD64_G4_layer_norm_ROPETrue_UHD8_ap_fixed_16_5_,hd_unroll=8,972,20261001
ATTN_config_S32_D512_H32_HD64_G4_rms_norm_ROPEFalse_UHD8_ap_fixed_16_5_,hd_unroll=8,972,20261001
ATTN_config_S32_D512_H8_HD16_G1_layer_norm_ROPEFalse_UHD8_ap_fixed_16_5_,hd_unroll=8,972,20261001
ATTN_config_S32_D512_H8_HD16_G4_layer_norm_ROPEFalse_UHD8_ap_fixed_16_5_,hd_unroll=8,972,20261001
ATTN_config_S32_D512_H8_HD16_G4_rms_norm_ROPEFalse_UHD8_ap_fixed_16_5_,hd_unroll=8,972,20261001
ATTN_config_S32_D512_H8_HD32_G2_rms_norm_ROPEFalse_UHD8_ap_fixed_16_5_,hd_unroll=8,972,20261001
ATTN_config_S32_D512_H8_HD32_G4_layer_norm_ROPEFalse_UHD8_ap_fixed_16_5_,hd_unroll=8,972,20261001
ATTN_config_S32_D512_H8_HD32_G4_rms_norm_ROPEFalse_UHD8_ap_fixed_16_5_,hd_unroll=8,972,20261001
ATTN_config_S32_D512_H8_HD64_G1_rms_norm_ROPEFalse_UHD8_ap_fixed_16_5_,hd_unroll=8,972,20261001
ATTN_config_S32_D512_H8_HD64_G2_rms_norm_ROPEFalse_UHD8_ap_fixed_16_5_,hd_unroll=8,972,20261001
ATTN_config_S32_D512_H8_HD64_G4_layer_norm_ROPETrue_UHD8_ap_fixed_16_5_,hd_unroll=8,972,20261001
ATTN_config_S8_D128_H16_HD16_G1_layer_norm_ROPEFalse_UHD8_ap_fixed_16_5_,hd_unroll=8,972,20261001
ATTN_config_S8_D128_H16_HD16_G4_layer_norm_ROPEFalse_UHD8_ap_fixed_16_5_,hd_unroll=8,972,20261001
ATTN_config_S8_D128_H16_HD32_G2_layer_norm_ROPEFalse_UHD8_ap_fixed_16_5_,hd_unroll=8,972,20261001
ATTN_config_S8_D128_H16_HD32_G2_layer_norm_ROPETrue_UHD8_ap_fixed_16_5_,hd_unroll=8,972,20261001
ATTN_config_S8_D128_H16_HD32_G2_rms_norm_ROPEFalse_UHD8_ap_fixed_16_5_,hd_unroll=8,972,20261001
ATTN_config_S8_D128_H16_HD32_G2_rms_norm_ROPETrue_UHD8_ap_fixed_16_5_,hd_unroll=8,972,20261001
ATTN_config_S8_D128_H16_HD32_G4_rms_norm_ROPETrue_UHD8_ap_fixed_16_5_,hd_unroll=8,972,20261001
ATTN_config_S8_D128_H16_HD64_G1_rms_norm_ROPEFalse_UHD8_ap_fixed_16_5_,hd_unroll=8,972,20261001
ATTN_config_S8_D128_H16_HD64_G2_rms_norm_ROPETrue_UHD8_ap_fixed_16_5_,hd_unroll=8,972,20261001
ATTN_config_S8_D128_H16_HD64_G4_layer_norm_ROPETrue_UHD8_ap_fixed_16_5_,hd_unroll=8,972,20261001
ATTN_config_S8_D128_H32_HD16_G1_layer_norm_ROPETrue_UHD8_ap_fixed_16_5_,hd_unroll=8,972,20261001
ATTN_config_S8_D128_H32_HD32_G1_layer_norm_ROPEFalse_UHD8_ap_fixed_16_5_,hd_unroll=8,972,20261001
ATTN_config_S8_D128_H32_HD32_G2_layer_norm_ROPETrue_UHD8_ap_fixed_16_5_,hd_unroll=8,972,20261001
ATTN_config_S8_D128_H32_HD32_G2_rms_norm_ROPEFalse_UHD8_ap_fixed_16_5_,hd_unroll=8,972,20261001
ATTN_config_S8_D128_H32_HD64_G1_layer_norm_ROPEFalse_UHD8_ap_fixed_16_5_,hd_unroll=8,972,20261001
ATTN_config_S8_D128_H32_HD64_G2_layer_norm_ROPEFalse_UHD8_ap_fixed_16_5_,hd_unroll=8,972,20261001
ATTN_config_S8_D128_H32_HD64_G2_rms_norm_ROPEFalse_UHD8_ap_fixed_16_5_,hd_unroll=8,972,20261001
ATTN_config_S8_D128_H32_HD64_G4_layer_norm_ROPETrue_UHD8_ap_fixed_16_5_,hd_unroll=8,972,20261001
ATTN_config_S8_D128_H8_HD16_G1_layer_norm_ROPETrue_UHD8_ap_fixed_16_5_,hd_unroll=8,972,20261001
ATTN_config_S8_D128_H8_HD16_G4_layer_norm_ROPETrue_UHD8_ap_fixed_16_5_,hd_unroll=8,972,20261001
ATTN_config_S8_D128_H8_HD16_G4_rms_norm_ROPEFalse_UHD8_ap_fixed_16_5_,hd_unroll=8,972,20261001
ATTN_config_S8_D128_H8_HD32_G1_layer_norm_ROPEFalse_UHD8_ap_fixed_16_5_,hd_unroll=8,972,20261001
ATTN_config_S8_D128_H8_HD32_G1_rms_norm_ROPEFalse_UHD8_ap_fixed_16_5_,hd_unroll=8,972,20261001
ATTN_config_S8_D128_H8_HD32_G2_layer_norm_ROPEFalse_UHD8_ap_fixed_16_5_,hd_unroll=8,972,20261001
ATTN_config_S8_D128_H8_HD32_G4_rms_norm_ROPEFalse_UHD8_ap_fixed_16_5_,hd_unroll=8,972,20261001
ATTN_config_S8_D128_H8_HD32_G4_rms_norm_ROPETrue_UHD8_ap_fixed_16_5_,hd_unroll=8,972,20261001
ATTN_config_S8_D128_H8_HD64_G1_layer_norm_ROPETrue_UHD8_ap_fixed_16_5_,hd_unroll=8,972,20261001
ATTN_config_S8_D128_H8_HD64_G4_layer_norm_ROPETrue_UHD8_ap_fixed_16_5_,hd_unroll=8,972,20261001
ATTN_config_S8_D256_H16_HD16_G1_layer_norm_ROPEFalse_UHD8_ap_fixed_16_5_,hd_unroll=8,972,20261001
ATTN_config_S8_D256_H16_HD16_G2_layer_norm_ROPETrue_UHD8_ap_fixed_16_5_,hd_unroll=8,972,20261001
ATTN_config_S8_D256_H16_HD32_G1_rms_norm_ROPEFalse_UHD8_ap_fixed_16_5_,hd_unroll=8,972,20261001
ATTN_config_S8_D256_H16_HD32_G2_layer_norm_ROPETrue_UHD8_ap_fixed_16_5_,hd_unroll=8,972,20261001
ATTN_config_S8_D256_H16_HD32_G2_rms_norm_ROPEFalse_UHD8_ap_fixed_16_5_,hd_unroll=8,972,20261001
ATTN_config_S8_D256_H16_HD32_G4_rms_norm_ROPEFalse_UHD8_ap_fixed_16_5_,hd_unroll=8,972,20261001
ATTN_config_S8_D256_H16_HD32_G4_rms_norm_ROPETrue_UHD8_ap_fixed_16_5_,hd_unroll=8,972,20261001
ATTN_config_S8_D256_H16_HD64_G1_layer_norm_ROPETrue_UHD8_ap_fixed_16_5_,hd_unroll=8,972,20261001
ATTN_config_S8_D256_H16_HD64_G1_rms_norm_ROPETrue_UHD8_ap_fixed_16_5_,hd_unroll=8,972,20261001
ATTN_config_S8_D256_H16_HD64_G4_rms_norm_ROPEFalse_UHD8_ap_fixed_16_5_,hd_unroll=8,972,20261001
ATTN_config_S8_D256_H32_HD16_G4_layer_norm_ROPEFalse_UHD8_ap_fixed_16_5_,hd_unroll=8,972,20261001
ATTN_config_S8_D256_H32_HD16_G4_rms_norm_ROPEFalse_UHD8_ap_fixed_16_5_,hd_unroll=8,972,20261001
ATTN_config_S8_D256_H32_HD32_G1_layer_norm_ROPEFalse_UHD8_ap_fixed_16_5_,hd_unroll=8,972,20261001
ATTN_config_S8_D256_H32_HD32_G1_layer_norm_ROPETrue_UHD8_ap_fixed_16_5_,hd_unroll=8,972,20261001
ATTN_config_S8_D256_H32_HD32_G1_rms_norm_ROPETrue_UHD8_ap_fixed_16_5_,hd_unroll=8,972,20261001
ATTN_config_S8_D256_H32_HD32_G2_layer_norm_ROPEFalse_UHD8_ap_fixed_16_5_,hd_unroll=8,972,20261001
ATTN_config_S8_D256_H32_HD32_G4_rms_norm_ROPEFalse_UHD8_ap_fixed_16_5_,hd_unroll=8,972,20261001
ATTN_config_S8_D256_H32_HD32_G4_rms_norm_ROPETrue_UHD8_ap_fixed_16_5_,hd_unroll=8,972,20261001
ATTN_config_S8_D256_H32_HD64_G1_rms_norm_ROPEFalse_UHD8_ap_fixed_16_5_,hd_unroll=8,972,20261001
ATTN_config_S8_D256_H32_HD64_G2_rms_norm_ROPEFalse_UHD8_ap_fixed_16_5_,hd_unroll=8,972,20261001
ATTN_config_S8_D256_H32_HD64_G4_layer_norm_ROPETrue_UHD8_ap_fixed_16_5_,hd_unroll=8,972,20261001
ATTN_config_S8_D256_H32_HD64_G4_rms_norm_ROPEFalse_UHD8_ap_fixed_16_5_,hd_unroll=8,972,20261001
ATTN_config_S8_D256_H8_HD16_G1_layer_norm_ROPETrue_UHD8_ap_fixed_16_5_,hd_unroll=8,972,20261001
ATTN_config_S8_D256_H8_HD16_G2_rms_norm_ROPETrue_UHD8_ap_fixed_16_5_,hd_unroll=8,972,20261001
ATTN_config_S8_D256_H8_HD64_G1_layer_norm_ROPEFalse_UHD8_ap_fixed_16_5_,hd_unroll=8,972,20261001
ATTN_config_S8_D256_H8_HD64_G1_layer_norm_ROPETrue_UHD8_ap_fixed_16_5_,hd_unroll=8,972,20261001
ATTN_config_S8_D256_H8_HD64_G1_rms_norm_ROPETrue_UHD8_ap_fixed_16_5_,hd_unroll=8,972,20261001
ATTN_config_S8_D256_H8_HD64_G2_layer_norm_ROPETrue_UHD8_ap_fixed_16_5_,hd_unroll=8,972,20261001
ATTN_config_S8_D256_H8_HD64_G4_rms_norm_ROPEFalse_UHD8_ap_fixed_16_5_,hd_unroll=8,972,20261001
ATTN_config_S8_D256_H8_HD64_G4_rms_norm_ROPETrue_UHD8_ap_fixed_16_5_,hd_unroll=8,972,20261001
ATTN_config_S8_D512_H16_HD16_G1_layer_norm_ROPEFalse_UHD8_ap_fixed_16_5_,hd_unroll=8,972,20261001
ATTN_config_S8_D512_H16_HD16_G1_rms_norm_ROPEFalse_UHD8_ap_fixed_16_5_,hd_unroll=8,972,20261001
ATTN_config_S8_D512_H16_HD32_G1_rms_norm_ROPETrue_UHD8_ap_fixed_16_5_,hd_unroll=8,972,20261001
ATTN_config_S8_D512_H16_HD32_G2_rms_norm_ROPETrue_UHD8_ap_fixed_16_5_,hd_unroll=8,972,20261001
ATTN_config_S8_D512_H16_HD64_G1_layer_norm_ROPEFalse_UHD8_ap_fixed_16_5_,hd_unroll=8,972,20261001
ATTN_config_S8_D512_H16_HD64_G1_rms_norm_ROPEFalse_UHD8_ap_fixed_16_5_,hd_unroll=8,972,20261001
ATTN_config_S8_D512_H16_HD64_G2_layer_norm_ROPEFalse_UHD8_ap_fixed_16_5_,hd_unroll=8,972,20261001
ATTN_config_S8_D512_H16_HD64_G2_rms_norm_ROPETrue_UHD8_ap_fixed_16_5_,hd_unroll=8,972,20261001
ATTN_config_S8_D512_H16_HD64_G4_rms_norm_ROPETrue_UHD8_ap_fixed_16_5_,hd_unroll=8,972,20261001
ATTN_config_S8_D512_H32_HD16_G2_layer_norm_ROPEFalse_UHD8_ap_fixed_16_5_,hd_unroll=8,972,20261001
ATTN_config_S8_D512_H32_HD16_G2_layer_norm_ROPETrue_UHD8_ap_fixed_16_5_,hd_unroll=8,972,20261001
ATTN_config_S8_D512_H32_HD16_G4_rms_norm_ROPEFalse_UHD8_ap_fixed_16_5_,hd_unroll=8,972,20261001
ATTN_config_S8_D512_H32_HD32_G1_layer_norm_ROPEFalse_UHD8_ap_fixed_16_5_,hd_unroll=8,972,20261001
ATTN_config_S8_D512_H32_HD32_G1_layer_norm_ROPETrue_UHD8_ap_fixed_16_5_,hd_unroll=8,972,20261001
ATTN_config_S8_D512_H32_HD32_G1_rms_norm_ROPEFalse_UHD8_ap_fixed_16_5_,hd_unroll=8,972,20261001
ATTN_config_S8_D512_H32_HD32_G2_layer_norm_ROPEFalse_UHD8_ap_fixed_16_5_,hd_unroll=8,972,20261001
ATTN_config_S8_D512_H32_HD32_G4_layer_norm_ROPETrue_UHD8_ap_fixed_16_5_,hd_unroll=8,972,20261001
ATTN_config_S8_D512_H32_HD32_G4_rms_norm_ROPEFalse_UHD8_ap_fixed_16_5_,hd_unroll=8,972,20261001
ATTN_config_S8_D512_H32_HD64_G1_layer_norm_ROPETrue_UHD8_ap_fixed_16_5_,hd_unroll=8,972,20261001
ATTN_config_S8_D512_H32_HD64_G2_rms_norm_ROPETrue_UHD8_ap_fixed_16_5_,hd_unroll=8,972,20261001
ATTN_config_S8_D512_H32_HD64_G4_rms_norm_ROPEFalse_UHD8_ap_fixed_16_5_,hd_unroll=8,972,20261001
ATTN_config_S8_D512_H8_HD32_G1_layer_norm_ROPETrue_UHD8_ap_fixed_16_5_,hd_unroll=8,972,20261001
ATTN_config_S8_D512_H8_HD32_G1_rms_norm_ROPEFalse_UHD8_ap_fixed_16_5_,hd_unroll=8,972,20261001
ATTN_config_S8_D512_H8_HD32_G1_rms_norm_ROPETrue_UHD8_ap_fixed_16_5_,hd_unroll=8,972,20261001
ATTN_config_S8_D512_H8_HD32_G4_layer_norm_ROPETrue_UHD8_ap_fixed_16_5_,hd_unroll=8,972,20261001
ATTN_config_S8_D512_H8_HD64_G1_layer_norm_ROPEFalse_UHD8_ap_fixed_16_5_,hd_unroll=8,972,20261001
ATTN_config_S8_D512_H8_HD64_G2_layer_norm_ROPETrue_UHD8_ap_fixed_16_5_,hd_unroll=8,972,20261001
ATTN_config_S8_D512_H8_HD64_G4_layer_norm_ROPEFalse_UHD8_ap_fixed_16_5_,hd_unroll=8,972,20261001
