file,category,size_bytes,sha256,zenodo_path
checkpoints/20260720/csynth_conv_lean_part_00,csynth_lean_reports,78643200,3ddbcf27eacde5a30817732f51f435ff2e455f38a261c5b74980e13ada5dccf6,TODO
checkpoints/20260720/csynth_conv_lean_part_01,csynth_lean_reports,29944179,c6acc8fc2416ba66188fc92434d8eb9a193e8ad085e8976c513d6ebc098ed89d,TODO
checkpoints/20260720/csynth_gemm_lean.tar.gz,csynth_lean_reports,50497575,9c9c1dc7e0c23e1fffefbf5f26031576a82499a4638f9e0be7e4a93534aa4882,TODO
checkpoints/20260720/csynth_llm_lean_part_00,csynth_lean_reports,78643200,39c35f3a388787c5d71be0c9ace45d357d2f9f2f954e6fccf00185afa2af7d19,TODO
checkpoints/20260720/csynth_llm_lean_part_01,csynth_lean_reports,13218969,ef8fca0af6795d75740390dd35fba34d1dfd94357d271fb2778a3b66749fe6e8,TODO
checkpoints/20260720/impl1000_reports_lean.tar.gz,impl_lean_reports,72657708,5ee5f3052aa5c3f5959a0bcfa7083f453dbd4499cf8bc3550e925525ab1c0bbc,TODO
checkpoints/20260720/impl60_reports_lean.tar.gz,impl_lean_reports,1527669,6ed928d891840a271f4e8a243c6c653e2c7a004c901286f7910864813bbcf877,TODO
checkpoints/20260720/scale_csynth_r1_lean.tar.gz,full_model_reports,3554185,18f7fec8688163191d1271dcf897a61111965088fc38237bcc52461cec8466e7,TODO
checkpoints/r2/csynth_conv_rerun_lean.tar.gz,csynth_lean_reports,25476,2b4177304eaa06d19336ce97d2e28fec55f6c319d461b3213ee6d401c64459de,TODO
checkpoints/r2/csynth_gemm_new_lean.tar.gz,csynth_lean_reports,10681902,ed37fb6595682504f90a7010bdda476b78d591a20b7b38304d92fe9b3f5b25d0,TODO
checkpoints/r2/csynth_llm_lean.tar.gz,csynth_lean_reports,110098408,d15749f4f93febdbb8155f28753a39cc78a77e3c7dc950af61e8b7609a1e1f41,TODO
checkpoints/r2/csynth_modular_lean.tar.gz,csynth_lean_reports,5347096,cde6abd7b63f1ee516fa631f1f039f59612477409709c015d98c7b9ea2081bed,TODO
checkpoints/r2/impl_llm_lean.tar.gz,impl_lean_reports,48387496,b2622f1bbc0045b8f9a17ee9e22ad1247dde5da312b1a8d692fe928a50623dd4,TODO
