design,domain,operator,variant,datatype,rounding_overflow,sim_level,status,range_source,range_lo,range_hi,first_fail_range,failure_mode,analytic_range,run_range,n_trials,seed_base,golden,accum_len,tolerance_kind,tol_abs,trials_within_bound,n_elements,max_abs_err,mean_abs_err,rmse,sqnr_db,rel_l2,max_abs_err_raw,stress_range,stress_trials_within_bound,stress_frac_outside,stress_max_abs_err,stress_crashes,cosim_trials,cosim_c_vs_rtl_mismatches,cosim_latency_min,cosim_latency_avg,cosim_latency_max,cosim_status,total_s,notes
ops/conv/activation__elu,conv,activation,elu,float,,csim,error,,,,,,,,20,42,numpy float64 on float32 inputs,16,"float(rtol,atol_scale)",,,,,,,,,,,,,,,,,,,,,155.4,RuntimeError: no output file DRAM_output_output.txt in the CSIM build dir
ops/conv/activation__elu,conv,activation,elu,"fixed<16,5>",TRN/WRAP,csim,ok,sweep(unbounded),0.001,23.170475005920835,,,2.4953,+-23.1705,20,42,numpy float64 on quantized inputs,16,format_bound(c*LSB*(L+4)+0.01*peak),0.00976562,20,2048,0.0005365915123820564,5.383246222394337e-05,0.00012664611190009271,95.29726802806186,1.7184488056831528e-05,24.17015401312544,64.0,5,0.0,0.0005363295687639269,0,,,,,,,153.6,
ops/conv/activation__elu,conv,activation,elu,"fixed<32,10>",TRN/WRAP,csim,error,,,,,,5.6145,,20,42,numpy float64 on quantized inputs,16,format_bound(c*LSB*(L+4)+0.01*peak),4.76837e-06,,,,,,,,,,,,,,,,,,,,156.8,FileNotFoundError: [Errno 2] No such file or directory
ops/conv/activation__gelu,conv,activation,gelu,float,,csim,error,sweep(unbounded),0.001,741.4552001894673,,,,design,20,42,numpy float64 on float32 inputs,16,"float(rtol,atol_scale)",,,,,,,,,,,,,,,,,,,,,157.5,FileNotFoundError: [Errno 2] No such file or directory: '/usr/scratch/awanna3/ForgeBench/_sweeps/verif_work/float/_vprep_activation__gelu/project_1/solution1/csim/build/DRAM_1.txt'
ops/conv/activation__gelu,conv,activation,gelu,"fixed<16,5>",TRN/WRAP,csim,ok,sweep(window),0.001,0.10763474115247555,0.11240013826389127,exceeds bound,2.4953,+-0.107635,20,42,numpy float64 on quantized inputs,16,format_bound(c*LSB*(L+4)+0.01*peak),0.00976562,20,2048,0.009477508710026485,0.0017786487968114988,0.0030424643516485644,20.188548902977224,0.09785264173919732,0.009678952076141646,64.0,0,,0.0,5,,,,,,,152.4,
ops/conv/activation__gelu,conv,activation,gelu,"fixed<32,10>",TRN/WRAP,csim,ok,sweep(window),0.001,0.007025008641493201,0.007336032345637373,exceeds bound,5.6145,+-0.00702501,20,42,numpy float64 on quantized inputs,16,format_bound(c*LSB*(L+4)+0.01*peak),4.76837e-06,20,2048,3.959585873856714e-05,6.589796834823905e-06,1.2379757645561308e-05,44.27201384908301,0.006115040075131012,3.9686467266417114e-05,2048.0,0,0.50087890625,511.8758282661438,0,,,,,,,141.4,
ops/conv/activation__hardsigmoid,conv,activation,hardsigmoid,float,,csim,ok,sweep(unbounded),0.001,741.4552001894673,,,,design,20,42,numpy float64 on float32 inputs,16,"float(rtol,atol_scale)",,20,2048,5.960464477539063e-08,5.230237755713298e-09,1.256361753474962e-08,154.45258110148467,1.8939606208383952e-08,,,,,,,,,,,,,147.1,
ops/conv/activation__hardsigmoid,conv,activation,hardsigmoid,"fixed<16,5>",TRN/WRAP,csim,ok,sweep(unbounded),0.001,23.170475005920835,,,2.4953,+-23.1705,20,42,numpy float64 on quantized inputs,16,format_bound(c*LSB*(L+4)+0.01*peak),0.00976562,20,2048,0.00040690104166668517,2.6943286259969074e-05,9.002021003521063e-05,77.70385695092878,0.0001302588238458914,1.0,64.0,5,0.0,0.00040690104166668517,0,,,,,,,140.5,
ops/conv/activation__hardsigmoid,conv,activation,hardsigmoid,"fixed<32,10>",TRN/WRAP,csim,error,sweep(unbounded),0.001,741.4552001894673,,,5.6145,+-741.455,20,42,numpy float64 on quantized inputs,16,format_bound(c*LSB*(L+4)+0.01*peak),4.76837e-06,,,,,,,,,,,,,,,,,,,,161.1,FileNotFoundError: [Errno 2] No such file or directory: '/usr/scratch/awanna3/ForgeBench/_sweeps/verif_work/fixed_32_10_trn_wrap/_vprep_activation__hardsigmoid/project_1/solution1/csim/build'
ops/conv/activation__hardswish,conv,activation,hardswish,float,,csim,ok,sweep(unbounded),0.001,741.4552001894673,,,,design,20,42,numpy float64 on float32 inputs,16,"float(rtol,atol_scale)",,20,2048,2.923101476426382e-07,9.721260690760064e-09,2.8929201166837008e-08,161.03832984182873,8.873266144041377e-09,,,,,,,,,,,,,146.5,
ops/conv/activation__hardswish,conv,activation,hardswish,"fixed<16,5>",TRN/WRAP,csim,ok,sweep(unbounded),0.001,23.170475005920835,,,2.4953,+-23.1705,20,42,numpy float64 on quantized inputs,16,format_bound(c*LSB*(L+4)+0.01*peak),0.00976562,20,2048,0.001624147097269546,5.376299668569168e-05,0.00018596158894582695,91.91984890750263,2.5351727298663604e-05,23.17015401312544,64.0,5,0.0,0.0015497605005898585,0,,,,,,,140.8,
ops/conv/activation__hardswish,conv,activation,hardswish,"fixed<32,10>",TRN/WRAP,csim,error,sweep(unbounded),0.001,741.4552001894673,,,5.6145,+-741.455,20,42,numpy float64 on quantized inputs,16,format_bound(c*LSB*(L+4)+0.01*peak),4.76837e-06,,,,,,,,,,,,,,,,,,,,165.7,FileNotFoundError: [Errno 2] No such file or directory: '/usr/scratch/awanna3/ForgeBench/_sweeps/verif_work/fixed_32_10_trn_wrap/_vprep_activation__hardswish/project_1/solution1/csim/build/csim.exe'
ops/conv/activation__leaky_relu,conv,activation,leaky_relu,float,,csim,ok,sweep(unbounded),0.001,741.4552001894673,,,,design,20,42,numpy float64 on float32 inputs,16,"float(rtol,atol_scale)",,20,2048,5.36441803478116e-09,5.541476865318701e-10,1.1268069414458925e-09,189.27470954444132,3.4376726804717343e-10,,,,,,,,,,,,,147.3,
ops/conv/activation__leaky_relu,conv,activation,leaky_relu,"fixed<16,5>",TRN/WRAP,csim,ok,sweep(unbounded),0.001,23.170475005920835,,,2.4953,+-23.1705,20,42,numpy float64 on quantized inputs,16,format_bound(c*LSB*(L+4)+0.01*peak),0.00976562,20,2048,0.0037451171875000078,0.0009864954948425304,0.0015751332589624865,73.36563801925858,0.00021464367676957472,23.25657979437544,64.0,5,0.0,0.0037304687499999933,0,,,,,,,141.0,
ops/conv/activation__leaky_relu,conv,activation,leaky_relu,"fixed<32,10>",TRN/WRAP,csim,error,sweep(unbounded),0.001,741.4552001894673,,,5.6145,+-741.455,20,42,numpy float64 on quantized inputs,16,format_bound(c*LSB*(L+4)+0.01*peak),4.76837e-06,,,,,,,,,,,,,,,,,,,,169.6,FileNotFoundError: [Errno 2] No such file or directory: '/usr/scratch/awanna3/ForgeBench/_sweeps/verif_work/fixed_32_10_trn_wrap/_vprep_activation__leaky_relu/project_1/solution1/csim/build/DRAM_input.txt'
ops/conv/activation__prelu,conv,activation,prelu,float,,csim,ok,sweep(unbounded),0.001,741.4552001894673,,,,design,20,42,numpy float64 on float32 inputs,16,"float(rtol,atol_scale)",,20,2048,0.0,0.0,0.0,inf,0.0,,,,,,,,,,,,,147.8,
ops/conv/activation__prelu,conv,activation,prelu,"fixed<16,5>",TRN/WRAP,csim,ok,sweep(unbounded),0.001,23.170475005920835,,,2.4953,+-23.1705,20,42,numpy float64 on quantized inputs,16,format_bound(c*LSB*(L+4)+0.01*peak),0.00976562,20,2048,0.0003662109375,9.115338325500488e-05,0.0001607816836814203,93.45175811952208,2.1252601256716035e-05,25.37781294886578,64.0,5,0.0,0.0003662109375,0,,,,,,,141.1,
ops/conv/activation__prelu,conv,activation,prelu,"fixed<32,10>",TRN/WRAP,csim,error,sweep(unbounded),0.001,741.4552001894673,,,5.6145,+-741.455,20,42,numpy float64 on quantized inputs,16,format_bound(c*LSB*(L+4)+0.01*peak),4.76837e-06,,,,,,,,,,,,,,,,,,,,175.4,FileNotFoundError: [Errno 2] No such file or directory: '/usr/scratch/awanna3/ForgeBench/_sweeps/verif_work/fixed_32_10_trn_wrap/_vprep_activation__prelu/project_1/solution1/csim/build/csim.exe'
ops/conv/activation__relu,conv,activation,relu,float,,csim,ok,sweep(unbounded),0.001,741.4552001894673,,,,design,20,42,numpy float64 on float32 inputs,16,"float(rtol,atol_scale)",,20,2048,0.0,0.0,0.0,inf,0.0,,,,,,,,,,,,,147.7,
ops/conv/activation__relu,conv,activation,relu,"fixed<16,5>",TRN/WRAP,csim,ok,sweep(unbounded),0.001,23.170475005920835,,,2.4953,+-23.1705,20,42,numpy float64 on quantized inputs,16,format_bound(c*LSB*(L+4)+0.01*peak),0.00976562,20,2048,0.0,0.0,0.0,inf,0.0,23.17015401312544,64.0,5,0.0,0.0,0,,,,,,,140.4,
ops/conv/activation__relu,conv,activation,relu,"fixed<32,10>",TRN/WRAP,csim,error,sweep(unbounded),0.001,741.4552001894673,,,5.6145,+-741.455,20,42,numpy float64 on quantized inputs,16,format_bound(c*LSB*(L+4)+0.01*peak),4.76837e-06,20,2048,0.0,0.0,0.0,inf,0.0,741.4449284200147,,,,,,,,,,,,180.3,FileNotFoundError: [Errno 2] No such file or directory: '/usr/scratch/awanna3/ForgeBench/_sweeps/verif_work/fixed_32_10_trn_wrap/_vprep_activation__relu/project_1/solution1/csim/build/DRAM_input.txt'
ops/conv/activation__relu6,conv,activation,relu6,float,,csim,ok,sweep(unbounded),0.001,741.4552001894673,,,,design,20,42,numpy float64 on float32 inputs,16,"float(rtol,atol_scale)",,20,2048,0.0,0.0,0.0,inf,0.0,,,,,,,,,,,,,146.9,
ops/conv/activation__relu6,conv,activation,relu6,"fixed<16,5>",TRN/WRAP,csim,ok,sweep(unbounded),0.001,23.170475005920835,,,2.4953,+-23.1705,20,42,numpy float64 on quantized inputs,16,format_bound(c*LSB*(L+4)+0.01*peak),0.00976562,20,2048,0.0,0.0,0.0,inf,0.0,6.0,64.0,5,0.0,0.0,0,,,,,,,140.3,
ops/conv/activation__relu6,conv,activation,relu6,"fixed<32,10>",TRN/WRAP,csim,ok,sweep(unbounded),0.001,741.4552001894673,,,5.6145,+-741.455,20,42,numpy float64 on quantized inputs,16,format_bound(c*LSB*(L+4)+0.01*peak),4.76837e-06,20,2048,0.0,0.0,0.0,inf,0.0,6.0,2048.0,5,0.0,0.0,0,,,,,,,183.7,
ops/conv/activation__rrelu,conv,activation,rrelu,float,,csim,ok,sweep(unbounded),0.001,741.4552001894673,,,,design,20,42,numpy float64 on float32 inputs,16,"float(rtol,atol_scale)",,20,2048,8.940696716308594e-08,1.1974362580324358e-08,2.3727550526671562e-08,163.02390010964268,7.060004770659512e-09,,,,,,,,,,,,,146.9,
ops/conv/activation__rrelu,conv,activation,rrelu,"fixed<16,5>",TRN/WRAP,csim,ok,sweep(unbounded),0.001,23.170475005920835,,,2.4953,+-23.1705,20,42,numpy float64 on quantized inputs,16,format_bound(c*LSB*(L+4)+0.01*peak),0.00976562,20,2048,0.002593994140625,0.0006526196996370406,0.0010494644705314892,77.11588721689554,0.00013938166211950633,25.19261495062544,64.0,5,0.0,0.0025736490885415186,0,,,,,,,141.4,
ops/conv/activation__rrelu,conv,activation,rrelu,"fixed<32,10>",TRN/WRAP,csim,ok,sweep(unbounded),0.001,741.4552001894673,,,5.6145,+-741.455,20,42,numpy float64 on quantized inputs,16,format_bound(c*LSB*(L+4)+0.01*peak),4.76837e-06,20,2048,8.135537305520302e-05,2.3825842070496546e-05,3.7366766887924625e-05,136.18869598260355,1.5508335968201096e-07,806.197087538667,2048.0,5,0.0,8.135040600620869e-05,0,,,,,,,188.6,
ops/conv/activation__selu,conv,activation,selu,float,,csim,ok,sweep(unbounded),0.001,741.4552001894673,,,,design,20,42,numpy float64 on float32 inputs,16,"float(rtol,atol_scale)",,20,2048,7.544933424696865e-07,9.312179499702083e-08,1.4460223970736275e-07,147.97112916719578,3.9943263161986485e-08,,,,,,,,,,,,,224.0,
ops/conv/activation__selu,conv,activation,selu,"fixed<16,5>",TRN/WRAP,csim,ok,sweep(window),0.001,15.024194243865363,15.689372150965461,exceeds bound,2.4953,+-15.0242,20,42,numpy float64 on quantized inputs,16,format_bound(c*LSB*(L+4)+0.01*peak),0.00976562,20,2048,0.006601714752562771,0.001930527542924203,0.002697973338379853,67.73485508277929,0.0004104471513571914,0.007072124881013053,64.0,0,0.0208984375,32.00698235103947,0,,,,,,,173.4,
ops/conv/activation__selu,conv,activation,selu,"fixed<32,10>",TRN/WRAP,csim,error,sweep(window),0.001,480.77421580369196,502.0599088308951,exceeds bound,5.6145,+-480.774,20,42,numpy float64 on quantized inputs,16,format_bound(c*LSB*(L+4)+0.01*peak),4.76837e-06,,,,,,,,,,,,,,,,,,,,261.3,FileNotFoundError: [Errno 2] No such file or directory: '/usr/scratch/awanna3/ForgeBench/_sweeps/verif_work/fixed_32_10_trn_wrap/_vprep_activation__selu/project_1/solution1/csim/build/DRAM_input.txt'
ops/conv/activation__sigmoid,conv,activation,sigmoid,float,,csim,error,sweep(unbounded),0.001,741.4552001894673,,,,design,20,42,numpy float64 on float32 inputs,16,"float(rtol,atol_scale)",,,,,,,,,,,,,,,,,,,,,264.3,RuntimeError: no output file DRAM_output_output.txt in the CSIM build dir
ops/conv/activation__sigmoid,conv,activation,sigmoid,"fixed<16,5>",TRN/WRAP,csim,ok,sweep(window),0.001,4.466719672996902,4.664478247963416,exceeds bound,2.4953,+-4.46672,20,42,numpy float64 on quantized inputs,16,format_bound(c*LSB*(L+4)+0.01*peak),0.00976562,20,2048,0.01891978153826616,0.00135891410740059,0.004019696976250196,43.85896837118324,0.006412857379904666,0.01891865670251893,64.0,0,0.3533203125,0.030273324744827947,0,,,,,,,154.6,
ops/conv/activation__sigmoid,conv,activation,sigmoid,"fixed<32,10>",TRN/WRAP,csim,ok,sweep(unbounded),0.001,741.4552001894673,,,5.6145,+-741.455,20,42,numpy float64 on quantized inputs,16,format_bound(c*LSB*(L+4)+0.01*peak),4.76837e-06,20,2048,0.0009756088256835938,0.0004827059673582698,0.0006860072425422649,60.25460404624283,0.0009711130665366251,1.0,2048.0,5,0.0,0.0009756088256835938,0,,,,,,,253.9,
ops/conv/activation__softmax,conv,activation,softmax,float,,csim,error,sweep(window),0.001,65.53600000000014,88.7524915240564,,,,20,42,numpy float64 on float32 inputs,16,"float(rtol,atol_scale)",,,,,,,,,,,,,,,,,,,,,269.0,FileNotFoundError: [Errno 2] No such file or directory: '/usr/scratch/awanna3/ForgeBench/_sweeps/verif_work/float/_vprep_activation__softmax/project_1/solution1/csim/build/DRAM_input.txt'
ops/conv/activation__softmax,conv,activation,softmax,"fixed<16,5>",TRN/WRAP,csim,ok,sweep(window),0.001,0.8605042016806734,1.0693363532056732,exceeds bound,2.4953,+-0.860504,20,42,numpy float64 on quantized inputs,16,format_bound(c*LSB*(L+4)+0.01*peak),0.00976562,20,2048,0.0005344997255795902,0.000245125844175992,0.00028326322416623117,53.70281032145094,0.002064712009714416,0.0005457365437336673,64.0,0,0.58642578125,16.85579419669752,4,,,,,,,148.1,
ops/conv/activation__softmax,conv,activation,softmax,"fixed<32,10>",TRN/WRAP,csim,ok,sweep(window),0.001,4.870992343051153,5.086649598252999,,5.6145,+-4.87099,20,42,numpy float64 on quantized inputs,16,format_bound(c*LSB*(L+4)+0.01*peak),4.76837e-06,20,2048,4.935977905157207e-07,1.1986571595373792e-07,1.3821906729985735e-07,124.95269850527215,5.654120693302121e-07,4.944382746632781e-07,2048.0,0,0.45068359375,431.10526299476624,4,,,,,,,166.6,
ops/conv/activation__swish,conv,activation,swish,float,,csim,ok,sweep(unbounded),0.001,741.4552001894673,,,,design,20,42,numpy float64 on float32 inputs,16,"float(rtol,atol_scale)",,20,2048,8.753972817743261e-07,7.393587454219941e-08,1.446926441438536e-07,147.01942102968638,4.4568595523793574e-08,,,,,,,,,,,,,275.1,
ops/conv/activation__swish,conv,activation,swish,"fixed<16,5>",TRN/WRAP,csim,ok,sweep(window),0.001,3.922343037741364,4.096000000000006,exceeds bound,2.4953,+-3.92234,20,42,numpy float64 on quantized inputs,16,format_bound(c*LSB*(L+4)+0.01*peak),0.00976562,20,2048,0.04300734819229898,0.0015889131063973976,0.005946410225824172,48.10596986685773,0.003932796789342798,0.04300511385017364,64.0,0,0.30986328125,0.4843731961374721,0,,,,,,,152.5,
ops/conv/activation__swish,conv,activation,swish,"fixed<32,10>",TRN/WRAP,csim,ok,sweep(unbounded),0.001,741.4552001894673,,,5.6145,+-741.455,20,42,numpy float64 on quantized inputs,16,format_bound(c*LSB*(L+4)+0.01*peak),4.76837e-06,20,2048,0.499495267868042,0.14658721747076134,0.22982347543670428,60.18684192323994,0.0009787187395346808,741.7205917958692,2048.0,5,0.0,0.49944519996643066,0,,,,,,,257.2,
ops/conv/activation__tanh,conv,activation,tanh,float,,csim,ok,sweep(unbounded),0.001,741.4552001894673,,,,design,20,42,numpy float64 on float32 inputs,16,"float(rtol,atol_scale)",,20,2048,1.130264145610127e-07,1.5475216300259595e-08,1.8879259074096596e-08,153.89480009006434,2.019575044190655e-08,,,,,,,,,,,,,158.4,
ops/conv/activation__tanh,conv,activation,tanh,"fixed<16,5>",TRN/WRAP,csim,ok,sweep(window),0.001,0.0047568284600108856,0.004967431248293938,exceeds bound,2.4953,+-0.00475683,20,42,numpy float64 on quantized inputs,16,format_bound(c*LSB*(L+4)+0.01*peak),0.00976562,20,2048,0.009277304945262795,0.0025782732519223786,0.0038760473476069997,-2.9652775142463605,1.406902092967443,0.009151299335193524,64.0,0,,0.0,5,,,,,,,106.1,
ops/conv/activation__tanh,conv,activation,tanh,"fixed<32,10>",TRN/WRAP,csim,no_faithful_range,sweep(none),,,,,5.6145,,20,42,numpy float64 on quantized inputs,16,format_bound(c*LSB*(L+4)+0.01*peak),4.76837e-06,,,,,,,,,,,,,,,,,,,,328.8,no grid point was faithful
ops/conv/activation__thresholded_relu,conv,activation,thresholded_relu,float,,csim,ok,sweep(unbounded),0.001,741.4552001894673,,,,design,20,42,numpy float64 on float32 inputs,16,"float(rtol,atol_scale)",,20,2048,0.0,0.0,0.0,inf,0.0,,,,,,,,,,,,,147.1,
ops/conv/activation__thresholded_relu,conv,activation,thresholded_relu,"fixed<16,5>",TRN/WRAP,csim,ok,sweep(unbounded),0.001,23.170475005920835,,,2.4953,+-23.1705,20,42,numpy float64 on quantized inputs,16,format_bound(c*LSB*(L+4)+0.01*peak),0.00976562,20,2048,0.0,0.0,0.0,inf,0.0,23.17015401312544,64.0,5,0.0,0.0,0,,,,,,,140.5,
ops/conv/activation__thresholded_relu,conv,activation,thresholded_relu,"fixed<32,10>",TRN/WRAP,csim,ok,sweep(unbounded),0.001,741.4552001894673,,,5.6145,+-741.455,20,42,numpy float64 on quantized inputs,16,format_bound(c*LSB*(L+4)+0.01*peak),4.76837e-06,20,2048,0.0,0.0,0.0,inf,0.0,741.4449284200147,2048.0,5,0.0,0.0,0,,,,,,,185.8,
ops/conv/adaptive_avgpool,conv,adaptive_avgpool,,float,,csim,ok,sweep(unbounded),0.001,741.4552001894673,,,,design,20,42,numpy float64 on float32 inputs,1,"float(rtol,atol_scale)",,20,128,5.9138983488082886e-08,7.684753811076916e-09,1.0669435207223607e-08,142.3849668130188,7.598916272849939e-08,,,,,,,,,,,,,153.9,
ops/conv/adaptive_avgpool,conv,adaptive_avgpool,,"fixed<16,5>",TRN/WRAP,csim,ok,sweep(window),0.001,1.7210084033613473,2.138672706411347,,8.0,+-1.72101,20,42,numpy float64 on quantized inputs,1,format_bound(c*LSB*(L+4)+0.01*peak),0.00244141,20,128,0.000457763671875,0.00023046731948852539,0.0002694544296134214,59.05345041633553,0.001115135082787788,0.0007886888627920696,64.0,0,0.64375,9.9996337890625,0,,,,,,,145.4,
ops/conv/adaptive_avgpool,conv,adaptive_avgpool,,"fixed<32,10>",TRN/WRAP,csim,ok,sweep(window),0.001,57.51052655896063,71.46751476795049,,256.0,+-57.5105,20,42,numpy float64 on quantized inputs,1,format_bound(c*LSB*(L+4)+0.01*peak),1.19209e-06,20,128,2.2351741790771484e-07,1.1101947166025638e-07,1.3034024965876758e-07,155.8411713247555,1.61414086920595e-08,3.9124647877031293e-07,2048.0,0,0.64375,319.9999999701977,0,,,,,,,201.0,
ops/conv/batchnorm,conv,batchnorm,,float,,csim,ok,sweep(unbounded),0.001,741.4552001894673,,,,design,20,42,numpy float64 on float32 inputs,1,"float(rtol,atol_scale)",,20,2048,1.1270032054255807e-06,3.055519725957322e-08,5.744891275023644e-08,144.0144161473424,6.299110003276124e-08,,,,,,,,,,,,,342.1,
ops/conv/batchnorm,conv,batchnorm,,"fixed<16,5>",TRN/WRAP,csim,ok,sweep(window),0.06400000000000006,0.08667235500396121,0.09050966799187816,crash,2.8284,+-0.0866724,20,42,numpy float64 on quantized inputs,1,format_bound(c*LSB*(L+4)+0.01*peak),0.00244141,20,2048,0.0035958389287692183,0.000264453105716895,0.0003543744727924215,42.81133369810189,0.007234913033482423,0.05029869251013454,64.0,0,,0.0,5,,,,,,,260.8,
ops/conv/batchnorm,conv,batchnorm,,"fixed<32,10>",TRN/WRAP,csim,ok,sweep(window),0.001,11.094061440507046,11.585237502960416,exceeds bound,16.0,+-11.0941,20,42,numpy float64 on quantized inputs,1,format_bound(c*LSB*(L+4)+0.01*peak),1.19209e-06,20,2048,0.00021580148370503593,2.7466070515009026e-06,1.2358850665567175e-05,128.67346454502322,3.6840606623554236e-07,0.0003532876200438295,2048.0,0,,0.0,5,,,,,,,391.4,
ops/conv/conv__dense_bias0,conv,conv,dense_bias0,float,,csim,ok,sweep(unbounded),0.001,741.4552001894673,,,,design,20,42,numpy float64 on float32 inputs,576,"float(rtol,atol_scale)",,20,12544,3.5038306329227e-05,2.2050710543140283e-06,3.1785665227086517e-06,127.58596302227959,4.1754361688997414e-07,,,,,,,,,,,,,423.4,
ops/conv/conv__dense_bias0,conv,conv,dense_bias0,"fixed<16,5>",TRN/WRAP,csim,ok,sweep(window),0.001,0.6358311997816247,0.6639818519813179,exceeds bound,0.1179,+-0.635831,20,42,numpy float64 on quantized inputs,576,format_bound(c*LSB*(L+4)+0.01*peak),0.283203,20,12544,0.1553957462310791,0.1271578950892982,0.12910558122496174,27.545302905782805,0.04195027911214374,0.15996777617601943,64.0,0,0.9671077806122449,7999.858461856842,0,,,,,,,568.5,
ops/conv/conv__dense_bias0,conv,conv,dense_bias0,"fixed<32,10>",TRN/WRAP,csim,ok,sweep(window),0.001,3.296086586337281,4.096000000000006,exceeds bound,0.6667,+-3.29609,20,42,numpy float64 on quantized inputs,576,format_bound(c*LSB*(L+4)+0.01*peak),0.000138283,20,12544,7.53787765574998e-05,6.227992070786233e-05,6.323405177158414e-05,122.33151338228943,7.645824601327037e-07,0.00010994315178436409,2048.0,0,0.96875,8182783.9999302775,0,,,,,,,1238.7,
ops/conv/conv__dense_bias1,conv,conv,dense_bias1,float,,csim,ok,sweep(unbounded),0.001,741.4552001894673,,,,design,20,42,numpy float64 on float32 inputs,576,"float(rtol,atol_scale)",,20,12544,3.367079851557264e-05,2.218762739270483e-06,3.1996055335414543e-06,127.55542162600233,4.190143713992906e-07,,,,,,,,,,,,,426.0,
ops/conv/conv__dense_bias1,conv,conv,dense_bias1,"fixed<16,5>",TRN/WRAP,csim,ok,sweep(window),0.001,0.6358311997816247,0.6639818519813179,exceeds bound,0.1179,+-0.635831,20,42,numpy float64 on quantized inputs,576,format_bound(c*LSB*(L+4)+0.01*peak),0.283203,20,12544,0.1553957462310791,0.1271578950892982,0.12910558122496174,27.610621235118238,0.04163599409245616,0.1601651569066469,64.0,0,0.9670440051020408,7999.858461856842,0,,,,,,,567.2,
ops/conv/conv__dense_bias1,conv,conv,dense_bias1,"fixed<32,10>",TRN/WRAP,csim,ok,sweep(window),0.001,3.296086586337281,4.096000000000006,exceeds bound,0.6667,+-3.29609,20,42,numpy float64 on quantized inputs,576,format_bound(c*LSB*(L+4)+0.01*peak),0.000138283,20,12544,7.53787765574998e-05,6.227992070786233e-05,6.323405177158414e-05,122.33411618596102,7.643533805590598e-07,0.00011012777309815647,2048.0,0,0.968765943877551,8182783.9999302775,0,,,,,,,1247.5,
ops/conv/conv__grouped_bias0,conv,conv,grouped_bias0,float,,csim,ok,sweep(unbounded),0.001,741.4552001894673,,,,design,20,42,numpy float64 on float32 inputs,576,"float(rtol,atol_scale)",,20,12544,1.6504693434171713e-05,1.1118387887716834e-06,1.5989606111409736e-06,130.5341934301161,2.973653272664177e-07,,,,,,,,,,,,,426.7,
ops/conv/conv__grouped_bias0,conv,conv,grouped_bias0,"fixed<16,5>",TRN/WRAP,csim,ok,sweep(window),0.001,0.692916848704218,0.8610779292198049,exceeds bound,0.1179,+-0.692917,20,42,numpy float64 on quantized inputs,576,format_bound(c*LSB*(L+4)+0.01*peak),0.283203,20,12544,0.08222174644470215,0.0635797266221168,0.06457330969472125,32.0370843394939,0.025011848130636095,0.086709364354007,64.0,0,0.9685427295918367,6720.0706152915955,0,,,,,,,476.3,
ops/conv/conv__grouped_bias0,conv,conv,grouped_bias0,"fixed<32,10>",TRN/WRAP,csim,ok,sweep(window),0.001,3.9197296201373244,4.870992343051153,exceeds bound,0.6667,+-3.91973,20,42,numpy float64 on quantized inputs,576,format_bound(c*LSB*(L+4)+0.01*peak),0.000138283,20,12544,3.955099685981622e-05,3.114418999973268e-05,3.163040117194255e-05,128.33909916294567,3.8286444916301776e-07,6.826592903053097e-05,2048.0,0,0.9685905612244898,6888448.000033242,0,,,,,,,664.1,
ops/conv/conv__grouped_bias1,conv,conv,grouped_bias1,float,,csim,ok,sweep(unbounded),0.001,741.4552001894673,,,,design,20,42,numpy float64 on float32 inputs,576,"float(rtol,atol_scale)",,20,12544,1.692590229751545e-05,1.1251931483805539e-06,1.6178141369661627e-06,130.48621956102343,2.9901227821996205e-07,,,,,,,,,,,,,426.6,
ops/conv/conv__grouped_bias1,conv,conv,grouped_bias1,"fixed<16,5>",TRN/WRAP,csim,ok,sweep(window),0.001,0.7561349867210246,0.7896119426088668,exceeds bound,0.1179,+-0.756135,20,42,numpy float64 on quantized inputs,576,format_bound(c*LSB*(L+4)+0.01*peak),0.283203,20,12544,0.08005237579345703,0.06357352754804402,0.06456630643450995,33.64784251311713,0.02077819770834917,0.08748202418479956,64.0,0,0.9683673469387755,6720.0706152915955,0,,,,,,,475.1,
ops/conv/conv__grouped_bias1,conv,conv,grouped_bias1,"fixed<32,10>",TRN/WRAP,csim,ok,sweep(window),0.001,3.9197296201373244,4.870992343051153,exceeds bound,0.6667,+-3.91973,20,42,numpy float64 on quantized inputs,576,format_bound(c*LSB*(L+4)+0.01*peak),0.000138283,20,12544,3.955099685981622e-05,3.114418999973268e-05,3.163040117194255e-05,128.34293420369374,3.8269544210371007e-07,6.845148304535087e-05,2048.0,0,0.9685586734693877,6888448.000033242,0,,,,,,,670.0,
ops/conv/matrix_add,conv,matrix_add,,float,,csim,ok,sweep(unbounded),0.001,741.4552001894673,,,,design,20,42,numpy float64 on float32 inputs,1,"float(rtol,atol_scale)",,20,2048,5.960464477539063e-08,1.2857752236528075e-08,2.234182037257986e-08,151.22464898151753,2.7464237808675904e-08,,,,,,,,,,,,,389.0,
ops/conv/matrix_add,conv,matrix_add,,"fixed<16,5>",TRN/WRAP,csim,ok,sweep(window),0.001,7.844686075482729,8.192000000000014,exceeds bound,8.0,+-7.84469,20,42,numpy float64 on quantized inputs,1,format_bound(c*LSB*(L+4)+0.01*peak),0.00244141,20,2048,0.0,0.0,0.0,inf,0.0,0.0009739042342982174,64.0,0,0.25263671875,32.0,0,,,,,,,364.6,
ops/conv/matrix_add,conv,matrix_add,,"fixed<32,10>",TRN/WRAP,csim,ok,sweep(window),0.001,251.0299544154475,262.14400000000063,exceeds bound,256.0,+-251.03,20,42,numpy float64 on quantized inputs,1,format_bound(c*LSB*(L+4)+0.01*peak),1.19209e-06,20,2048,0.0,0.0,0.0,inf,0.0,4.7545614734190167e-07,2048.0,0,0.25263671875,1024.0,0,,,,,,,430.4,
ops/conv/maxpool,conv,maxpool,,float,,csim,ok,sweep(unbounded),0.001,741.4552001894673,,,,design,20,42,numpy float64 on float32 inputs,1,"float(rtol,atol_scale)",,20,512,0.0,0.0,0.0,inf,0.0,,,,,,,,,,,,,379.3,
ops/conv/maxpool,conv,maxpool,,"fixed<16,5>",TRN/WRAP,csim,ok,sweep(unbounded),0.001,23.170475005920835,,,8.0,+-23.1705,20,42,numpy float64 on quantized inputs,1,format_bound(c*LSB*(L+4)+0.01*peak),0.00244141,20,512,0.0,0.0,0.0,inf,0.0,32.00048736333395,64.0,5,0.0,0.0,0,,,,,,,343.4,
ops/conv/maxpool,conv,maxpool,,"fixed<32,10>",TRN/WRAP,csim,ok,sweep(unbounded),0.001,741.4552001894673,,,256.0,+-741.455,20,42,numpy float64 on quantized inputs,1,format_bound(c*LSB*(L+4)+0.01*peak),1.19209e-06,20,512,0.0,0.0,0.0,inf,0.0,1024.0000002346878,2048.0,5,0.0,0.0,0,,,,,,,417.1,
ops/gemm/activation__elu,gemm,activation,elu,float,,csim,error,,,,,,,,20,42,numpy float64 on float32 inputs,,,,,,,,,,,,,,,,,,,,,,,4.1,RuntimeError: CSIM build failed (rc=1); see /usr/scratch/awanna3/ForgeBench/_sweeps/verif_work/float/_vprep_activation__elu/vitis_trial0.log
ops/gemm/activation__elu,gemm,activation,elu,"fixed<16,5>",TRN/WRAP,csim,ok,sweep(unbounded),0.001,23.170475005920835,,,2.4953,+-23.1705,20,42,numpy float64 on quantized inputs,32,format_bound(c*LSB*(L+4)+0.01*peak),0.0175781,20,512,0.0005365915123820564,5.401728579252223e-05,0.0001272323928049042,95.27050290891748,1.7237522836925543e-05,24.16884359896492,64.0,5,0.0,0.0005300811400245076,0,,,,,,,358.2,
ops/gemm/activation__elu,gemm,activation,elu,"fixed<32,10>",TRN/WRAP,csim,error,,,,,,,,20,42,numpy float64 on quantized inputs,,,,,,,,,,,,,,,,,,,,,,,4.2,RuntimeError: CSIM build failed (rc=1); see /usr/scratch/awanna3/ForgeBench/_sweeps/verif_work/fixed_32_10_trn_wrap/_vprep_activation__elu/vitis_trial0.log
ops/gemm/activation__gelu,gemm,activation,gelu,float,,csim,error,,,,,,,,20,42,numpy float64 on float32 inputs,,,,,,,,,,,,,,,,,,,,,,,4.2,RuntimeError: CSIM build failed (rc=1); see /usr/scratch/awanna3/ForgeBench/_sweeps/verif_work/float/_vprep_activation__gelu/vitis_trial0.log
ops/gemm/activation__gelu,gemm,activation,gelu,"fixed<16,5>",TRN/WRAP,csim,ok,sweep(window),0.001,0.14576494524885666,0.15221851072034845,exceeds bound,2.4953,+-0.145765,20,42,numpy float64 on quantized inputs,32,format_bound(c*LSB*(L+4)+0.01*peak),0.0175781,20,512,0.017205820330031235,0.0030641046337644504,0.0054800748092701315,17.75655449497566,0.12947093228552242,0.017389562485525298,64.0,0,0.498046875,15.97119140625,2,,,,,,,286.8,
ops/gemm/activation__gelu,gemm,activation,gelu,"fixed<32,10>",TRN/WRAP,csim,ok,sweep(window),0.001,0.007336032345637373,0.007660826245588593,,5.6145,+-0.00733603,20,42,numpy float64 on quantized inputs,32,format_bound(c*LSB*(L+4)+0.01*peak),8.58307e-06,20,512,4.30431542783531e-05,7.215697952336347e-06,1.357693076434768e-05,43.87360430521685,0.006402060659102161,4.308886073842947e-05,2048.0,0,0.50625,510.452210187912,0,,,,,,,203.5,
ops/gemm/activation__hardsigmoid,gemm,activation,hardsigmoid,float,,csim,ok,sweep(unbounded),0.001,741.4552001894673,,,,design,20,42,numpy float64 on float32 inputs,32,"float(rtol,atol_scale)",,20,512,5.960464477539063e-08,5.218143430319745e-09,1.2461336239910007e-08,154.5193121294936,1.879465653347798e-08,,,,,,,,,,,,,378.1,
ops/gemm/activation__hardsigmoid,gemm,activation,hardsigmoid,"fixed<16,5>",TRN/WRAP,csim,ok,sweep(unbounded),0.001,23.170475005920835,,,2.4953,+-23.1705,20,42,numpy float64 on quantized inputs,32,format_bound(c*LSB*(L+4)+0.01*peak),0.0175781,20,512,0.00040690104166668517,2.7839342753092427e-05,9.208454100182191e-05,77.50362350692457,0.00013329652408469234,1.0,64.0,5,0.0,0.00040690104166668517,0,,,,,,,342.9,
ops/gemm/activation__hardsigmoid,gemm,activation,hardsigmoid,"fixed<32,10>",TRN/WRAP,csim,error,,,,,,,,20,42,numpy float64 on quantized inputs,,,,,,,,,,,,,,,,,,,,,,,4.3,RuntimeError: CSIM build failed (rc=1); see /usr/scratch/awanna3/ForgeBench/_sweeps/verif_work/fixed_32_10_trn_wrap/_vprep_activation__hardsigmoid/vitis_trial0.log
ops/gemm/activation__hardswish,gemm,activation,hardswish,float,,csim,ok,sweep(unbounded),0.001,741.4552001894673,,,,design,20,42,numpy float64 on float32 inputs,32,"float(rtol,atol_scale)",,20,512,2.9161574843783455e-07,9.778328818369829e-09,2.917726832925831e-08,160.99272219483504,8.91998019794806e-09,,,,,,,,,,,,,378.5,
ops/gemm/activation__hardswish,gemm,activation,hardswish,"fixed<16,5>",TRN/WRAP,csim,ok,sweep(unbounded),0.001,23.170475005920835,,,2.4953,+-23.1705,20,42,numpy float64 on quantized inputs,32,format_bound(c*LSB*(L+4)+0.01*peak),0.0175781,20,512,0.001601258913675796,5.474378122016832e-05,0.00018903865823110354,91.79073758915851,2.573138249162718e-05,23.16884359896492,64.0,5,0.0,0.0015497605005898585,0,,,,,,,344.9,
ops/gemm/activation__hardswish,gemm,activation,hardswish,"fixed<32,10>",TRN/WRAP,csim,error,,,,,,,,20,42,numpy float64 on quantized inputs,,,,,,,,,,,,,,,,,,,,,,,5.2,FileNotFoundError: [Errno 2] No such file or directory: '/usr/scratch/awanna3/ForgeBench/_sweeps/verif_work/fixed_32_10_trn_wrap/_vprep_activation__hardswish/vitis_trial0.log'
ops/gemm/activation__leaky_relu,gemm,activation,leaky_relu,float,,csim,ok,sweep(unbounded),0.001,741.4552001894673,,,,design,20,42,numpy float64 on float32 inputs,32,"float(rtol,atol_scale)",,20,512,5.36441803478116e-09,5.519659202119252e-10,1.1189715721896452e-09,189.36394094627212,3.402537753405007e-10,,,,,,,,,,,,,377.5,
ops/gemm/activation__leaky_relu,gemm,activation,leaky_relu,"fixed<16,5>",TRN/WRAP,csim,ok,sweep(unbounded),0.001,23.170475005920835,,,2.4953,+-23.1705,20,42,numpy float64 on quantized inputs,32,format_bound(c*LSB*(L+4)+0.01*peak),0.0175781,20,512,0.0037451171875000078,0.0009833369255065926,0.0015721646544513204,73.39558350272493,0.00021390494513152188,23.25526938021492,64.0,5,0.0,0.0037304687499999933,0,,,,,,,343.8,
ops/gemm/activation__leaky_relu,gemm,activation,leaky_relu,"fixed<32,10>",TRN/WRAP,csim,error,,,,,,,,20,42,numpy float64 on quantized inputs,,,,,,,,,,,,,,,,,,,,,,,4.4,RuntimeError: CSIM build failed (rc=1); see /usr/scratch/awanna3/ForgeBench/_sweeps/verif_work/fixed_32_10_trn_wrap/_vprep_activation__leaky_relu/vitis_trial0.log
ops/gemm/activation__prelu,gemm,activation,prelu,float,,csim,ok,sweep(unbounded),0.001,741.4552001894673,,,,design,20,42,numpy float64 on float32 inputs,32,"float(rtol,atol_scale)",,20,512,0.0,0.0,0.0,inf,0.0,,,,,,,,,,,,,378.7,
ops/gemm/activation__prelu,gemm,activation,prelu,"fixed<16,5>",TRN/WRAP,csim,ok,sweep(unbounded),0.001,23.170475005920835,,,2.4953,+-23.1705,20,42,numpy float64 on quantized inputs,32,format_bound(c*LSB*(L+4)+0.01*peak),0.0175781,20,512,0.0003662109375,9.192228317260742e-05,0.00016150637153638112,93.42473618206803,2.1318821381538558e-05,25.37685141146492,64.0,5,0.0,0.0003662109375,0,,,,,,,343.6,
ops/gemm/activation__prelu,gemm,activation,prelu,"fixed<32,10>",TRN/WRAP,csim,error,,,,,,,,20,42,numpy float64 on quantized inputs,,,,,,,,,,,,,,,,,,,,,,,5.1,FileNotFoundError: [Errno 2] No such file or directory: '/usr/scratch/awanna3/ForgeBench/_sweeps/verif_work/fixed_32_10_trn_wrap/_vprep_activation__prelu/vitis_trial0.log'
ops/gemm/activation__relu,gemm,activation,relu,float,,csim,ok,sweep(unbounded),0.001,741.4552001894673,,,,design,20,42,numpy float64 on float32 inputs,32,"float(rtol,atol_scale)",,20,512,0.0,0.0,0.0,inf,0.0,,,,,,,,,,,,,374.5,
ops/gemm/activation__relu,gemm,activation,relu,"fixed<16,5>",TRN/WRAP,csim,ok,sweep(unbounded),0.001,23.170475005920835,,,2.4953,+-23.1705,20,42,numpy float64 on quantized inputs,32,format_bound(c*LSB*(L+4)+0.01*peak),0.0175781,20,512,0.0,0.0,0.0,inf,0.0,23.16884359896492,64.0,5,0.0,0.0,0,,,,,,,342.7,
ops/gemm/activation__relu,gemm,activation,relu,"fixed<32,10>",TRN/WRAP,csim,error,,,,,,,,20,42,numpy float64 on quantized inputs,,,,,,,,,,,,,,,,,,,,,,,4.5,RuntimeError: CSIM build failed (rc=1); see /usr/scratch/awanna3/ForgeBench/_sweeps/verif_work/fixed_32_10_trn_wrap/_vprep_activation__relu/vitis_trial0.log
ops/gemm/activation__relu6,gemm,activation,relu6,float,,csim,ok,sweep(unbounded),0.001,741.4552001894673,,,,design,20,42,numpy float64 on float32 inputs,32,"float(rtol,atol_scale)",,20,512,0.0,0.0,0.0,inf,0.0,,,,,,,,,,,,,373.6,
ops/gemm/activation__relu6,gemm,activation,relu6,"fixed<16,5>",TRN/WRAP,csim,ok,sweep(unbounded),0.001,23.170475005920835,,,2.4953,+-23.1705,20,42,numpy float64 on quantized inputs,32,format_bound(c*LSB*(L+4)+0.01*peak),0.0175781,20,512,0.0,0.0,0.0,inf,0.0,6.0,64.0,5,0.0,0.0,0,,,,,,,340.7,
ops/gemm/activation__relu6,gemm,activation,relu6,"fixed<32,10>",TRN/WRAP,csim,ok,sweep(unbounded),0.001,741.4552001894673,,,5.6145,+-741.455,20,42,numpy float64 on quantized inputs,32,format_bound(c*LSB*(L+4)+0.01*peak),8.58307e-06,20,512,0.0,0.0,0.0,inf,0.0,6.0,2048.0,5,0.0,0.0,0,,,,,,,398.0,
ops/gemm/activation__rrelu,gemm,activation,rrelu,float,,csim,ok,sweep(unbounded),0.001,741.4552001894673,,,,design,20,42,numpy float64 on float32 inputs,32,"float(rtol,atol_scale)",,20,512,8.940696716308594e-08,1.1863192040290719e-08,2.3510812397348606e-08,163.13207506310647,6.972624006681744e-09,,,,,,,,,,,,,374.2,
ops/gemm/activation__rrelu,gemm,activation,rrelu,"fixed<16,5>",TRN/WRAP,csim,ok,sweep(unbounded),0.001,23.170475005920835,,,2.4953,+-23.1705,20,42,numpy float64 on quantized inputs,32,format_bound(c*LSB*(L+4)+0.01*peak),0.0175781,20,512,0.0025838216145830373,0.0006512671709060126,0.0010481283131738733,77.1392238332323,0.00013900768422371517,25.19130453646492,64.0,5,0.0,0.002532958984375,0,,,,,,,339.0,
ops/gemm/activation__rrelu,gemm,activation,rrelu,"fixed<32,10>",TRN/WRAP,csim,ok,sweep(unbounded),0.001,741.4552001894673,,,5.6145,+-741.455,20,42,numpy float64 on quantized inputs,32,format_bound(c*LSB*(L+4)+0.01*peak),8.58307e-06,20,512,8.128086724923378e-05,2.37654443463493e-05,3.7314320916763584e-05,136.213166885327,1.5464705562071724e-07,806.1647639847796,2048.0,5,0.0,8.135040600620869e-05,0,,,,,,,386.8,
ops/gemm/activation__selu,gemm,activation,selu,float,,csim,ok,sweep(unbounded),0.001,741.4552001894673,,,,design,20,42,numpy float64 on float32 inputs,32,"float(rtol,atol_scale)",,20,512,7.469680660676659e-07,9.31723681945049e-08,1.4490870890399987e-07,147.97781716012844,3.991251934040481e-08,,,,,,,,,,,,,364.2,
ops/gemm/activation__selu,gemm,activation,selu,"fixed<16,5>",TRN/WRAP,csim,ok,sweep(window),0.001,15.024194243865363,15.689372150965461,exceeds bound,2.4953,+-15.0242,20,42,numpy float64 on quantized inputs,32,format_bound(c*LSB*(L+4)+0.01*peak),0.0175781,20,512,0.00657695841108108,0.0019353669950116785,0.0027049008620369363,67.7399994899164,0.0004102041270760672,0.007017387737366931,64.0,0,0.021875,32.00698235103947,0,,,,,,,336.4,
ops/gemm/activation__selu,gemm,activation,selu,"fixed<32,10>",TRN/WRAP,csim,error,,,,,,,,20,42,numpy float64 on quantized inputs,,,,,,,,,,,,,,,,,,,,,,,4.2,RuntimeError: CSIM build failed (rc=1); see /usr/scratch/awanna3/ForgeBench/_sweeps/verif_work/fixed_32_10_trn_wrap/_vprep_activation__selu/vitis_trial0.log
ops/gemm/activation__sigmoid,gemm,activation,sigmoid,float,,csim,error,,,,,,,,20,42,numpy float64 on float32 inputs,,,,,,,,,,,,,,,,,,,,,,,4.2,RuntimeError: CSIM build failed (rc=1); see /usr/scratch/awanna3/ForgeBench/_sweeps/verif_work/float/_vprep_activation__sigmoid/vitis_trial0.log
ops/gemm/activation__sigmoid,gemm,activation,sigmoid,"fixed<16,5>",TRN/WRAP,csim,ok,sweep(window),0.001,5.792618751480207,6.049079893768199,exceeds bound,2.4953,+-5.79262,20,42,numpy float64 on quantized inputs,32,format_bound(c*LSB*(L+4)+0.01*peak),0.0175781,20,512,0.027232307834348626,0.003808919986363241,0.008869613228362987,37.24120522490186,0.01373851330785355,0.027231050024409814,64.0,0,0.32578125,0.030273324744827947,0,,,,,,,325.0,
ops/gemm/activation__sigmoid,gemm,activation,sigmoid,"fixed<32,10>",TRN/WRAP,csim,ok,sweep(unbounded),0.001,741.4552001894673,,,5.6145,+-741.455,20,42,numpy float64 on quantized inputs,32,format_bound(c*LSB*(L+4)+0.01*peak),8.58307e-06,20,512,0.0009756088256835938,0.0004824839890086393,0.0006858192308565624,60.2601969467845,0.000970487961825391,1.0,2048.0,5,0.0,0.0009756088256835938,0,,,,,,,353.8,
ops/gemm/activation__softmax,gemm,activation,softmax,float,,csim,error,,,,,,,,20,42,numpy float64 on float32 inputs,,,,,,,,,,,,,,,,,,,,,,,4.2,RuntimeError: CSIM build failed (rc=1); see /usr/scratch/awanna3/ForgeBench/_sweeps/verif_work/float/_vprep_activation__softmax/vitis_trial0.log
ops/gemm/activation__softmax,gemm,activation,softmax,"fixed<16,5>",TRN/WRAP,csim,ok,sweep(unbounded),1.4481546878700515,23.170475005920835,,,2.4953,+-23.1705,20,42,numpy float64 on quantized inputs,32,format_bound(c*LSB*(L+4)+0.01*peak),0.0175781,20,512,0.002112879167824433,0.00010856762467200338,0.00021567317040005303,53.70110648129643,0.0020651170671629393,0.9991970304007878,64.0,5,0.0,0.001960541413224659,0,,,,,,,316.6,
ops/gemm/activation__softmax,gemm,activation,softmax,"fixed<32,10>",TRN/WRAP,csim,ok,sweep(unbounded),0.001,741.4552001894673,,,5.6145,+-741.455,20,42,numpy float64 on quantized inputs,32,format_bound(c*LSB*(L+4)+0.01*peak),8.58307e-06,20,512,4.803518118301316e-07,7.42587560869353e-09,4.485425409823675e-08,131.77561319137627,2.5776226566548606e-07,1.0,2048.0,5,0.0,7.345671089176165e-07,0,,,,,,,350.5,
ops/gemm/activation__swish,gemm,activation,swish,float,,csim,ok,sweep(unbounded),0.001,741.4552001894673,,,,design,20,42,numpy float64 on float32 inputs,32,"float(rtol,atol_scale)",,20,512,8.753972817743261e-07,7.44278750750782e-08,1.4522327081480475e-07,147.0177107635677,4.457737201841685e-08,,,,,,,,,,,,,338.1,
ops/gemm/activation__swish,gemm,activation,swish,"fixed<16,5>",TRN/WRAP,csim,ok,sweep(window),0.001,4.096000000000006,4.277345412822694,exceeds bound,2.4953,+-4.096,20,42,numpy float64 on quantized inputs,32,format_bound(c*LSB*(L+4)+0.01*peak),0.0175781,20,512,0.05697042656471986,0.0026239078691701902,0.009374238519360104,44.60930347724981,0.005882132811602002,0.05696575581983436,64.0,0,0.314453125,0.4843731961374721,0,,,,,,,279.6,
ops/gemm/activation__swish,gemm,activation,swish,"fixed<32,10>",TRN/WRAP,csim,ok,sweep(unbounded),0.001,741.4552001894673,,,5.6145,+-741.455,20,42,numpy float64 on quantized inputs,32,format_bound(c*LSB*(L+4)+0.01*peak),8.58307e-06,20,512,0.49949145317077637,0.14621792927179483,0.22949987424883792,60.21264355410972,0.0009758157473041725,741.6786993123095,2048.0,5,0.0,0.49944257736206055,0,,,,,,,286.3,
ops/gemm/activation__tanh,gemm,activation,tanh,float,,csim,ok,sweep(unbounded),0.001,741.4552001894673,,,,design,20,42,numpy float64 on float32 inputs,32,"float(rtol,atol_scale)",,20,512,1.0270007455570607e-07,1.547064164550251e-08,1.897735196395875e-08,153.8402611352448,2.032295910451425e-08,,,,,,,,,,,,,242.7,
ops/gemm/activation__tanh,gemm,activation,tanh,"fixed<16,5>",TRN/WRAP,csim,ok,sweep(window),0.001,0.008724061861322066,0.009110309078053538,exceeds bound,2.4953,+-0.00872406,20,42,numpy float64 on quantized inputs,32,format_bound(c*LSB*(L+4)+0.01*peak),0.0175781,20,512,0.017089617445606956,0.004558125976790941,0.00710524722525564,-2.9677257325286712,1.4072987004580995,0.01702378891205156,64.0,0,,0.0,5,,,,,,,154.8,
ops/gemm/activation__tanh,gemm,activation,tanh,"fixed<32,10>",TRN/WRAP,csim,no_faithful_range,sweep(none),,,,,5.6145,,20,42,numpy float64 on quantized inputs,32,format_bound(c*LSB*(L+4)+0.01*peak),8.58307e-06,,,,,,,,,,,,,,,,,,,,219.8,no grid point was faithful
ops/gemm/activation__thresholded_relu,gemm,activation,thresholded_relu,float,,csim,ok,sweep(unbounded),0.001,741.4552001894673,,,,design,20,42,numpy float64 on float32 inputs,32,"float(rtol,atol_scale)",,20,512,0.0,0.0,0.0,inf,0.0,,,,,,,,,,,,,171.4,
ops/gemm/activation__thresholded_relu,gemm,activation,thresholded_relu,"fixed<16,5>",TRN/WRAP,csim,ok,sweep(unbounded),0.001,23.170475005920835,,,2.4953,+-23.1705,20,42,numpy float64 on quantized inputs,32,format_bound(c*LSB*(L+4)+0.01*peak),0.0175781,20,512,0.0,0.0,0.0,inf,0.0,23.16884359896492,64.0,5,0.0,0.0,0,,,,,,,152.8,
ops/gemm/activation__thresholded_relu,gemm,activation,thresholded_relu,"fixed<32,10>",TRN/WRAP,csim,ok,sweep(unbounded),0.001,741.4552001894673,,,5.6145,+-741.455,20,42,numpy float64 on quantized inputs,32,format_bound(c*LSB*(L+4)+0.01*peak),8.58307e-06,20,512,0.0,0.0,0.0,inf,0.0,741.402995166878,2048.0,5,0.0,0.0,0,,,,,,,174.4,
ops/gemm/dot_product__bias0,gemm,dot_product,bias0,float,,csim,ok,sweep(unbounded),0.001,741.4552001894673,,,,design,20,42,numpy float64 on float32 inputs,64,"float(rtol,atol_scale)",,20,1,1.6124130253203361e-06,4.523128067798754e-07,6.319073745169333e-07,136.23205254940981,1.543111729843112e-07,,,,,,,,,,,,,161.3,
ops/gemm/dot_product__bias0,gemm,dot_product,bias0,"fixed<16,5>",TRN/WRAP,csim,ok,sweep(window),0.001,1.325311045722363,2.332239123981708,exceeds bound,0.3536,+-1.32531,20,42,numpy float64 on quantized inputs,64,format_bound(c*LSB*(L+4)+0.01*peak),0.0332031,20,1,0.018129587173461914,0.015549409389495849,0.015590191620044104,53.28066164386278,0.0021675389871919325,0.020116623850370052,64.0,0,1.0,1055.984275817871,0,,,,,,,144.6,
ops/gemm/dot_product__bias0,gemm,dot_product,bias0,"fixed<32,10>",TRN/WRAP,csim,ok,sweep(window),0.001,7.844686075482729,8.192000000000014,,2.0,+-7.84469,20,42,numpy float64 on quantized inputs,64,format_bound(c*LSB*(L+4)+0.01*peak),1.62125e-05,20,1,8.396629482376738e-06,7.652754885612011e-06,7.667745037425843e-06,150.3347904654625,3.042709403815028e-08,2.7757848044984712e-05,2048.0,0,1.0,1090559.999992372,0,,,,,,,150.5,
ops/gemm/dot_product__bias1,gemm,dot_product,bias1,float,,csim,ok,sweep(unbounded),0.001,741.4552001894673,,,,design,20,42,numpy float64 on float32 inputs,64,"float(rtol,atol_scale)",,20,1,1.063699712311461e-06,2.2610972365555427e-07,3.5902481238732194e-07,140.80207035009227,9.117934803068683e-08,,,,,,,,,,,,,158.9,
ops/gemm/dot_product__bias1,gemm,dot_product,bias1,"fixed<16,5>",TRN/WRAP,csim,ok,sweep(window),0.001,1.325311045722363,2.332239123981708,,0.3536,+-1.32531,20,42,numpy float64 on quantized inputs,64,format_bound(c*LSB*(L+4)+0.01*peak),0.0332031,20,1,0.018129587173461914,0.015549409389495849,0.015590191620044104,53.01136808954911,0.002235793017646065,0.020482384933524722,64.0,0,1.0,1087.984275817871,0,,,,,,,142.1,
ops/gemm/dot_product__bias1,gemm,dot_product,bias1,"fixed<32,10>",TRN/WRAP,csim,ok,sweep(window),0.001,7.844686075482729,8.192000000000014,,2.0,+-7.84469,20,42,numpy float64 on quantized inputs,64,format_bound(c*LSB*(L+4)+0.01*peak),1.62125e-05,20,1,8.396629482376738e-06,7.652754885612011e-06,7.667745037425843e-06,150.28432728576254,3.0604383520562124e-08,2.7937344121653496e-05,2048.0,0,1.0,1090559.999992372,0,,,,,,,144.1,
ops/gemm/gemm__bias0,gemm,gemm,bias0,float,,csim,ok,sweep(unbounded),0.001,741.4552001894673,,,,design,20,42,numpy float64 on float32 inputs,64,"float(rtol,atol_scale)",,20,512,2.5944578601055923e-06,2.822070623580147e-07,3.91900178556444e-07,136.68569887803687,1.4645865992810028e-07,,,,,,,,,,,,,150.9,
ops/gemm/gemm__bias0,gemm,gemm,bias0,"fixed<16,5>",TRN/WRAP,csim,ok,sweep(window),0.001,1.1159358856828872,1.38675768006338,exceeds bound,0.3536,+-1.11594,20,42,numpy float64 on quantized inputs,64,format_bound(c*LSB*(L+4)+0.01*peak),0.0332031,20,512,0.02036118507385254,0.015569698507897555,0.01561077912217259,46.58633283118613,0.00468471697633493,0.024473498310637165,64.0,0,0.981640625,2336.0183930397034,0,,,,,,,135.5,
ops/gemm/gemm__bias0,gemm,gemm,bias0,"fixed<32,10>",TRN/WRAP,csim,ok,sweep(window),0.001,6.8886234337584415,7.193608848889047,exceeds bound,2.0,+-6.88862,20,42,numpy float64 on quantized inputs,64,format_bound(c*LSB*(L+4)+0.01*peak),1.62125e-05,20,512,9.843007944709825e-06,7.628960880973202e-06,7.648365525089445e-06,144.4031331911957,6.023422687931264e-08,3.0886014933173556e-05,2048.0,0,0.971484375,2398208.000007207,0,,,,,,,145.4,
ops/gemm/gemm__bias1,gemm,gemm,bias1,float,,csim,ok,sweep(unbounded),0.001,741.4552001894673,,,,design,20,42,numpy float64 on float32 inputs,64,"float(rtol,atol_scale)",,20,512,2.843932634277735e-06,2.938545948540517e-07,4.1057271724002803e-07,136.50235469850196,1.4958300895388205e-07,,,,,,,,,,,,,145.7,
ops/gemm/gemm__bias1,gemm,gemm,bias1,"fixed<16,5>",TRN/WRAP,csim,ok,sweep(window),0.001,1.1159358856828872,1.38675768006338,exceeds bound,0.3536,+-1.11594,20,42,numpy float64 on quantized inputs,64,format_bound(c*LSB*(L+4)+0.01*peak),0.0332031,20,512,0.02036118507385254,0.015569698507897555,0.01561077912217259,46.767026584391274,0.00458826687736685,0.024702512236216556,64.0,0,0.98203125,2336.0183930397034,0,,,,,,,130.2,
ops/gemm/gemm__bias1,gemm,gemm,bias1,"fixed<32,10>",TRN/WRAP,csim,ok,sweep(window),0.001,6.8886234337584415,7.193608848889047,exceeds bound,2.0,+-6.88862,20,42,numpy float64 on quantized inputs,64,format_bound(c*LSB*(L+4)+0.01*peak),1.62125e-05,20,512,9.843007944709825e-06,7.628960880973202e-06,7.648365525089445e-06,144.4112107334922,6.017823740996916e-08,3.0956004657411995e-05,2048.0,0,0.971484375,2397184.000007207,0,,,,,,,141.6,
ops/gemm/mmv__bias0,gemm,mmv,bias0,float,,csim,ok,sweep(unbounded),0.001,741.4552001894673,,,,design,20,42,numpy float64 on float32 inputs,64,"float(rtol,atol_scale)",,20,16,1.8253442917171014e-06,2.6196714726246103e-07,3.7633314426858086e-07,136.6685416875218,1.467482448353051e-07,,,,,,,,,,,,,140.8,
ops/gemm/mmv__bias0,gemm,mmv,bias0,"fixed<16,5>",TRN/WRAP,csim,ok,sweep(window),0.001,1.38675768006338,1.4481546878700515,exceeds bound,0.3536,+-1.38676,20,42,numpy float64 on quantized inputs,64,format_bound(c*LSB*(L+4)+0.01*peak),0.0332031,20,16,0.019173622131347656,0.01565757915377617,0.0157015345435005,49.94117148665964,0.003183768090368878,0.024903746408570626,64.0,0,0.9875,2080.0170521736145,0,,,,,,,117.6,
ops/gemm/mmv__bias0,gemm,mmv,bias0,"fixed<32,10>",TRN/WRAP,csim,ok,sweep(window),0.001,7.188815819870076,8.933439345993806,exceeds bound,2.0,+-7.18882,20,42,numpy float64 on quantized inputs,64,format_bound(c*LSB*(L+4)+0.01*peak),1.62125e-05,20,16,9.040640691182489e-06,7.6049384494680796e-06,7.6232717543763115e-06,144.80345736305918,5.7521093271440776e-08,2.408967809230944e-05,2048.0,0,0.9875,2142208.000008035,0,,,,,,,130.9,
ops/gemm/mmv__bias1,gemm,mmv,bias1,float,,csim,ok,sweep(unbounded),0.001,741.4552001894673,,,,design,20,42,numpy float64 on float32 inputs,64,"float(rtol,atol_scale)",,20,16,2.115736129404411e-06,2.7829073946123577e-07,4.133288145004115e-07,136.0031937216019,1.5843105489578298e-07,,,,,,,,,,,,,130.1,
ops/gemm/mmv__bias1,gemm,mmv,bias1,"fixed<16,5>",TRN/WRAP,csim,ok,sweep(window),0.001,1.38675768006338,1.4481546878700515,exceeds bound,0.3536,+-1.38676,20,42,numpy float64 on quantized inputs,64,format_bound(c*LSB*(L+4)+0.01*peak),0.0332031,20,16,0.019173622131347656,0.01565757915377617,0.0157015345435005,50.00982436254642,0.003158702919938247,0.02538313888586563,64.0,0,0.9875,2080.0170521736145,0,,,,,,,107.6,
ops/gemm/mmv__bias1,gemm,mmv,bias1,"fixed<32,10>",TRN/WRAP,csim,ok,sweep(window),0.001,7.844686075482729,8.192000000000014,exceeds bound,2.0,+-7.84469,20,42,numpy float64 on quantized inputs,64,format_bound(c*LSB*(L+4)+0.01*peak),1.62125e-05,20,16,9.214183819494792e-06,7.596086961392245e-06,7.613672718561796e-06,146.32823136653937,4.826012380205124e-08,2.6426280228974974e-05,2048.0,0,0.9875,2142208.000008035,0,,,,,,,116.5,
ops/gemm/vmm__bias0,gemm,vmm,bias0,float,,csim,ok,sweep(unbounded),0.001,741.4552001894673,,,,design,20,42,numpy float64 on float32 inputs,64,"float(rtol,atol_scale)",,20,16,6.528080893630772e-07,7.965450197463045e-08,1.1604753384756956e-07,141.3748712485033,8.536039922240689e-08,,,,,,,,,,,,,123.0,
ops/gemm/vmm__bias0,gemm,vmm,bias0,"fixed<16,5>",TRN/WRAP,csim,ok,sweep(window),0.001,1.7210084033613473,2.138672706411347,,0.3536,+-1.72101,20,42,numpy float64 on quantized inputs,64,format_bound(c*LSB*(L+4)+0.01*peak),0.0332031,20,16,0.005553483963012695,0.003957438468933106,0.00399660349250701,60.06514976487955,0.0009925274157591294,0.00881586090278752,64.0,0,0.925,831.9965620040894,0,,,,,,,109.8,
ops/gemm/vmm__bias0,gemm,vmm,bias0,"fixed<32,10>",TRN/WRAP,csim,ok,sweep(window),0.001,9.322740706308442,11.585237502960416,,2.0,+-9.32274,20,42,numpy float64 on quantized inputs,64,format_bound(c*LSB*(L+4)+0.01*peak),1.62125e-05,20,16,2.5861110657388053e-06,1.9162665729766104e-06,1.93493091496845e-06,155.71602453104578,1.637565851996407e-08,1.767891760096063e-05,2048.0,0,0.95,865279.9999983124,0,,,,,,,116.8,
ops/gemm/vmm__bias1,gemm,vmm,bias1,float,,csim,ok,sweep(unbounded),0.001,741.4552001894673,,,,design,20,42,numpy float64 on float32 inputs,64,"float(rtol,atol_scale)",,20,16,6.341854446034745e-07,9.287559187155098e-08,1.3015463182170854e-07,141.25350583520375,8.656148697367858e-08,,,,,,,,,,,,,120.4,
ops/gemm/vmm__bias1,gemm,vmm,bias1,"fixed<16,5>",TRN/WRAP,csim,ok,sweep(window),0.001,1.446225549043149,2.138672706411347,exceeds bound,0.3536,+-1.44623,20,42,numpy float64 on quantized inputs,64,format_bound(c*LSB*(L+4)+0.01*peak),0.0332031,20,16,0.005248308181762695,0.003899633139371872,0.003942266247725569,57.652097256831574,0.001310373607098811,0.009221197289131844,64.0,0,0.95,863.9965620040894,0,,,,,,,105.9,
ops/gemm/vmm__bias1,gemm,vmm,bias1,"fixed<32,10>",TRN/WRAP,csim,ok,sweep(window),0.001,9.322740706308442,11.585237502960416,,2.0,+-9.32274,20,42,numpy float64 on quantized inputs,64,format_bound(c*LSB*(L+4)+0.01*peak),1.62125e-05,20,16,2.5861110657388053e-06,1.9162665729766104e-06,1.93493091496845e-06,155.7517510288382,1.630844106647781e-08,1.7724261681451026e-05,2048.0,0,0.95,865279.9999983124,0,,,,,,,112.3,
ops/llm/activation__elu,llm,activation,elu,float,,csim,ok,sweep(unbounded),0.001,741.4552001894673,,,,design,20,42,numpy float64 on float32 inputs,128,"float(rtol,atol_scale)",,20,1024,5.0802025697294084e-08,7.5944173187376e-09,1.2652338069789136e-08,168.43989701414156,3.784470718182578e-09,,,,,,,,,,,,,136.0,
ops/llm/activation__elu,llm,activation,elu,"fixed<16,5>",TRN/WRAP,csim,ok,sweep(unbounded),0.001,23.170475005920835,,,2.4953,+-23.1705,20,42,numpy float64 on quantized inputs,128,format_bound(c*LSB*(L+4)+0.01*peak),0.0644531,20,1024,0.0005365915123820564,5.308312555789593e-05,0.00012577181576340764,95.39563159358649,1.6990979672887937e-05,24.17015401312544,64.0,5,0.0,0.0005363295687639269,0,,,,,,,113.8,
ops/llm/activation__elu,llm,activation,elu,"fixed<32,10>",TRN/WRAP,csim,ok,sweep(unbounded),0.001,741.4552001894673,,,5.6145,+-741.455,20,42,numpy float64 on quantized inputs,128,format_bound(c*LSB*(L+4)+0.01*peak),3.14713e-05,20,1024,2.4406551968336743e-07,1.4032121207010768e-09,1.4817346919685953e-08,204.0380202723427,6.282015250593637e-11,742.4449284200147,2048.0,5,0.0,2.438277398875144e-07,0,,,,,,,139.4,
ops/llm/activation__gelu,llm,activation,gelu,float,,csim,ok,sweep(unbounded),0.001,741.4552001894673,,,,design,20,42,numpy float64 on float32 inputs,128,"float(rtol,atol_scale)",,20,1024,4.251216179085304e-07,3.1577035706165896e-08,6.156895847030677e-08,154.52426826614106,1.87839354306606e-08,,,,,,,,,,,,,123.6,
ops/llm/activation__gelu,llm,activation,gelu,"fixed<16,5>",TRN/WRAP,csim,ok,sweep(window),0.001,0.27916997956230627,0.2915298904977134,exceeds bound,2.4953,+-0.27917,20,42,numpy float64 on quantized inputs,128,format_bound(c*LSB*(L+4)+0.01*peak),0.0644531,20,1024,0.06161831383628347,0.010529769214672816,0.019566134954621568,12.440475687789254,0.23876805166226295,0.061738497670235384,64.0,0,0.4921875,15.99658203125,3,,,,,,,116.1,
ops/llm/activation__gelu,llm,activation,gelu,"fixed<32,10>",TRN/WRAP,csim,ok,sweep(window),0.001,0.00993486249658788,0.010374716437208083,exceeds bound,5.6145,+-0.00993486,20,42,numpy float64 on quantized inputs,128,format_bound(c*LSB*(L+4)+0.01*peak),3.14713e-05,20,1024,7.894578738447833e-05,1.3192261218487823e-05,2.4852988102714947e-05,41.257300878467504,0.00865236747463789,7.89627960575889e-05,2048.0,0,0.496875,511.76165318489075,0,,,,,,,94.4,
ops/llm/activation__hardsigmoid,llm,activation,hardsigmoid,float,,csim,ok,sweep(unbounded),0.001,741.4552001894673,,,,design,20,42,numpy float64 on float32 inputs,128,"float(rtol,atol_scale)",,20,1024,5.960464477539063e-08,5.181832327893314e-09,1.2453794415543022e-08,154.51816581247957,1.8797137114879568e-08,,,,,,,,,,,,,107.0,
ops/llm/activation__hardsigmoid,llm,activation,hardsigmoid,"fixed<16,5>",TRN/WRAP,csim,ok,sweep(unbounded),0.001,23.170475005920835,,,2.4953,+-23.1705,20,42,numpy float64 on quantized inputs,128,format_bound(c*LSB*(L+4)+0.01*peak),0.0644531,20,1024,0.00040690104166668517,2.7056535085042284e-05,9.014136723849912e-05,77.70103540308739,0.00013030114434730102,1.0,64.0,5,0.0,0.00040690104166668517,0,,,,,,,97.6,
ops/llm/activation__hardsigmoid,llm,activation,hardsigmoid,"fixed<32,10>",TRN/WRAP,csim,ok,sweep(unbounded),0.001,741.4552001894673,,,5.6145,+-741.455,20,42,numpy float64 on quantized inputs,128,format_bound(c*LSB*(L+4)+0.01*peak),3.14713e-05,20,1024,1.9868214928830952e-07,4.423782229512461e-10,7.999501332036476e-09,158.93291929199773,1.1307172960027836e-08,1.0,2048.0,5,0.0,1.9868214924667615e-07,0,,,,,,,120.3,
ops/llm/activation__hardswish,llm,activation,hardswish,float,,csim,ok,sweep(unbounded),0.001,741.4552001894673,,,,design,20,42,numpy float64 on float32 inputs,128,"float(rtol,atol_scale)",,20,1024,2.9161574843783455e-07,9.581038914535961e-09,2.8738738826790894e-08,161.10838909970244,8.801983396755074e-09,,,,,,,,,,,,,104.8,
ops/llm/activation__hardswish,llm,activation,hardswish,"fixed<16,5>",TRN/WRAP,csim,ok,sweep(unbounded),0.001,23.170475005920835,,,2.4953,+-23.1705,20,42,numpy float64 on quantized inputs,128,format_bound(c*LSB*(L+4)+0.01*peak),0.0644531,20,1024,0.001601258913675796,5.417462477150097e-05,0.00018618661656495873,91.94784727141058,2.527013932809605e-05,23.17015401312544,64.0,5,0.0,0.0015497605005898585,0,,,,,,,96.5,
ops/llm/activation__hardswish,llm,activation,hardswish,"fixed<32,10>",TRN/WRAP,csim,ok,sweep(unbounded),0.001,741.4552001894673,,,5.6145,+-741.455,20,42,numpy float64 on quantized inputs,128,format_bound(c*LSB*(L+4)+0.01*peak),3.14713e-05,20,1024,7.605167509083799e-07,8.38480844988773e-10,1.6800385030110144e-08,202.94700562103074,7.12278308943351e-11,741.4449284200147,2048.0,5,0.0,5.503705722276209e-07,0,,,,,,,119.2,
ops/llm/activation__leaky_relu,llm,activation,leaky_relu,float,,csim,ok,sweep(unbounded),0.001,741.4552001894673,,,,design,20,42,numpy float64 on float32 inputs,128,"float(rtol,atol_scale)",,20,1024,5.36441803478116e-09,5.576736291933578e-10,1.1309022153015282e-09,189.2553144187241,3.4453573957823315e-10,,,,,,,,,,,,,106.0,
ops/llm/activation__leaky_relu,llm,activation,leaky_relu,"fixed<16,5>",TRN/WRAP,csim,ok,sweep(unbounded),0.001,23.170475005920835,,,2.4953,+-23.1705,20,42,numpy float64 on quantized inputs,128,format_bound(c*LSB*(L+4)+0.01*peak),0.0644531,20,1024,0.0037451171875000078,0.0009858212471008311,0.0015757315297100765,73.40099725672837,0.00021377166368456138,23.25657979437544,64.0,5,0.0,0.0037304687499999933,0,,,,,,,95.2,
ops/llm/activation__leaky_relu,llm,activation,leaky_relu,"fixed<32,10>",TRN/WRAP,csim,ok,sweep(unbounded),0.001,741.4552001894673,,,5.6145,+-741.455,20,42,numpy float64 on quantized inputs,128,format_bound(c*LSB*(L+4)+0.01*peak),3.14713e-05,20,1024,4.866123199498418e-06,1.374068786422346e-06,2.1722501550954315e-06,160.7156270879406,9.209130888567592e-09,744.2704765920117,2048.0,5,0.0,4.8780441286311316e-06,0,,,,,,,119.9,
ops/llm/activation__prelu,llm,activation,prelu,float,,csim,ok,sweep(unbounded),0.001,741.4552001894673,,,,design,20,42,numpy float64 on float32 inputs,128,"float(rtol,atol_scale)",,20,1024,0.0,0.0,0.0,inf,0.0,,,,,,,,,,,,,104.2,
ops/llm/activation__prelu,llm,activation,prelu,"fixed<16,5>",TRN/WRAP,csim,ok,sweep(unbounded),0.001,23.170475005920835,,,2.4953,+-23.1705,20,42,numpy float64 on quantized inputs,128,format_bound(c*LSB*(L+4)+0.01*peak),0.0644531,20,1024,0.0003662109375,9.114742279052735e-05,0.00016079752167792334,93.48742876136524,2.1165501438193954e-05,25.37767354437544,64.0,5,0.0,0.0003662109375,0,,,,,,,94.6,
ops/llm/activation__prelu,llm,activation,prelu,"fixed<32,10>",TRN/WRAP,csim,ok,sweep(unbounded),0.001,741.4552001894673,,,5.6145,+-741.455,20,42,numpy float64 on quantized inputs,128,format_bound(c*LSB*(L+4)+0.01*peak),3.14713e-05,20,1024,1.7881393432617188e-07,4.4112675823271276e-08,7.800792576000878e-08,189.87340172463945,3.208705906866967e-10,812.083696377702,2048.0,5,0.0,1.7881393432617188e-07,0,,,,,,,144.7,
ops/llm/activation__relu,llm,activation,relu,float,,csim,ok,sweep(unbounded),0.001,741.4552001894673,,,,design,20,42,numpy float64 on float32 inputs,128,"float(rtol,atol_scale)",,20,1024,0.0,0.0,0.0,inf,0.0,,,,,,,,,,,,,104.7,
ops/llm/activation__relu,llm,activation,relu,"fixed<16,5>",TRN/WRAP,csim,ok,sweep(unbounded),0.001,23.170475005920835,,,2.4953,+-23.1705,20,42,numpy float64 on quantized inputs,128,format_bound(c*LSB*(L+4)+0.01*peak),0.0644531,20,1024,0.0,0.0,0.0,inf,0.0,23.17015401312544,64.0,5,0.0,0.0,0,,,,,,,94.4,
ops/llm/activation__relu,llm,activation,relu,"fixed<32,10>",TRN/WRAP,csim,ok,sweep(unbounded),0.001,741.4552001894673,,,5.6145,+-741.455,20,42,numpy float64 on quantized inputs,128,format_bound(c*LSB*(L+4)+0.01*peak),3.14713e-05,20,1024,0.0,0.0,0.0,inf,0.0,741.4449284200147,2048.0,5,0.0,0.0,0,,,,,,,147.5,
ops/llm/activation__relu6,llm,activation,relu6,float,,csim,ok,sweep(unbounded),0.001,741.4552001894673,,,,design,20,42,numpy float64 on float32 inputs,128,"float(rtol,atol_scale)",,20,1024,0.0,0.0,0.0,inf,0.0,,,,,,,,,,,,,105.5,
ops/llm/activation__relu6,llm,activation,relu6,"fixed<16,5>",TRN/WRAP,csim,ok,sweep(unbounded),0.001,23.170475005920835,,,2.4953,+-23.1705,20,42,numpy float64 on quantized inputs,128,format_bound(c*LSB*(L+4)+0.01*peak),0.0644531,20,1024,0.0,0.0,0.0,inf,0.0,6.0,64.0,5,0.0,0.0,0,,,,,,,94.9,
ops/llm/activation__relu6,llm,activation,relu6,"fixed<32,10>",TRN/WRAP,csim,ok,sweep(unbounded),0.001,741.4552001894673,,,5.6145,+-741.455,20,42,numpy float64 on quantized inputs,128,format_bound(c*LSB*(L+4)+0.01*peak),3.14713e-05,20,1024,0.0,0.0,0.0,inf,0.0,6.0,2048.0,5,0.0,0.0,0,,,,,,,178.8,
ops/llm/activation__rrelu,llm,activation,rrelu,float,,csim,ok,sweep(unbounded),0.001,741.4552001894673,,,,design,20,42,numpy float64 on float32 inputs,128,"float(rtol,atol_scale)",,20,1024,8.940696716308594e-08,1.2001440505000696e-08,2.371785390740615e-08,163.04116116863665,7.045988687375972e-09,,,,,,,,,,,,,107.0,
ops/llm/activation__rrelu,llm,activation,rrelu,"fixed<16,5>",TRN/WRAP,csim,ok,sweep(unbounded),0.001,23.170475005920835,,,2.4953,+-23.1705,20,42,numpy float64 on quantized inputs,128,format_bound(c*LSB*(L+4)+0.01*peak),0.0644531,20,1024,0.002593994140625,0.0006514658530552638,0.001048168859587681,77.16346714869294,0.0001386202387674208,25.19261495062544,64.0,5,0.0,0.0025533040364580373,0,,,,,,,96.3,
ops/llm/activation__rrelu,llm,activation,rrelu,"fixed<32,10>",TRN/WRAP,csim,ok,sweep(unbounded),0.001,741.4552001894673,,,5.6145,+-741.455,20,42,numpy float64 on quantized inputs,128,format_bound(c*LSB*(L+4)+0.01*peak),3.14713e-05,20,1024,8.130073547363281e-05,2.3807245935496012e-05,3.7377278032213725e-05,136.22310260654888,1.5447025720177927e-07,806.197087538667,2048.0,5,0.0,8.135040600620869e-05,0,,,,,,,238.5,
ops/llm/activation__selu,llm,activation,selu,float,,csim,ok,sweep(unbounded),0.001,741.4552001894673,,,,design,20,42,numpy float64 on float32 inputs,128,"float(rtol,atol_scale)",,20,1024,7.544933424696865e-07,9.34824455693809e-08,1.4508688620681118e-07,147.95411846249453,4.002156588717378e-08,,,,,,,,,,,,,364.5,
ops/llm/activation__selu,llm,activation,selu,"fixed<16,5>",TRN/WRAP,csim,ok,sweep(window),0.001,15.024194243865363,15.689372150965461,exceeds bound,2.4953,+-15.0242,20,42,numpy float64 on quantized inputs,128,format_bound(c*LSB*(L+4)+0.01*peak),0.0644531,20,1024,0.006601714752562771,0.00193170126617985,0.0027002472946496413,67.73942185535408,0.0004102314076391744,0.007017387737366931,64.0,0,0.0212890625,32.00698235103947,0,,,,,,,289.8,
ops/llm/activation__selu,llm,activation,selu,"fixed<32,10>",TRN/WRAP,csim,ok,sweep(window),0.001,480.77421580369196,502.0599088308951,exceeds bound,5.6145,+-480.774,20,42,numpy float64 on quantized inputs,128,format_bound(c*LSB*(L+4)+0.01*peak),3.14713e-05,20,1024,4.078499654269763e-05,1.04058724991769e-05,1.6725048286507263e-05,141.86280083517366,8.069747727655437e-08,4.0938339225249365e-05,2048.0,0,0.0212890625,1024.00004339294,0,,,,,,,578.7,
ops/llm/activation__sigmoid,llm,activation,sigmoid,float,,csim,ok,sweep(unbounded),0.001,741.4552001894673,,,,design,20,42,numpy float64 on float32 inputs,128,"float(rtol,atol_scale)",,20,1024,8.859522249160534e-08,1.590426275865689e-08,2.522370092960786e-08,148.39240831880429,3.805218364639608e-08,,,,,,,,,,,,,462.1,
ops/llm/activation__sigmoid,llm,activation,sigmoid,"fixed<16,5>",TRN/WRAP,csim,ok,sweep(window),0.001,7.51209712193268,7.844686075482729,,2.4953,+-7.5121,20,42,numpy float64 on quantized inputs,128,format_bound(c*LSB*(L+4)+0.01*peak),0.0644531,20,1024,0.029727095410785272,0.00628303131892214,0.012483097153266528,34.46203362596174,0.018919006163960708,0.029726910349243404,64.0,5,0.0,0.030273324744827947,0,,,,,,,259.1,
ops/llm/activation__sigmoid,llm,activation,sigmoid,"fixed<32,10>",TRN/WRAP,csim,ok,sweep(unbounded),0.001,741.4552001894673,,,5.6145,+-741.455,20,42,numpy float64 on quantized inputs,128,format_bound(c*LSB*(L+4)+0.01*peak),3.14713e-05,20,1024,0.0009756088256835938,0.0004811966939756394,0.0006848986320791322,60.28184494668529,0.0009680722087818613,1.0,2048.0,5,0.0,0.0009756088256835938,0,,,,,,,522.4,
ops/llm/activation__softmax,llm,activation,softmax,float,,csim,ok,sweep(window),0.001,65.53600000000014,88.7524915240564,exceeds bound,,design,20,42,numpy float64 on float32 inputs,128,"float(rtol,atol_scale)",,20,1024,5.443396183801852e-08,1.029546794175039e-09,3.705078816897098e-09,135.4877842479609,1.6811667330832857e-07,,,,,,,,,,,,,577.0,
ops/llm/activation__softmax,llm,activation,softmax,"fixed<16,5>",TRN/WRAP,csim,no_faithful_range,sweep(none),,,,,2.4953,,20,42,numpy float64 on quantized inputs,128,format_bound(c*LSB*(L+4)+0.01*peak),0.0644531,,,,,,,,,,,,,,,,,,,,93.1,no grid point was faithful
ops/llm/activation__softmax,llm,activation,softmax,"fixed<32,10>",TRN/WRAP,csim,ok,sweep(window),0.001,2.7735153601267606,2.8963093757401035,,5.6145,+-2.77352,20,42,numpy float64 on quantized inputs,128,format_bound(c*LSB*(L+4)+0.01*peak),3.14713e-05,20,1024,2.3881239874339044e-07,1.2008303003077073e-07,1.3835004268495095e-07,99.47532653712452,1.0622669586406508e-05,2.408107859161457e-07,2048.0,0,0.4935546875,482.86764693260193,0,,,,,,,256.0,
ops/llm/activation__swish,llm,activation,swish,float,,csim,ok,sweep(unbounded),0.001,741.4552001894673,,,,design,20,42,numpy float64 on float32 inputs,128,"float(rtol,atol_scale)",,20,1024,8.753972817743261e-07,7.379528761311539e-08,1.439800165470225e-07,147.07562395686836,4.428114092484596e-08,,,,,,,,,,,,,513.6,
ops/llm/activation__swish,llm,activation,swish,"fixed<16,5>",TRN/WRAP,csim,ok,sweep(window),0.001,4.870992343051153,5.086649598252999,exceeds bound,2.4953,+-4.87099,20,42,numpy float64 on quantized inputs,128,format_bound(c*LSB*(L+4)+0.01*peak),0.0644531,20,1024,0.110393881366683,0.008973679363023042,0.025642014226170084,37.51561431922599,0.01331126360858362,0.11039160012346452,64.0,0,0.26875,0.4843731961374721,0,,,,,,,283.6,
ops/llm/activation__swish,llm,activation,swish,"fixed<32,10>",TRN/WRAP,csim,ok,sweep(unbounded),0.001,741.4552001894673,,,5.6145,+-741.455,20,42,numpy float64 on quantized inputs,128,format_bound(c*LSB*(L+4)+0.01*peak),3.14713e-05,20,1024,0.49949145317077637,0.1464728811459795,0.22988809508658545,60.22306063379365,0.0009746461426154742,741.7205917958692,2048.0,5,0.0,0.49944257736206055,0,,,,,,,592.7,
ops/llm/activation__tanh,llm,activation,tanh,float,,csim,ok,sweep(unbounded),0.001,741.4552001894673,,,,design,20,42,numpy float64 on float32 inputs,128,"float(rtol,atol_scale)",,20,1024,1.0529374061540864e-07,1.548426352728439e-08,1.8917557671728996e-08,153.87354567889648,2.0245230048157672e-08,,,,,,,,,,,,,399.8,
ops/llm/activation__tanh,llm,activation,tanh,"fixed<16,5>",TRN/WRAP,csim,ok,sweep(window),0.001,0.03200000000000002,0.03341676103767727,exceeds bound,2.4953,+-0.032,20,42,numpy float64 on quantized inputs,128,format_bound(c*LSB*(L+4)+0.01*peak),0.0644531,20,1024,0.06395369206949282,0.016178754753593587,0.026076195156005625,-2.9812238356055403,1.4094873801900916,0.063724310936413,64.0,0,,0.0,5,,,,,,,130.7,
ops/llm/activation__tanh,llm,activation,tanh,"fixed<32,10>",TRN/WRAP,csim,no_faithful_range,sweep(none),,,,,5.6145,,20,42,numpy float64 on quantized inputs,128,format_bound(c*LSB*(L+4)+0.01*peak),3.14713e-05,,,,,,,,,,,,,,,,,,,,579.2,no grid point was faithful
ops/llm/activation__thresholded_relu,llm,activation,thresholded_relu,float,,csim,ok,sweep(unbounded),0.001,741.4552001894673,,,,design,20,42,numpy float64 on float32 inputs,128,"float(rtol,atol_scale)",,20,1024,0.0,0.0,0.0,inf,0.0,,,,,,,,,,,,,345.1,
ops/llm/activation__thresholded_relu,llm,activation,thresholded_relu,"fixed<16,5>",TRN/WRAP,csim,ok,sweep(unbounded),0.001,23.170475005920835,,,2.4953,+-23.1705,20,42,numpy float64 on quantized inputs,128,format_bound(c*LSB*(L+4)+0.01*peak),0.0644531,20,1024,0.0,0.0,0.0,inf,0.0,23.17015401312544,64.0,5,0.0,0.0,0,,,,,,,292.6,
ops/llm/activation__thresholded_relu,llm,activation,thresholded_relu,"fixed<32,10>",TRN/WRAP,csim,ok,sweep(unbounded),0.001,741.4552001894673,,,5.6145,+-741.455,20,42,numpy float64 on quantized inputs,128,format_bound(c*LSB*(L+4)+0.01*peak),3.14713e-05,20,1024,0.0,0.0,0.0,inf,0.0,741.4449284200147,2048.0,5,0.0,0.0,0,,,,,,,603.9,
ops/llm/dropout,llm,dropout,,float,,csim,ok,sweep(unbounded),0.001,741.4552001894673,,,,design,20,42,numpy float64 on float32 inputs,1,"float(rtol,atol_scale)",,20,256,0.0,0.0,0.0,inf,0.0,,,,,,,,,,,,,494.0,
ops/llm/dropout,llm,dropout,,"fixed<16,5>",TRN/WRAP,csim,ok,sweep(unbounded),0.001,23.170475005920835,,,8.0,+-23.1705,20,42,numpy float64 on quantized inputs,1,format_bound(c*LSB*(L+4)+0.01*peak),0.00244141,20,256,0.0,0.0,0.0,inf,0.0,32.00048824185181,64.0,5,0.0,0.0,0,,,,,,,384.9,
ops/llm/dropout,llm,dropout,,"fixed<32,10>",TRN/WRAP,csim,ok,sweep(unbounded),0.001,741.4552001894673,,,256.0,+-741.455,20,42,numpy float64 on quantized inputs,1,format_bound(c*LSB*(L+4)+0.01*peak),1.19209e-06,20,256,0.0,0.0,0.0,inf,0.0,1024.0000002384159,2048.0,5,0.0,0.0,0,,,,,,,632.1,
ops/llm/elementwise_mult,llm,elementwise_mult,,float,,csim,ok,sweep(unbounded),0.001,741.4552001894673,,,,design,20,42,numpy float64 on float32 inputs,1,"float(rtol,atol_scale)",,20,1024,2.9800439449445548e-08,5.349757983488733e-09,8.325061151429251e-09,152.0376360573875,2.5010259456765462e-08,,,,,,,,,,,,,548.9,
ops/llm/elementwise_mult,llm,elementwise_mult,,"fixed<16,5>",TRN/WRAP,csim,ok,sweep(window),0.001,3.922343037741364,4.096000000000006,exceeds bound,8.0,+-3.92234,20,42,numpy float64 on quantized inputs,1,format_bound(c*LSB*(L+4)+0.01*peak),0.00244141,20,1024,0.00048804283142089844,0.00024284354876726865,0.0002807409822227293,85.22107596914198,5.48209051030312e-05,0.0038325585275380547,64.0,0,0.76640625,256.00022077560425,0,,,,,,,465.1,
ops/llm/elementwise_mult,llm,elementwise_mult,,"fixed<32,10>",TRN/WRAP,csim,ok,sweep(window),0.001,22.188122881014092,23.170475005920835,exceeds bound,256.0,+-22.1881,20,42,numpy float64 on quantized inputs,1,format_bound(c*LSB*(L+4)+0.01*peak),1.19209e-06,20,1024,2.3841846541472478e-07,1.183115115682698e-07,1.3675395833512106e-07,181.57140908639656,8.345061578096054e-10,9.711251266253385e-06,2048.0,0,0.946875,257023.99999990666,0,,,,,,,605.5,
ops/llm/layernorm,llm,layernorm,,float,,csim,ok,sweep(unbounded),0.001,741.4552001894673,,,,design,20,42,numpy float64 on float32 inputs,32,"float(rtol,atol_scale)",,20,256,2.6621370530222066e-07,3.0847712840970276e-08,4.621333979004774e-08,144.84754648871726,5.722985895347828e-08,,,,,,,,,,,,,680.5,
ops/llm/layernorm,llm,layernorm,,"fixed<16,5>",TRN/WRAP,csim,ok,sweep(window),0.001,0.898601977483759,1.1166799182492253,,0.5,+-0.898602,20,42,numpy float64 on quantized inputs,32,format_bound(c*LSB*(L+4)+0.01*peak),0.0175781,20,256,0.004558233595102212,0.0005353530454987682,0.0007148563887322569,60.1141974772505,0.0009869385800226295,0.004557091003485336,64.0,0,,0.0,5,,,,,,,509.5,
ops/llm/layernorm,llm,layernorm,,"fixed<32,10>",TRN/WRAP,csim,ok,sweep(window),0.001,5.08326041493126,6.316895540870936,,2.8284,+-5.08326,20,42,numpy float64 on quantized inputs,32,format_bound(c*LSB*(L+4)+0.01*peak),8.58307e-06,20,256,1.7545117714234948e-06,3.1914721345665944e-07,4.222135201337456e-07,139.82035440512507,1.020897827778478e-07,2.2294492669772126e-06,2048.0,0,,0.0,5,,,,,,,652.1,
ops/llm/matmul,llm,matmul,,float,,csim,ok,sweep(unbounded),0.001,741.4552001894673,,,,design,20,42,numpy float64 on float32 inputs,32,"float(rtol,atol_scale)",,20,1024,1.5996869358048116e-06,1.4659486324338097e-07,2.049719908641664e-07,139.28891585992346,1.085311005616861e-07,,,,,,,,,,,,,784.6,
ops/llm/matmul,llm,matmul,,"fixed<16,5>",TRN/WRAP,csim,ok,sweep(window),0.001,1.2169367124958417,1.5122699734420495,exceeds bound,0.5,+-1.21694,20,42,numpy float64 on quantized inputs,32,format_bound(c*LSB*(L+4)+0.01*peak),0.0175781,20,1024,0.010661125183105469,0.007788266986608505,0.007829260642615478,51.059177232650214,0.0027992464645548026,0.014560616738552912,64.0,0,0.97421875,1759.992424249649,0,,,,,,,649.6,
ops/llm/matmul,llm,matmul,,"fixed<32,10>",TRN/WRAP,csim,ok,sweep(window),0.001,6.88403361344539,8.55469082564539,exceeds bound,2.8284,+-6.88403,20,42,numpy float64 on quantized inputs,32,format_bound(c*LSB*(L+4)+0.01*peak),8.58307e-06,20,1024,5.242263114269008e-06,3.818468869873359e-06,3.838488990814117e-06,147.35331956007911,4.288782498771876e-08,1.943773631296608e-05,2048.0,0,0.975390625,1809407.999995234,0,,,,,,,773.4,
ops/llm/matrix_add,llm,matrix_add,,float,,csim,ok,sweep(unbounded),0.001,741.4552001894673,,,,design,20,42,numpy float64 on float32 inputs,1,"float(rtol,atol_scale)",,20,256,5.960464477539063e-08,1.339515307563488e-08,2.2955638532898845e-08,151.09611813164335,2.7873666107426857e-08,,,,,,,,,,,,,856.2,
ops/llm/matrix_add,llm,matrix_add,,"fixed<16,5>",TRN/WRAP,csim,ok,sweep(window),0.001,7.844686075482729,8.192000000000014,exceeds bound,8.0,+-7.84469,20,42,numpy float64 on quantized inputs,1,format_bound(c*LSB*(L+4)+0.01*peak),0.00244141,20,256,0.0,0.0,0.0,inf,0.0,0.0009711405433581177,64.0,0,0.26328125,32.0,0,,,,,,,811.8,
ops/llm/matrix_add,llm,matrix_add,,"fixed<32,10>",TRN/WRAP,csim,ok,sweep(window),0.001,220.28907563025265,273.7501064206526,exceeds bound,256.0,+-220.289,20,42,numpy float64 on quantized inputs,1,format_bound(c*LSB*(L+4)+0.01*peak),1.19209e-06,20,256,0.0,0.0,0.0,inf,0.0,4.724553832602396e-07,2048.0,0,0.26328125,1024.0,0,,,,,,,1038.6,
ops/llm/mha__rope0_dense,llm,mha,rope0_dense,float,,csim,ok,sweep(window),0.001,5.792618751480208,2.8963093757401035,exceeds bound,,design,20,42,numpy float64 on float32 inputs,16,"float(rtol,atol_scale)",,20,2048,0.00020265860076218445,3.013172394092252e-06,8.565316405185028e-06,115.6434592923428,1.651304009422126e-06,,,,,,,,,,,,,1101.8,
ops/llm/mha__rope0_dense,llm,mha,rope0_dense,"fixed<16,5>",TRN/WRAP,csim,no_faithful_range,sweep(none),,,,,0.7071,,20,42,numpy float64 on quantized inputs,16,format_bound(c*LSB*(L+4)+0.01*peak),0.00976562,,,,,,,,,,,,,,,,,,,,880.3,no grid point was faithful
ops/llm/mha__rope0_dense,llm,mha,rope0_dense,"fixed<32,10>",TRN/WRAP,csim,ok,sweep(window),0.03200000000000002,0.9390121402415846,0.9805857594353408,,4.0,+-0.939012,20,42,numpy float64 on quantized inputs,16,format_bound(c*LSB*(L+4)+0.01*peak),4.76837e-06,20,2048,0.0023765344508452912,5.178649890251104e-05,0.00010037673597140277,93.1024452030696,2.212471779247161e-05,0.0024630696253788997,2048.0,0,0.96943359375,5049835.558156396,0,,,,,,,1055.0,
ops/llm/mha__rope0_grouped,llm,mha,rope0_grouped,float,,csim,ok,sweep(window),0.001,5.792618751480208,2.8963093757401035,exceeds bound,,design,20,42,numpy float64 on float32 inputs,16,"float(rtol,atol_scale)",,20,2048,0.00020265860076218445,3.013172394092252e-06,8.565316405185028e-06,115.6434592923428,1.651304009422126e-06,,,,,,,,,,,,,1100.4,
ops/llm/mha__rope0_grouped,llm,mha,rope0_grouped,"fixed<16,5>",TRN/WRAP,csim,no_faithful_range,sweep(none),,,,,0.7071,,20,42,numpy float64 on quantized inputs,16,format_bound(c*LSB*(L+4)+0.01*peak),0.00976562,,,,,,,,,,,,,,,,,,,,895.1,no grid point was faithful
ops/llm/mha__rope0_grouped,llm,mha,rope0_grouped,"fixed<32,10>",TRN/WRAP,csim,ok,sweep(window),0.03200000000000002,0.9390121402415846,0.9805857594353408,,4.0,+-0.939012,20,42,numpy float64 on quantized inputs,16,format_bound(c*LSB*(L+4)+0.01*peak),4.76837e-06,20,2048,0.0023765344508452912,5.178649890251104e-05,0.00010037673597140277,93.1024452030696,2.212471779247161e-05,0.0024630696253788997,2048.0,0,0.96943359375,5049835.558156396,0,,,,,,,1046.0,
ops/llm/mha__rope1_dense,llm,mha,rope1_dense,float,,csim,ok,sweep(unbounded),0.001,741.4552001894673,,,,design,20,42,numpy float64 on float32 inputs,16,"float(rtol,atol_scale)",,20,2048,0.00023468373314994295,2.807049854208006e-06,8.147092032241444e-06,116.0917877017208,1.5682330957972759e-06,,,,,,,,,,,,,1072.5,
ops/llm/mha__rope1_dense,llm,mha,rope1_dense,"fixed<16,5>",TRN/WRAP,csim,no_faithful_range,sweep(none),,,,,0.7071,,20,42,numpy float64 on quantized inputs,16,format_bound(c*LSB*(L+4)+0.01*peak),0.00976562,,,,,,,,,,,,,,,,,,,,932.9,no grid point was faithful
ops/llm/mha__rope1_dense,llm,mha,rope1_dense,"fixed<32,10>",TRN/WRAP,csim,ok,sweep(window),0.03200000000000002,0.82402164658432,1.0240000000000014,exceeds bound,4.0,+-0.824022,20,42,numpy float64 on quantized inputs,16,format_bound(c*LSB*(L+4)+0.01*peak),4.76837e-06,20,2048,0.0014446055583403616,5.07717065725086e-05,8.52230895959814e-05,92.04359516257456,2.4993106619296728e-05,0.0015068190978602125,2048.0,0,0.9693359375,5049835.558156396,0,,,,,,,1075.3,
ops/llm/mha__rope1_grouped,llm,mha,rope1_grouped,float,,csim,ok,sweep(unbounded),0.001,741.4552001894673,,,,design,20,42,numpy float64 on float32 inputs,16,"float(rtol,atol_scale)",,20,2048,0.00023468373314994295,2.807049854208006e-06,8.147092032241444e-06,116.0917877017208,1.5682330957972759e-06,,,,,,,,,,,,,1055.9,
ops/llm/mha__rope1_grouped,llm,mha,rope1_grouped,"fixed<16,5>",TRN/WRAP,csim,no_faithful_range,sweep(none),,,,,0.7071,,20,42,numpy float64 on quantized inputs,16,format_bound(c*LSB*(L+4)+0.01*peak),0.00976562,,,,,,,,,,,,,,,,,,,,919.8,no grid point was faithful
ops/llm/mha__rope1_grouped,llm,mha,rope1_grouped,"fixed<32,10>",TRN/WRAP,csim,ok,sweep(window),0.03200000000000002,0.82402164658432,1.0240000000000014,exceeds bound,4.0,+-0.824022,20,42,numpy float64 on quantized inputs,16,format_bound(c*LSB*(L+4)+0.01*peak),4.76837e-06,20,2048,0.0014446055583403616,5.07717065725086e-05,8.52230895959814e-05,92.04359516257456,2.4993106619296728e-05,0.0015068190978602125,2048.0,0,0.9693359375,5049835.558156396,0,,,,,,,1070.5,
ops/llm/rmsnorm,llm,rmsnorm,,float,,csim,ok,sweep(unbounded),0.001,741.4552001894673,,,,design,20,42,numpy float64 on float32 inputs,32,"float(rtol,atol_scale)",,20,256,2.772708544984681e-07,2.336118177661086e-08,3.81520426085203e-08,143.5563535842711,6.640217742966512e-08,,,,,,,,,,,,,960.7,
ops/llm/rmsnorm,llm,rmsnorm,,"fixed<16,5>",TRN/WRAP,csim,ok,sweep(window),0.001,0.898601977483759,1.1166799182492253,,0.5,+-0.898602,20,42,numpy float64 on quantized inputs,32,format_bound(c*LSB*(L+4)+0.01*peak),0.0175781,20,256,0.003571374323329657,0.0005601980604303169,0.0007334785220560589,56.91999655909488,0.0014256081583550967,0.003918603419948319,64.0,0,,0.0,5,,,,,,,820.3,
ops/llm/rmsnorm,llm,rmsnorm,,"fixed<32,10>",TRN/WRAP,csim,ok,sweep(window),0.001,5.792618751480207,6.049079893768199,,2.8284,+-5.79262,20,42,numpy float64 on quantized inputs,32,format_bound(c*LSB*(L+4)+0.01*peak),8.58307e-06,20,256,8.182969164494125e-07,1.3563149532652453e-07,1.6434248076281841e-07,146.2558794916672,4.866380076588869e-08,1.0530650209616965e-06,2048.0,0,,0.0,5,,,,,,,864.9,
ops/llm/swa__rope0,llm,swa,rope0,float,,csim,ok,sweep(unbounded),0.001,741.4552001894673,,,,design,20,42,numpy float64 on float32 inputs,16,"float(rtol,atol_scale)",,20,256,3.0879084401691514e-06,2.630298537156491e-07,3.867425390866245e-07,131.65115077256291,2.6148239934655623e-07,,,,,,,,,,,,,917.6,
ops/llm/swa__rope0,llm,swa,rope0,"fixed<16,5>",TRN/WRAP,csim,ok,sweep(window),0.001,0.0019973357282297797,0.0029536522918789995,exceeds bound,0.7071,+-0.00199734,20,42,numpy float64 on quantized inputs,16,format_bound(c*LSB*(L+4)+0.01*peak),0.00976562,20,256,0.00976061820983868,0.007214096119693895,0.00725455779267142,-65.09380827060784,1797.589048397293,0.009758746058462846,64.0,0,0.96640625,1677.4424138069153,0,,,,,,,487.1,
ops/llm/swa__rope0,llm,swa,rope0,"fixed<32,10>",TRN/WRAP,csim,ok,sweep(window),0.005656854249492383,1.4471897970080756,1.7984022122222614,,4.0,+-1.44719,20,42,numpy float64 on quantized inputs,16,format_bound(c*LSB*(L+4)+0.01*peak),4.76837e-06,20,256,8.770262515467309e-05,6.047390596046374e-06,9.529492518032556e-06,111.75522046635164,2.5836815068482734e-06,0.0001132008720849953,2048.0,0,0.965625,1706519.4370404806,0,,,,,,,857.3,
ops/llm/swa__rope1,llm,swa,rope1,float,,csim,ok,sweep(unbounded),0.001,741.4552001894673,,,,design,20,42,numpy float64 on float32 inputs,16,"float(rtol,atol_scale)",,20,256,2.839183324665484e-06,2.592441065596444e-07,3.8191366204927874e-07,131.90334827577593,2.5399933887383636e-07,,,,,,,,,,,,,893.7,
ops/llm/swa__rope1,llm,swa,rope1,"fixed<16,5>",TRN/WRAP,csim,ok,sweep(window),0.001,0.0019973357282297797,0.0029536522918789995,exceeds bound,0.7071,+-0.00199734,20,42,numpy float64 on quantized inputs,16,format_bound(c*LSB*(L+4)+0.01*peak),0.00976562,20,256,0.009760618209838548,0.0072140961196938925,0.007254557792671417,-65.09380827062019,1797.5890483998512,0.009758746058462857,64.0,0,0.96796875,1677.5312809944153,0,,,,,,,485.3,
ops/llm/swa__rope1,llm,swa,rope1,"fixed<32,10>",TRN/WRAP,csim,ok,sweep(window),0.005656854249492383,1.72215585843961,1.7984022122222614,exceeds bound,4.0,+-1.72216,20,42,numpy float64 on quantized inputs,16,format_bound(c*LSB*(L+4)+0.01*peak),4.76837e-06,20,256,0.0001966153160222195,6.397573477509602e-06,1.2906259736456516e-05,112.38066090981336,2.404179858871247e-06,0.00027925916539839335,2048.0,0,0.96640625,1706299.6733399953,0,,,,,,,785.9,
